stuid,sname,stu_year,phone,email,deptid,advisor_pid
100001,더미학생00001,2,010-9000-0001,dummy00001@jnu.ac.kr,2,2
100002,더미학생00002,3,010-9000-0002,dummy00002@jnu.ac.kr,3,3
100003,더미학생00003,4,010-9000-0003,dummy00003@jnu.ac.kr,4,4
100004,더미학생00004,1,010-9000-0004,dummy00004@jnu.ac.kr,5,5
100005,더미학생00005,2,010-9000-0005,dummy00005@jnu.ac.kr,6,6
100006,더미학생00006,3,010-9000-0006,dummy00006@jnu.ac.kr,1,7
100007,더미학생00007,4,010-9000-0007,dummy00007@jnu.ac.kr,2,8
100008,더미학생00008,1,010-9000-0008,dummy00008@jnu.ac.kr,3,1
100009,더미학생00009,2,010-9000-0009,dummy00009@jnu.ac.kr,4,2
100010,더미학생00010,3,010-9000-0010,dummy00010@jnu.ac.kr,5,3
100011,더미학생00011,4,010-9000-0011,dummy00011@jnu.ac.kr,6,4
100012,더미학생00012,1,010-9000-0012,dummy00012@jnu.ac.kr,1,5
100013,더미학생00013,2,010-9000-0013,dummy00013@jnu.ac.kr,2,6
100014,더미학생00014,3,010-9000-0014,dummy00014@jnu.ac.kr,3,7
100015,더미학생00015,4,010-9000-0015,dummy00015@jnu.ac.kr,4,8
100016,더미학생00016,1,010-9000-0016,dummy00016@jnu.ac.kr,5,1
100017,더미학생00017,2,010-9000-0017,dummy00017@jnu.ac.kr,6,2
100018,더미학생00018,3,010-9000-0018,dummy00018@jnu.ac.kr,1,3
100019,더미학생00019,4,010-9000-0019,dummy00019@jnu.ac.kr,2,4
100020,더미학생00020,1,010-9000-0020,dummy00020@jnu.ac.kr,3,5
100021,더미학생00021,2,010-9000-0021,dummy00021@jnu.ac.kr,4,6
100022,더미학생00022,3,010-9000-0022,dummy00022@jnu.ac.kr,5,7
100023,더미학생00023,4,010-9000-0023,dummy00023@jnu.ac.kr,6,8
100024,더미학생00024,1,010-9000-0024,dummy00024@jnu.ac.kr,1,1
100025,더미학생00025,2,010-9000-0025,dummy00025@jnu.ac.kr,2,2
100026,더미학생00026,3,010-9000-0026,dummy00026@jnu.ac.kr,3,3
100027,더미학생00027,4,010-9000-0027,dummy00027@jnu.ac.kr,4,4
100028,더미학생00028,1,010-9000-0028,dummy00028@jnu.ac.kr,5,5
100029,더미학생00029,2,010-9000-0029,dummy00029@jnu.ac.kr,6,6
100030,더미학생00030,3,010-9000-0030,dummy00030@jnu.ac.kr,1,7
100031,더미학생00031,4,010-9000-0031,dummy00031@jnu.ac.kr,2,8
100032,더미학생00032,1,010-9000-0032,dummy00032@jnu.ac.kr,3,1
100033,더미학생00033,2,010-9000-0033,dummy00033@jnu.ac.kr,4,2
100034,더미학생00034,3,010-9000-0034,dummy00034@jnu.ac.kr,5,3
100035,더미학생00035,4,010-9000-0035,dummy00035@jnu.ac.kr,6,4
100036,더미학생00036,1,010-9000-0036,dummy00036@jnu.ac.kr,1,5
100037,더미학생00037,2,010-9000-0037,dummy00037@jnu.ac.kr,2,6
100038,더미학생00038,3,010-9000-0038,dummy00038@jnu.ac.kr,3,7
100039,더미학생00039,4,010-9000-0039,dummy00039@jnu.ac.kr,4,8
100040,더미학생00040,1,010-9000-0040,dummy00040@jnu.ac.kr,5,1
100041,더미학생00041,2,010-9000-0041,dummy00041@jnu.ac.kr,6,2
100042,더미학생00042,3,010-9000-0042,dummy00042@jnu.ac.kr,1,3
100043,더미학생00043,4,010-9000-0043,dummy00043@jnu.ac.kr,2,4
100044,더미학생00044,1,010-9000-0044,dummy00044@jnu.ac.kr,3,5
100045,더미학생00045,2,010-9000-0045,dummy00045@jnu.ac.kr,4,6
100046,더미학생00046,3,010-9000-0046,dummy00046@jnu.ac.kr,5,7
100047,더미학생00047,4,010-9000-0047,dummy00047@jnu.ac.kr,6,8
100048,더미학생00048,1,010-9000-0048,dummy00048@jnu.ac.kr,1,1
100049,더미학생00049,2,010-9000-0049,dummy00049@jnu.ac.kr,2,2
100050,더미학생00050,3,010-9000-0050,dummy00050@jnu.ac.kr,3,3
100051,더미학생00051,4,010-9000-0051,dummy00051@jnu.ac.kr,4,4
100052,더미학생00052,1,010-9000-0052,dummy00052@jnu.ac.kr,5,5
100053,더미학생00053,2,010-9000-0053,dummy00053@jnu.ac.kr,6,6
100054,더미학생00054,3,010-9000-0054,dummy00054@jnu.ac.kr,1,7
100055,더미학생00055,4,010-9000-0055,dummy00055@jnu.ac.kr,2,8
100056,더미학생00056,1,010-9000-0056,dummy00056@jnu.ac.kr,3,1
100057,더미학생00057,2,010-9000-0057,dummy00057@jnu.ac.kr,4,2
100058,더미학생00058,3,010-9000-0058,dummy00058@jnu.ac.kr,5,3
100059,더미학생00059,4,010-9000-0059,dummy00059@jnu.ac.kr,6,4
100060,더미학생00060,1,010-9000-0060,dummy00060@jnu.ac.kr,1,5
100061,더미학생00061,2,010-9000-0061,dummy00061@jnu.ac.kr,2,6
100062,더미학생00062,3,010-9000-0062,dummy00062@jnu.ac.kr,3,7
100063,더미학생00063,4,010-9000-0063,dummy00063@jnu.ac.kr,4,8
100064,더미학생00064,1,010-9000-0064,dummy00064@jnu.ac.kr,5,1
100065,더미학생00065,2,010-9000-0065,dummy00065@jnu.ac.kr,6,2
100066,더미학생00066,3,010-9000-0066,dummy00066@jnu.ac.kr,1,3
100067,더미학생00067,4,010-9000-0067,dummy00067@jnu.ac.kr,2,4
100068,더미학생00068,1,010-9000-0068,dummy00068@jnu.ac.kr,3,5
100069,더미학생00069,2,010-9000-0069,dummy00069@jnu.ac.kr,4,6
100070,더미학생00070,3,010-9000-0070,dummy00070@jnu.ac.kr,5,7
100071,더미학생00071,4,010-9000-0071,dummy00071@jnu.ac.kr,6,8
100072,더미학생00072,1,010-9000-0072,dummy00072@jnu.ac.kr,1,1
100073,더미학생00073,2,010-9000-0073,dummy00073@jnu.ac.kr,2,2
100074,더미학생00074,3,010-9000-0074,dummy00074@jnu.ac.kr,3,3
100075,더미학생00075,4,010-9000-0075,dummy00075@jnu.ac.kr,4,4
100076,더미학생00076,1,010-9000-0076,dummy00076@jnu.ac.kr,5,5
100077,더미학생00077,2,010-9000-0077,dummy00077@jnu.ac.kr,6,6
100078,더미학생00078,3,010-9000-0078,dummy00078@jnu.ac.kr,1,7
100079,더미학생00079,4,010-9000-0079,dummy00079@jnu.ac.kr,2,8
100080,더미학생00080,1,010-9000-0080,dummy00080@jnu.ac.kr,3,1
100081,더미학생00081,2,010-9000-0081,dummy00081@jnu.ac.kr,4,2
100082,더미학생00082,3,010-9000-0082,dummy00082@jnu.ac.kr,5,3
100083,더미학생00083,4,010-9000-0083,dummy00083@jnu.ac.kr,6,4
100084,더미학생00084,1,010-9000-0084,dummy00084@jnu.ac.kr,1,5
100085,더미학생00085,2,010-9000-0085,dummy00085@jnu.ac.kr,2,6
100086,더미학생00086,3,010-9000-0086,dummy00086@jnu.ac.kr,3,7
100087,더미학생00087,4,010-9000-0087,dummy00087@jnu.ac.kr,4,8
100088,더미학생00088,1,010-9000-0088,dummy00088@jnu.ac.kr,5,1
100089,더미학생00089,2,010-9000-0089,dummy00089@jnu.ac.kr,6,2
100090,더미학생00090,3,010-9000-0090,dummy00090@jnu.ac.kr,1,3
100091,더미학생00091,4,010-9000-0091,dummy00091@jnu.ac.kr,2,4
100092,더미학생00092,1,010-9000-0092,dummy00092@jnu.ac.kr,3,5
100093,더미학생00093,2,010-9000-0093,dummy00093@jnu.ac.kr,4,6
100094,더미학생00094,3,010-9000-0094,dummy00094@jnu.ac.kr,5,7
100095,더미학생00095,4,010-9000-0095,dummy00095@jnu.ac.kr,6,8
100096,더미학생00096,1,010-9000-0096,dummy00096@jnu.ac.kr,1,1
100097,더미학생00097,2,010-9000-0097,dummy00097@jnu.ac.kr,2,2
100098,더미학생00098,3,010-9000-0098,dummy00098@jnu.ac.kr,3,3
100099,더미학생00099,4,010-9000-0099,dummy00099@jnu.ac.kr,4,4
100100,더미학생00100,1,010-9001-0100,dummy00100@jnu.ac.kr,5,5
100101,더미학생00101,2,010-9001-0101,dummy00101@jnu.ac.kr,6,6
100102,더미학생00102,3,010-9001-0102,dummy00102@jnu.ac.kr,1,7
100103,더미학생00103,4,010-9001-0103,dummy00103@jnu.ac.kr,2,8
100104,더미학생00104,1,010-9001-0104,dummy00104@jnu.ac.kr,3,1
100105,더미학생00105,2,010-9001-0105,dummy00105@jnu.ac.kr,4,2
100106,더미학생00106,3,010-9001-0106,dummy00106@jnu.ac.kr,5,3
100107,더미학생00107,4,010-9001-0107,dummy00107@jnu.ac.kr,6,4
100108,더미학생00108,1,010-9001-0108,dummy00108@jnu.ac.kr,1,5
100109,더미학생00109,2,010-9001-0109,dummy00109@jnu.ac.kr,2,6
100110,더미학생00110,3,010-9001-0110,dummy00110@jnu.ac.kr,3,7
100111,더미학생00111,4,010-9001-0111,dummy00111@jnu.ac.kr,4,8
100112,더미학생00112,1,010-9001-0112,dummy00112@jnu.ac.kr,5,1
100113,더미학생00113,2,010-9001-0113,dummy00113@jnu.ac.kr,6,2
100114,더미학생00114,3,010-9001-0114,dummy00114@jnu.ac.kr,1,3
100115,더미학생00115,4,010-9001-0115,dummy00115@jnu.ac.kr,2,4
100116,더미학생00116,1,010-9001-0116,dummy00116@jnu.ac.kr,3,5
100117,더미학생00117,2,010-9001-0117,dummy00117@jnu.ac.kr,4,6
100118,더미학생00118,3,010-9001-0118,dummy00118@jnu.ac.kr,5,7
100119,더미학생00119,4,010-9001-0119,dummy00119@jnu.ac.kr,6,8
100120,더미학생00120,1,010-9001-0120,dummy00120@jnu.ac.kr,1,1
100121,더미학생00121,2,010-9001-0121,dummy00121@jnu.ac.kr,2,2
100122,더미학생00122,3,010-9001-0122,dummy00122@jnu.ac.kr,3,3
100123,더미학생00123,4,010-9001-0123,dummy00123@jnu.ac.kr,4,4
100124,더미학생00124,1,010-9001-0124,dummy00124@jnu.ac.kr,5,5
100125,더미학생00125,2,010-9001-0125,dummy00125@jnu.ac.kr,6,6
100126,더미학생00126,3,010-9001-0126,dummy00126@jnu.ac.kr,1,7
100127,더미학생00127,4,010-9001-0127,dummy00127@jnu.ac.kr,2,8
100128,더미학생00128,1,010-9001-0128,dummy00128@jnu.ac.kr,3,1
100129,더미학생00129,2,010-9001-0129,dummy00129@jnu.ac.kr,4,2
100130,더미학생00130,3,010-9001-0130,dummy00130@jnu.ac.kr,5,3
100131,더미학생00131,4,010-9001-0131,dummy00131@jnu.ac.kr,6,4
100132,더미학생00132,1,010-9001-0132,dummy00132@jnu.ac.kr,1,5
100133,더미학생00133,2,010-9001-0133,dummy00133@jnu.ac.kr,2,6
100134,더미학생00134,3,010-9001-0134,dummy00134@jnu.ac.kr,3,7
100135,더미학생00135,4,010-9001-0135,dummy00135@jnu.ac.kr,4,8
100136,더미학생00136,1,010-9001-0136,dummy00136@jnu.ac.kr,5,1
100137,더미학생00137,2,010-9001-0137,dummy00137@jnu.ac.kr,6,2
100138,더미학생00138,3,010-9001-0138,dummy00138@jnu.ac.kr,1,3
100139,더미학생00139,4,010-9001-0139,dummy00139@jnu.ac.kr,2,4
100140,더미학생00140,1,010-9001-0140,dummy00140@jnu.ac.kr,3,5
100141,더미학생00141,2,010-9001-0141,dummy00141@jnu.ac.kr,4,6
100142,더미학생00142,3,010-9001-0142,dummy00142@jnu.ac.kr,5,7
100143,더미학생00143,4,010-9001-0143,dummy00143@jnu.ac.kr,6,8
100144,더미학생00144,1,010-9001-0144,dummy00144@jnu.ac.kr,1,1
100145,더미학생00145,2,010-9001-0145,dummy00145@jnu.ac.kr,2,2
100146,더미학생00146,3,010-9001-0146,dummy00146@jnu.ac.kr,3,3
100147,더미학생00147,4,010-9001-0147,dummy00147@jnu.ac.kr,4,4
100148,더미학생00148,1,010-9001-0148,dummy00148@jnu.ac.kr,5,5
100149,더미학생00149,2,010-9001-0149,dummy00149@jnu.ac.kr,6,6
100150,더미학생00150,3,010-9001-0150,dummy00150@jnu.ac.kr,1,7
100151,더미학생00151,4,010-9001-0151,dummy00151@jnu.ac.kr,2,8
100152,더미학생00152,1,010-9001-0152,dummy00152@jnu.ac.kr,3,1
100153,더미학생00153,2,010-9001-0153,dummy00153@jnu.ac.kr,4,2
100154,더미학생00154,3,010-9001-0154,dummy00154@jnu.ac.kr,5,3
100155,더미학생00155,4,010-9001-0155,dummy00155@jnu.ac.kr,6,4
100156,더미학생00156,1,010-9001-0156,dummy00156@jnu.ac.kr,1,5
100157,더미학생00157,2,010-9001-0157,dummy00157@jnu.ac.kr,2,6
100158,더미학생00158,3,010-9001-0158,dummy00158@jnu.ac.kr,3,7
100159,더미학생00159,4,010-9001-0159,dummy00159@jnu.ac.kr,4,8
100160,더미학생00160,1,010-9001-0160,dummy00160@jnu.ac.kr,5,1
100161,더미학생00161,2,010-9001-0161,dummy00161@jnu.ac.kr,6,2
100162,더미학생00162,3,010-9001-0162,dummy00162@jnu.ac.kr,1,3
100163,더미학생00163,4,010-9001-0163,dummy00163@jnu.ac.kr,2,4
100164,더미학생00164,1,010-9001-0164,dummy00164@jnu.ac.kr,3,5
100165,더미학생00165,2,010-9001-0165,dummy00165@jnu.ac.kr,4,6
100166,더미학생00166,3,010-9001-0166,dummy00166@jnu.ac.kr,5,7
100167,더미학생00167,4,010-9001-0167,dummy00167@jnu.ac.kr,6,8
100168,더미학생00168,1,010-9001-0168,dummy00168@jnu.ac.kr,1,1
100169,더미학생00169,2,010-9001-0169,dummy00169@jnu.ac.kr,2,2
100170,더미학생00170,3,010-9001-0170,dummy00170@jnu.ac.kr,3,3
100171,더미학생00171,4,010-9001-0171,dummy00171@jnu.ac.kr,4,4
100172,더미학생00172,1,010-9001-0172,dummy00172@jnu.ac.kr,5,5
100173,더미학생00173,2,010-9001-0173,dummy00173@jnu.ac.kr,6,6
100174,더미학생00174,3,010-9001-0174,dummy00174@jnu.ac.kr,1,7
100175,더미학생00175,4,010-9001-0175,dummy00175@jnu.ac.kr,2,8
100176,더미학생00176,1,010-9001-0176,dummy00176@jnu.ac.kr,3,1
100177,더미학생00177,2,010-9001-0177,dummy00177@jnu.ac.kr,4,2
100178,더미학생00178,3,010-9001-0178,dummy00178@jnu.ac.kr,5,3
100179,더미학생00179,4,010-9001-0179,dummy00179@jnu.ac.kr,6,4
100180,더미학생00180,1,010-9001-0180,dummy00180@jnu.ac.kr,1,5
100181,더미학생00181,2,010-9001-0181,dummy00181@jnu.ac.kr,2,6
100182,더미학생00182,3,010-9001-0182,dummy00182@jnu.ac.kr,3,7
100183,더미학생00183,4,010-9001-0183,dummy00183@jnu.ac.kr,4,8
100184,더미학생00184,1,010-9001-0184,dummy00184@jnu.ac.kr,5,1
100185,더미학생00185,2,010-9001-0185,dummy00185@jnu.ac.kr,6,2
100186,더미학생00186,3,010-9001-0186,dummy00186@jnu.ac.kr,1,3
100187,더미학생00187,4,010-9001-0187,dummy00187@jnu.ac.kr,2,4
100188,더미학생00188,1,010-9001-0188,dummy00188@jnu.ac.kr,3,5
100189,더미학생00189,2,010-9001-0189,dummy00189@jnu.ac.kr,4,6
100190,더미학생00190,3,010-9001-0190,dummy00190@jnu.ac.kr,5,7
100191,더미학생00191,4,010-9001-0191,dummy00191@jnu.ac.kr,6,8
100192,더미학생00192,1,010-9001-0192,dummy00192@jnu.ac.kr,1,1
100193,더미학생00193,2,010-9001-0193,dummy00193@jnu.ac.kr,2,2
100194,더미학생00194,3,010-9001-0194,dummy00194@jnu.ac.kr,3,3
100195,더미학생00195,4,010-9001-0195,dummy00195@jnu.ac.kr,4,4
100196,더미학생00196,1,010-9001-0196,dummy00196@jnu.ac.kr,5,5
100197,더미학생00197,2,010-9001-0197,dummy00197@jnu.ac.kr,6,6
100198,더미학생00198,3,010-9001-0198,dummy00198@jnu.ac.kr,1,7
100199,더미학생00199,4,010-9001-0199,dummy00199@jnu.ac.kr,2,8
100200,더미학생00200,1,010-9002-0200,dummy00200@jnu.ac.kr,3,1
100201,더미학생00201,2,010-9002-0201,dummy00201@jnu.ac.kr,4,2
100202,더미학생00202,3,010-9002-0202,dummy00202@jnu.ac.kr,5,3
100203,더미학생00203,4,010-9002-0203,dummy00203@jnu.ac.kr,6,4
100204,더미학생00204,1,010-9002-0204,dummy00204@jnu.ac.kr,1,5
100205,더미학생00205,2,010-9002-0205,dummy00205@jnu.ac.kr,2,6
100206,더미학생00206,3,010-9002-0206,dummy00206@jnu.ac.kr,3,7
100207,더미학생00207,4,010-9002-0207,dummy00207@jnu.ac.kr,4,8
100208,더미학생00208,1,010-9002-0208,dummy00208@jnu.ac.kr,5,1
100209,더미학생00209,2,010-9002-0209,dummy00209@jnu.ac.kr,6,2
100210,더미학생00210,3,010-9002-0210,dummy00210@jnu.ac.kr,1,3
100211,더미학생00211,4,010-9002-0211,dummy00211@jnu.ac.kr,2,4
100212,더미학생00212,1,010-9002-0212,dummy00212@jnu.ac.kr,3,5
100213,더미학생00213,2,010-9002-0213,dummy00213@jnu.ac.kr,4,6
100214,더미학생00214,3,010-9002-0214,dummy00214@jnu.ac.kr,5,7
100215,더미학생00215,4,010-9002-0215,dummy00215@jnu.ac.kr,6,8
100216,더미학생00216,1,010-9002-0216,dummy00216@jnu.ac.kr,1,1
100217,더미학생00217,2,010-9002-0217,dummy00217@jnu.ac.kr,2,2
100218,더미학생00218,3,010-9002-0218,dummy00218@jnu.ac.kr,3,3
100219,더미학생00219,4,010-9002-0219,dummy00219@jnu.ac.kr,4,4
100220,더미학생00220,1,010-9002-0220,dummy00220@jnu.ac.kr,5,5
100221,더미학생00221,2,010-9002-0221,dummy00221@jnu.ac.kr,6,6
100222,더미학생00222,3,010-9002-0222,dummy00222@jnu.ac.kr,1,7
100223,더미학생00223,4,010-9002-0223,dummy00223@jnu.ac.kr,2,8
100224,더미학생00224,1,010-9002-0224,dummy00224@jnu.ac.kr,3,1
100225,더미학생00225,2,010-9002-0225,dummy00225@jnu.ac.kr,4,2
100226,더미학생00226,3,010-9002-0226,dummy00226@jnu.ac.kr,5,3
100227,더미학생00227,4,010-9002-0227,dummy00227@jnu.ac.kr,6,4
100228,더미학생00228,1,010-9002-0228,dummy00228@jnu.ac.kr,1,5
100229,더미학생00229,2,010-9002-0229,dummy00229@jnu.ac.kr,2,6
100230,더미학생00230,3,010-9002-0230,dummy00230@jnu.ac.kr,3,7
100231,더미학생00231,4,010-9002-0231,dummy00231@jnu.ac.kr,4,8
100232,더미학생00232,1,010-9002-0232,dummy00232@jnu.ac.kr,5,1
100233,더미학생00233,2,010-9002-0233,dummy00233@jnu.ac.kr,6,2
100234,더미학생00234,3,010-9002-0234,dummy00234@jnu.ac.kr,1,3
100235,더미학생00235,4,010-9002-0235,dummy00235@jnu.ac.kr,2,4
100236,더미학생00236,1,010-9002-0236,dummy00236@jnu.ac.kr,3,5
100237,더미학생00237,2,010-9002-0237,dummy00237@jnu.ac.kr,4,6
100238,더미학생00238,3,010-9002-0238,dummy00238@jnu.ac.kr,5,7
100239,더미학생00239,4,010-9002-0239,dummy00239@jnu.ac.kr,6,8
100240,더미학생00240,1,010-9002-0240,dummy00240@jnu.ac.kr,1,1
100241,더미학생00241,2,010-9002-0241,dummy00241@jnu.ac.kr,2,2
100242,더미학생00242,3,010-9002-0242,dummy00242@jnu.ac.kr,3,3
100243,더미학생00243,4,010-9002-0243,dummy00243@jnu.ac.kr,4,4
100244,더미학생00244,1,010-9002-0244,dummy00244@jnu.ac.kr,5,5
100245,더미학생00245,2,010-9002-0245,dummy00245@jnu.ac.kr,6,6
100246,더미학생00246,3,010-9002-0246,dummy00246@jnu.ac.kr,1,7
100247,더미학생00247,4,010-9002-0247,dummy00247@jnu.ac.kr,2,8
100248,더미학생00248,1,010-9002-0248,dummy00248@jnu.ac.kr,3,1
100249,더미학생00249,2,010-9002-0249,dummy00249@jnu.ac.kr,4,2
100250,더미학생00250,3,010-9002-0250,dummy00250@jnu.ac.kr,5,3
100251,더미학생00251,4,010-9002-0251,dummy00251@jnu.ac.kr,6,4
100252,더미학생00252,1,010-9002-0252,dummy00252@jnu.ac.kr,1,5
100253,더미학생00253,2,010-9002-0253,dummy00253@jnu.ac.kr,2,6
100254,더미학생00254,3,010-9002-0254,dummy00254@jnu.ac.kr,3,7
100255,더미학생00255,4,010-9002-0255,dummy00255@jnu.ac.kr,4,8
100256,더미학생00256,1,010-9002-0256,dummy00256@jnu.ac.kr,5,1
100257,더미학생00257,2,010-9002-0257,dummy00257@jnu.ac.kr,6,2
100258,더미학생00258,3,010-9002-0258,dummy00258@jnu.ac.kr,1,3
100259,더미학생00259,4,010-9002-0259,dummy00259@jnu.ac.kr,2,4
100260,더미학생00260,1,010-9002-0260,dummy00260@jnu.ac.kr,3,5
100261,더미학생00261,2,010-9002-0261,dummy00261@jnu.ac.kr,4,6
100262,더미학생00262,3,010-9002-0262,dummy00262@jnu.ac.kr,5,7
100263,더미학생00263,4,010-9002-0263,dummy00263@jnu.ac.kr,6,8
100264,더미학생00264,1,010-9002-0264,dummy00264@jnu.ac.kr,1,1
100265,더미학생00265,2,010-9002-0265,dummy00265@jnu.ac.kr,2,2
100266,더미학생00266,3,010-9002-0266,dummy00266@jnu.ac.kr,3,3
100267,더미학생00267,4,010-9002-0267,dummy00267@jnu.ac.kr,4,4
100268,더미학생00268,1,010-9002-0268,dummy00268@jnu.ac.kr,5,5
100269,더미학생00269,2,010-9002-0269,dummy00269@jnu.ac.kr,6,6
100270,더미학생00270,3,010-9002-0270,dummy00270@jnu.ac.kr,1,7
100271,더미학생00271,4,010-9002-0271,dummy00271@jnu.ac.kr,2,8
100272,더미학생00272,1,010-9002-0272,dummy00272@jnu.ac.kr,3,1
100273,더미학생00273,2,010-9002-0273,dummy00273@jnu.ac.kr,4,2
100274,더미학생00274,3,010-9002-0274,dummy00274@jnu.ac.kr,5,3
100275,더미학생00275,4,010-9002-0275,dummy00275@jnu.ac.kr,6,4
100276,더미학생00276,1,010-9002-0276,dummy00276@jnu.ac.kr,1,5
100277,더미학생00277,2,010-9002-0277,dummy00277@jnu.ac.kr,2,6
100278,더미학생00278,3,010-9002-0278,dummy00278@jnu.ac.kr,3,7
100279,더미학생00279,4,010-9002-0279,dummy00279@jnu.ac.kr,4,8
100280,더미학생00280,1,010-9002-0280,dummy00280@jnu.ac.kr,5,1
100281,더미학생00281,2,010-9002-0281,dummy00281@jnu.ac.kr,6,2
100282,더미학생00282,3,010-9002-0282,dummy00282@jnu.ac.kr,1,3
100283,더미학생00283,4,010-9002-0283,dummy00283@jnu.ac.kr,2,4
100284,더미학생00284,1,010-9002-0284,dummy00284@jnu.ac.kr,3,5
100285,더미학생00285,2,010-9002-0285,dummy00285@jnu.ac.kr,4,6
100286,더미학생00286,3,010-9002-0286,dummy00286@jnu.ac.kr,5,7
100287,더미학생00287,4,010-9002-0287,dummy00287@jnu.ac.kr,6,8
100288,더미학생00288,1,010-9002-0288,dummy00288@jnu.ac.kr,1,1
100289,더미학생00289,2,010-9002-0289,dummy00289@jnu.ac.kr,2,2
100290,더미학생00290,3,010-9002-0290,dummy00290@jnu.ac.kr,3,3
100291,더미학생00291,4,010-9002-0291,dummy00291@jnu.ac.kr,4,4
100292,더미학생00292,1,010-9002-0292,dummy00292@jnu.ac.kr,5,5
100293,더미학생00293,2,010-9002-0293,dummy00293@jnu.ac.kr,6,6
100294,더미학생00294,3,010-9002-0294,dummy00294@jnu.ac.kr,1,7
100295,더미학생00295,4,010-9002-0295,dummy00295@jnu.ac.kr,2,8
100296,더미학생00296,1,010-9002-0296,dummy00296@jnu.ac.kr,3,1
100297,더미학생00297,2,010-9002-0297,dummy00297@jnu.ac.kr,4,2
100298,더미학생00298,3,010-9002-0298,dummy00298@jnu.ac.kr,5,3
100299,더미학생00299,4,010-9002-0299,dummy00299@jnu.ac.kr,6,4
100300,더미학생00300,1,010-9003-0300,dummy00300@jnu.ac.kr,1,5
100301,더미학생00301,2,010-9003-0301,dummy00301@jnu.ac.kr,2,6
100302,더미학생00302,3,010-9003-0302,dummy00302@jnu.ac.kr,3,7
100303,더미학생00303,4,010-9003-0303,dummy00303@jnu.ac.kr,4,8
100304,더미학생00304,1,010-9003-0304,dummy00304@jnu.ac.kr,5,1
100305,더미학생00305,2,010-9003-0305,dummy00305@jnu.ac.kr,6,2
100306,더미학생00306,3,010-9003-0306,dummy00306@jnu.ac.kr,1,3
100307,더미학생00307,4,010-9003-0307,dummy00307@jnu.ac.kr,2,4
100308,더미학생00308,1,010-9003-0308,dummy00308@jnu.ac.kr,3,5
100309,더미학생00309,2,010-9003-0309,dummy00309@jnu.ac.kr,4,6
100310,더미학생00310,3,010-9003-0310,dummy00310@jnu.ac.kr,5,7
100311,더미학생00311,4,010-9003-0311,dummy00311@jnu.ac.kr,6,8
100312,더미학생00312,1,010-9003-0312,dummy00312@jnu.ac.kr,1,1
100313,더미학생00313,2,010-9003-0313,dummy00313@jnu.ac.kr,2,2
100314,더미학생00314,3,010-9003-0314,dummy00314@jnu.ac.kr,3,3
100315,더미학생00315,4,010-9003-0315,dummy00315@jnu.ac.kr,4,4
100316,더미학생00316,1,010-9003-0316,dummy00316@jnu.ac.kr,5,5
100317,더미학생00317,2,010-9003-0317,dummy00317@jnu.ac.kr,6,6
100318,더미학생00318,3,010-9003-0318,dummy00318@jnu.ac.kr,1,7
100319,더미학생00319,4,010-9003-0319,dummy00319@jnu.ac.kr,2,8
100320,더미학생00320,1,010-9003-0320,dummy00320@jnu.ac.kr,3,1
100321,더미학생00321,2,010-9003-0321,dummy00321@jnu.ac.kr,4,2
100322,더미학생00322,3,010-9003-0322,dummy00322@jnu.ac.kr,5,3
100323,더미학생00323,4,010-9003-0323,dummy00323@jnu.ac.kr,6,4
100324,더미학생00324,1,010-9003-0324,dummy00324@jnu.ac.kr,1,5
100325,더미학생00325,2,010-9003-0325,dummy00325@jnu.ac.kr,2,6
100326,더미학생00326,3,010-9003-0326,dummy00326@jnu.ac.kr,3,7
100327,더미학생00327,4,010-9003-0327,dummy00327@jnu.ac.kr,4,8
100328,더미학생00328,1,010-9003-0328,dummy00328@jnu.ac.kr,5,1
100329,더미학생00329,2,010-9003-0329,dummy00329@jnu.ac.kr,6,2
100330,더미학생00330,3,010-9003-0330,dummy00330@jnu.ac.kr,1,3
100331,더미학생00331,4,010-9003-0331,dummy00331@jnu.ac.kr,2,4
100332,더미학생00332,1,010-9003-0332,dummy00332@jnu.ac.kr,3,5
100333,더미학생00333,2,010-9003-0333,dummy00333@jnu.ac.kr,4,6
100334,더미학생00334,3,010-9003-0334,dummy00334@jnu.ac.kr,5,7
100335,더미학생00335,4,010-9003-0335,dummy00335@jnu.ac.kr,6,8
100336,더미학생00336,1,010-9003-0336,dummy00336@jnu.ac.kr,1,1
100337,더미학생00337,2,010-9003-0337,dummy00337@jnu.ac.kr,2,2
100338,더미학생00338,3,010-9003-0338,dummy00338@jnu.ac.kr,3,3
100339,더미학생00339,4,010-9003-0339,dummy00339@jnu.ac.kr,4,4
100340,더미학생00340,1,010-9003-0340,dummy00340@jnu.ac.kr,5,5
100341,더미학생00341,2,010-9003-0341,dummy00341@jnu.ac.kr,6,6
100342,더미학생00342,3,010-9003-0342,dummy00342@jnu.ac.kr,1,7
100343,더미학생00343,4,010-9003-0343,dummy00343@jnu.ac.kr,2,8
100344,더미학생00344,1,010-9003-0344,dummy00344@jnu.ac.kr,3,1
100345,더미학생00345,2,010-9003-0345,dummy00345@jnu.ac.kr,4,2
100346,더미학생00346,3,010-9003-0346,dummy00346@jnu.ac.kr,5,3
100347,더미학생00347,4,010-9003-0347,dummy00347@jnu.ac.kr,6,4
100348,더미학생00348,1,010-9003-0348,dummy00348@jnu.ac.kr,1,5
100349,더미학생00349,2,010-9003-0349,dummy00349@jnu.ac.kr,2,6
100350,더미학생00350,3,010-9003-0350,dummy00350@jnu.ac.kr,3,7
100351,더미학생00351,4,010-9003-0351,dummy00351@jnu.ac.kr,4,8
100352,더미학생00352,1,010-9003-0352,dummy00352@jnu.ac.kr,5,1
100353,더미학생00353,2,010-9003-0353,dummy00353@jnu.ac.kr,6,2
100354,더미학생00354,3,010-9003-0354,dummy00354@jnu.ac.kr,1,3
100355,더미학생00355,4,010-9003-0355,dummy00355@jnu.ac.kr,2,4
100356,더미학생00356,1,010-9003-0356,dummy00356@jnu.ac.kr,3,5
100357,더미학생00357,2,010-9003-0357,dummy00357@jnu.ac.kr,4,6
100358,더미학생00358,3,010-9003-0358,dummy00358@jnu.ac.kr,5,7
100359,더미학생00359,4,010-9003-0359,dummy00359@jnu.ac.kr,6,8
100360,더미학생00360,1,010-9003-0360,dummy00360@jnu.ac.kr,1,1
100361,더미학생00361,2,010-9003-0361,dummy00361@jnu.ac.kr,2,2
100362,더미학생00362,3,010-9003-0362,dummy00362@jnu.ac.kr,3,3
100363,더미학생00363,4,010-9003-0363,dummy00363@jnu.ac.kr,4,4
100364,더미학생00364,1,010-9003-0364,dummy00364@jnu.ac.kr,5,5
100365,더미학생00365,2,010-9003-0365,dummy00365@jnu.ac.kr,6,6
100366,더미학생00366,3,010-9003-0366,dummy00366@jnu.ac.kr,1,7
100367,더미학생00367,4,010-9003-0367,dummy00367@jnu.ac.kr,2,8
100368,더미학생00368,1,010-9003-0368,dummy00368@jnu.ac.kr,3,1
100369,더미학생00369,2,010-9003-0369,dummy00369@jnu.ac.kr,4,2
100370,더미학생00370,3,010-9003-0370,dummy00370@jnu.ac.kr,5,3
100371,더미학생00371,4,010-9003-0371,dummy00371@jnu.ac.kr,6,4
100372,더미학생00372,1,010-9003-0372,dummy00372@jnu.ac.kr,1,5
100373,더미학생00373,2,010-9003-0373,dummy00373@jnu.ac.kr,2,6
100374,더미학생00374,3,010-9003-0374,dummy00374@jnu.ac.kr,3,7
100375,더미학생00375,4,010-9003-0375,dummy00375@jnu.ac.kr,4,8
100376,더미학생00376,1,010-9003-0376,dummy00376@jnu.ac.kr,5,1
100377,더미학생00377,2,010-9003-0377,dummy00377@jnu.ac.kr,6,2
100378,더미학생00378,3,010-9003-0378,dummy00378@jnu.ac.kr,1,3
100379,더미학생00379,4,010-9003-0379,dummy00379@jnu.ac.kr,2,4
100380,더미학생00380,1,010-9003-0380,dummy00380@jnu.ac.kr,3,5
100381,더미학생00381,2,010-9003-0381,dummy00381@jnu.ac.kr,4,6
100382,더미학생00382,3,010-9003-0382,dummy00382@jnu.ac.kr,5,7
100383,더미학생00383,4,010-9003-0383,dummy00383@jnu.ac.kr,6,8
100384,더미학생00384,1,010-9003-0384,dummy00384@jnu.ac.kr,1,1
100385,더미학생00385,2,010-9003-0385,dummy00385@jnu.ac.kr,2,2
100386,더미학생00386,3,010-9003-0386,dummy00386@jnu.ac.kr,3,3
100387,더미학생00387,4,010-9003-0387,dummy00387@jnu.ac.kr,4,4
100388,더미학생00388,1,010-9003-0388,dummy00388@jnu.ac.kr,5,5
100389,더미학생00389,2,010-9003-0389,dummy00389@jnu.ac.kr,6,6
100390,더미학생00390,3,010-9003-0390,dummy00390@jnu.ac.kr,1,7
100391,더미학생00391,4,010-9003-0391,dummy00391@jnu.ac.kr,2,8
100392,더미학생00392,1,010-9003-0392,dummy00392@jnu.ac.kr,3,1
100393,더미학생00393,2,010-9003-0393,dummy00393@jnu.ac.kr,4,2
100394,더미학생00394,3,010-9003-0394,dummy00394@jnu.ac.kr,5,3
100395,더미학생00395,4,010-9003-0395,dummy00395@jnu.ac.kr,6,4
100396,더미학생00396,1,010-9003-0396,dummy00396@jnu.ac.kr,1,5
100397,더미학생00397,2,010-9003-0397,dummy00397@jnu.ac.kr,2,6
100398,더미학생00398,3,010-9003-0398,dummy00398@jnu.ac.kr,3,7
100399,더미학생00399,4,010-9003-0399,dummy00399@jnu.ac.kr,4,8
100400,더미학생00400,1,010-9004-0400,dummy00400@jnu.ac.kr,5,1
100401,더미학생00401,2,010-9004-0401,dummy00401@jnu.ac.kr,6,2
100402,더미학생00402,3,010-9004-0402,dummy00402@jnu.ac.kr,1,3
100403,더미학생00403,4,010-9004-0403,dummy00403@jnu.ac.kr,2,4
100404,더미학생00404,1,010-9004-0404,dummy00404@jnu.ac.kr,3,5
100405,더미학생00405,2,010-9004-0405,dummy00405@jnu.ac.kr,4,6
100406,더미학생00406,3,010-9004-0406,dummy00406@jnu.ac.kr,5,7
100407,더미학생00407,4,010-9004-0407,dummy00407@jnu.ac.kr,6,8
100408,더미학생00408,1,010-9004-0408,dummy00408@jnu.ac.kr,1,1
100409,더미학생00409,2,010-9004-0409,dummy00409@jnu.ac.kr,2,2
100410,더미학생00410,3,010-9004-0410,dummy00410@jnu.ac.kr,3,3
100411,더미학생00411,4,010-9004-0411,dummy00411@jnu.ac.kr,4,4
100412,더미학생00412,1,010-9004-0412,dummy00412@jnu.ac.kr,5,5
100413,더미학생00413,2,010-9004-0413,dummy00413@jnu.ac.kr,6,6
100414,더미학생00414,3,010-9004-0414,dummy00414@jnu.ac.kr,1,7
100415,더미학생00415,4,010-9004-0415,dummy00415@jnu.ac.kr,2,8
100416,더미학생00416,1,010-9004-0416,dummy00416@jnu.ac.kr,3,1
100417,더미학생00417,2,010-9004-0417,dummy00417@jnu.ac.kr,4,2
100418,더미학생00418,3,010-9004-0418,dummy00418@jnu.ac.kr,5,3
100419,더미학생00419,4,010-9004-0419,dummy00419@jnu.ac.kr,6,4
100420,더미학생00420,1,010-9004-0420,dummy00420@jnu.ac.kr,1,5
100421,더미학생00421,2,010-9004-0421,dummy00421@jnu.ac.kr,2,6
100422,더미학생00422,3,010-9004-0422,dummy00422@jnu.ac.kr,3,7
100423,더미학생00423,4,010-9004-0423,dummy00423@jnu.ac.kr,4,8
100424,더미학생00424,1,010-9004-0424,dummy00424@jnu.ac.kr,5,1
100425,더미학생00425,2,010-9004-0425,dummy00425@jnu.ac.kr,6,2
100426,더미학생00426,3,010-9004-0426,dummy00426@jnu.ac.kr,1,3
100427,더미학생00427,4,010-9004-0427,dummy00427@jnu.ac.kr,2,4
100428,더미학생00428,1,010-9004-0428,dummy00428@jnu.ac.kr,3,5
100429,더미학생00429,2,010-9004-0429,dummy00429@jnu.ac.kr,4,6
100430,더미학생00430,3,010-9004-0430,dummy00430@jnu.ac.kr,5,7
100431,더미학생00431,4,010-9004-0431,dummy00431@jnu.ac.kr,6,8
100432,더미학생00432,1,010-9004-0432,dummy00432@jnu.ac.kr,1,1
100433,더미학생00433,2,010-9004-0433,dummy00433@jnu.ac.kr,2,2
100434,더미학생00434,3,010-9004-0434,dummy00434@jnu.ac.kr,3,3
100435,더미학생00435,4,010-9004-0435,dummy00435@jnu.ac.kr,4,4
100436,더미학생00436,1,010-9004-0436,dummy00436@jnu.ac.kr,5,5
100437,더미학생00437,2,010-9004-0437,dummy00437@jnu.ac.kr,6,6
100438,더미학생00438,3,010-9004-0438,dummy00438@jnu.ac.kr,1,7
100439,더미학생00439,4,010-9004-0439,dummy00439@jnu.ac.kr,2,8
100440,더미학생00440,1,010-9004-0440,dummy00440@jnu.ac.kr,3,1
100441,더미학생00441,2,010-9004-0441,dummy00441@jnu.ac.kr,4,2
100442,더미학생00442,3,010-9004-0442,dummy00442@jnu.ac.kr,5,3
100443,더미학생00443,4,010-9004-0443,dummy00443@jnu.ac.kr,6,4
100444,더미학생00444,1,010-9004-0444,dummy00444@jnu.ac.kr,1,5
100445,더미학생00445,2,010-9004-0445,dummy00445@jnu.ac.kr,2,6
100446,더미학생00446,3,010-9004-0446,dummy00446@jnu.ac.kr,3,7
100447,더미학생00447,4,010-9004-0447,dummy00447@jnu.ac.kr,4,8
100448,더미학생00448,1,010-9004-0448,dummy00448@jnu.ac.kr,5,1
100449,더미학생00449,2,010-9004-0449,dummy00449@jnu.ac.kr,6,2
100450,더미학생00450,3,010-9004-0450,dummy00450@jnu.ac.kr,1,3
100451,더미학생00451,4,010-9004-0451,dummy00451@jnu.ac.kr,2,4
100452,더미학생00452,1,010-9004-0452,dummy00452@jnu.ac.kr,3,5
100453,더미학생00453,2,010-9004-0453,dummy00453@jnu.ac.kr,4,6
100454,더미학생00454,3,010-9004-0454,dummy00454@jnu.ac.kr,5,7
100455,더미학생00455,4,010-9004-0455,dummy00455@jnu.ac.kr,6,8
100456,더미학생00456,1,010-9004-0456,dummy00456@jnu.ac.kr,1,1
100457,더미학생00457,2,010-9004-0457,dummy00457@jnu.ac.kr,2,2
100458,더미학생00458,3,010-9004-0458,dummy00458@jnu.ac.kr,3,3
100459,더미학생00459,4,010-9004-0459,dummy00459@jnu.ac.kr,4,4
100460,더미학생00460,1,010-9004-0460,dummy00460@jnu.ac.kr,5,5
100461,더미학생00461,2,010-9004-0461,dummy00461@jnu.ac.kr,6,6
100462,더미학생00462,3,010-9004-0462,dummy00462@jnu.ac.kr,1,7
100463,더미학생00463,4,010-9004-0463,dummy00463@jnu.ac.kr,2,8
100464,더미학생00464,1,010-9004-0464,dummy00464@jnu.ac.kr,3,1
100465,더미학생00465,2,010-9004-0465,dummy00465@jnu.ac.kr,4,2
100466,더미학생00466,3,010-9004-0466,dummy00466@jnu.ac.kr,5,3
100467,더미학생00467,4,010-9004-0467,dummy00467@jnu.ac.kr,6,4
100468,더미학생00468,1,010-9004-0468,dummy00468@jnu.ac.kr,1,5
100469,더미학생00469,2,010-9004-0469,dummy00469@jnu.ac.kr,2,6
100470,더미학생00470,3,010-9004-0470,dummy00470@jnu.ac.kr,3,7
100471,더미학생00471,4,010-9004-0471,dummy00471@jnu.ac.kr,4,8
100472,더미학생00472,1,010-9004-0472,dummy00472@jnu.ac.kr,5,1
100473,더미학생00473,2,010-9004-0473,dummy00473@jnu.ac.kr,6,2
100474,더미학생00474,3,010-9004-0474,dummy00474@jnu.ac.kr,1,3
100475,더미학생00475,4,010-9004-0475,dummy00475@jnu.ac.kr,2,4
100476,더미학생00476,1,010-9004-0476,dummy00476@jnu.ac.kr,3,5
100477,더미학생00477,2,010-9004-0477,dummy00477@jnu.ac.kr,4,6
100478,더미학생00478,3,010-9004-0478,dummy00478@jnu.ac.kr,5,7
100479,더미학생00479,4,010-9004-0479,dummy00479@jnu.ac.kr,6,8
100480,더미학생00480,1,010-9004-0480,dummy00480@jnu.ac.kr,1,1
100481,더미학생00481,2,010-9004-0481,dummy00481@jnu.ac.kr,2,2
100482,더미학생00482,3,010-9004-0482,dummy00482@jnu.ac.kr,3,3
100483,더미학생00483,4,010-9004-0483,dummy00483@jnu.ac.kr,4,4
100484,더미학생00484,1,010-9004-0484,dummy00484@jnu.ac.kr,5,5
100485,더미학생00485,2,010-9004-0485,dummy00485@jnu.ac.kr,6,6
100486,더미학생00486,3,010-9004-0486,dummy00486@jnu.ac.kr,1,7
100487,더미학생00487,4,010-9004-0487,dummy00487@jnu.ac.kr,2,8
100488,더미학생00488,1,010-9004-0488,dummy00488@jnu.ac.kr,3,1
100489,더미학생00489,2,010-9004-0489,dummy00489@jnu.ac.kr,4,2
100490,더미학생00490,3,010-9004-0490,dummy00490@jnu.ac.kr,5,3
100491,더미학생00491,4,010-9004-0491,dummy00491@jnu.ac.kr,6,4
100492,더미학생00492,1,010-9004-0492,dummy00492@jnu.ac.kr,1,5
100493,더미학생00493,2,010-9004-0493,dummy00493@jnu.ac.kr,2,6
100494,더미학생00494,3,010-9004-0494,dummy00494@jnu.ac.kr,3,7
100495,더미학생00495,4,010-9004-0495,dummy00495@jnu.ac.kr,4,8
100496,더미학생00496,1,010-9004-0496,dummy00496@jnu.ac.kr,5,1
100497,더미학생00497,2,010-9004-0497,dummy00497@jnu.ac.kr,6,2
100498,더미학생00498,3,010-9004-0498,dummy00498@jnu.ac.kr,1,3
100499,더미학생00499,4,010-9004-0499,dummy00499@jnu.ac.kr,2,4
100500,더미학생00500,1,010-9005-0500,dummy00500@jnu.ac.kr,3,5
100501,더미학생00501,2,010-9005-0501,dummy00501@jnu.ac.kr,4,6
100502,더미학생00502,3,010-9005-0502,dummy00502@jnu.ac.kr,5,7
100503,더미학생00503,4,010-9005-0503,dummy00503@jnu.ac.kr,6,8
100504,더미학생00504,1,010-9005-0504,dummy00504@jnu.ac.kr,1,1
100505,더미학생00505,2,010-9005-0505,dummy00505@jnu.ac.kr,2,2
100506,더미학생00506,3,010-9005-0506,dummy00506@jnu.ac.kr,3,3
100507,더미학생00507,4,010-9005-0507,dummy00507@jnu.ac.kr,4,4
100508,더미학생00508,1,010-9005-0508,dummy00508@jnu.ac.kr,5,5
100509,더미학생00509,2,010-9005-0509,dummy00509@jnu.ac.kr,6,6
100510,더미학생00510,3,010-9005-0510,dummy00510@jnu.ac.kr,1,7
100511,더미학생00511,4,010-9005-0511,dummy00511@jnu.ac.kr,2,8
100512,더미학생00512,1,010-9005-0512,dummy00512@jnu.ac.kr,3,1
100513,더미학생00513,2,010-9005-0513,dummy00513@jnu.ac.kr,4,2
100514,더미학생00514,3,010-9005-0514,dummy00514@jnu.ac.kr,5,3
100515,더미학생00515,4,010-9005-0515,dummy00515@jnu.ac.kr,6,4
100516,더미학생00516,1,010-9005-0516,dummy00516@jnu.ac.kr,1,5
100517,더미학생00517,2,010-9005-0517,dummy00517@jnu.ac.kr,2,6
100518,더미학생00518,3,010-9005-0518,dummy00518@jnu.ac.kr,3,7
100519,더미학생00519,4,010-9005-0519,dummy00519@jnu.ac.kr,4,8
100520,더미학생00520,1,010-9005-0520,dummy00520@jnu.ac.kr,5,1
100521,더미학생00521,2,010-9005-0521,dummy00521@jnu.ac.kr,6,2
100522,더미학생00522,3,010-9005-0522,dummy00522@jnu.ac.kr,1,3
100523,더미학생00523,4,010-9005-0523,dummy00523@jnu.ac.kr,2,4
100524,더미학생00524,1,010-9005-0524,dummy00524@jnu.ac.kr,3,5
100525,더미학생00525,2,010-9005-0525,dummy00525@jnu.ac.kr,4,6
100526,더미학생00526,3,010-9005-0526,dummy00526@jnu.ac.kr,5,7
100527,더미학생00527,4,010-9005-0527,dummy00527@jnu.ac.kr,6,8
100528,더미학생00528,1,010-9005-0528,dummy00528@jnu.ac.kr,1,1
100529,더미학생00529,2,010-9005-0529,dummy00529@jnu.ac.kr,2,2
100530,더미학생00530,3,010-9005-0530,dummy00530@jnu.ac.kr,3,3
100531,더미학생00531,4,010-9005-0531,dummy00531@jnu.ac.kr,4,4
100532,더미학생00532,1,010-9005-0532,dummy00532@jnu.ac.kr,5,5
100533,더미학생00533,2,010-9005-0533,dummy00533@jnu.ac.kr,6,6
100534,더미학생00534,3,010-9005-0534,dummy00534@jnu.ac.kr,1,7
100535,더미학생00535,4,010-9005-0535,dummy00535@jnu.ac.kr,2,8
100536,더미학생00536,1,010-9005-0536,dummy00536@jnu.ac.kr,3,1
100537,더미학생00537,2,010-9005-0537,dummy00537@jnu.ac.kr,4,2
100538,더미학생00538,3,010-9005-0538,dummy00538@jnu.ac.kr,5,3
100539,더미학생00539,4,010-9005-0539,dummy00539@jnu.ac.kr,6,4
100540,더미학생00540,1,010-9005-0540,dummy00540@jnu.ac.kr,1,5
100541,더미학생00541,2,010-9005-0541,dummy00541@jnu.ac.kr,2,6
100542,더미학생00542,3,010-9005-0542,dummy00542@jnu.ac.kr,3,7
100543,더미학생00543,4,010-9005-0543,dummy00543@jnu.ac.kr,4,8
100544,더미학생00544,1,010-9005-0544,dummy00544@jnu.ac.kr,5,1
100545,더미학생00545,2,010-9005-0545,dummy00545@jnu.ac.kr,6,2
100546,더미학생00546,3,010-9005-0546,dummy00546@jnu.ac.kr,1,3
100547,더미학생00547,4,010-9005-0547,dummy00547@jnu.ac.kr,2,4
100548,더미학생00548,1,010-9005-0548,dummy00548@jnu.ac.kr,3,5
100549,더미학생00549,2,010-9005-0549,dummy00549@jnu.ac.kr,4,6
100550,더미학생00550,3,010-9005-0550,dummy00550@jnu.ac.kr,5,7
100551,더미학생00551,4,010-9005-0551,dummy00551@jnu.ac.kr,6,8
100552,더미학생00552,1,010-9005-0552,dummy00552@jnu.ac.kr,1,1
100553,더미학생00553,2,010-9005-0553,dummy00553@jnu.ac.kr,2,2
100554,더미학생00554,3,010-9005-0554,dummy00554@jnu.ac.kr,3,3
100555,더미학생00555,4,010-9005-0555,dummy00555@jnu.ac.kr,4,4
100556,더미학생00556,1,010-9005-0556,dummy00556@jnu.ac.kr,5,5
100557,더미학생00557,2,010-9005-0557,dummy00557@jnu.ac.kr,6,6
100558,더미학생00558,3,010-9005-0558,dummy00558@jnu.ac.kr,1,7
100559,더미학생00559,4,010-9005-0559,dummy00559@jnu.ac.kr,2,8
100560,더미학생00560,1,010-9005-0560,dummy00560@jnu.ac.kr,3,1
100561,더미학생00561,2,010-9005-0561,dummy00561@jnu.ac.kr,4,2
100562,더미학생00562,3,010-9005-0562,dummy00562@jnu.ac.kr,5,3
100563,더미학생00563,4,010-9005-0563,dummy00563@jnu.ac.kr,6,4
100564,더미학생00564,1,010-9005-0564,dummy00564@jnu.ac.kr,1,5
100565,더미학생00565,2,010-9005-0565,dummy00565@jnu.ac.kr,2,6
100566,더미학생00566,3,010-9005-0566,dummy00566@jnu.ac.kr,3,7
100567,더미학생00567,4,010-9005-0567,dummy00567@jnu.ac.kr,4,8
100568,더미학생00568,1,010-9005-0568,dummy00568@jnu.ac.kr,5,1
100569,더미학생00569,2,010-9005-0569,dummy00569@jnu.ac.kr,6,2
100570,더미학생00570,3,010-9005-0570,dummy00570@jnu.ac.kr,1,3
100571,더미학생00571,4,010-9005-0571,dummy00571@jnu.ac.kr,2,4
100572,더미학생00572,1,010-9005-0572,dummy00572@jnu.ac.kr,3,5
100573,더미학생00573,2,010-9005-0573,dummy00573@jnu.ac.kr,4,6
100574,더미학생00574,3,010-9005-0574,dummy00574@jnu.ac.kr,5,7
100575,더미학생00575,4,010-9005-0575,dummy00575@jnu.ac.kr,6,8
100576,더미학생00576,1,010-9005-0576,dummy00576@jnu.ac.kr,1,1
100577,더미학생00577,2,010-9005-0577,dummy00577@jnu.ac.kr,2,2
100578,더미학생00578,3,010-9005-0578,dummy00578@jnu.ac.kr,3,3
100579,더미학생00579,4,010-9005-0579,dummy00579@jnu.ac.kr,4,4
100580,더미학생00580,1,010-9005-0580,dummy00580@jnu.ac.kr,5,5
100581,더미학생00581,2,010-9005-0581,dummy00581@jnu.ac.kr,6,6
100582,더미학생00582,3,010-9005-0582,dummy00582@jnu.ac.kr,1,7
100583,더미학생00583,4,010-9005-0583,dummy00583@jnu.ac.kr,2,8
100584,더미학생00584,1,010-9005-0584,dummy00584@jnu.ac.kr,3,1
100585,더미학생00585,2,010-9005-0585,dummy00585@jnu.ac.kr,4,2
100586,더미학생00586,3,010-9005-0586,dummy00586@jnu.ac.kr,5,3
100587,더미학생00587,4,010-9005-0587,dummy00587@jnu.ac.kr,6,4
100588,더미학생00588,1,010-9005-0588,dummy00588@jnu.ac.kr,1,5
100589,더미학생00589,2,010-9005-0589,dummy00589@jnu.ac.kr,2,6
100590,더미학생00590,3,010-9005-0590,dummy00590@jnu.ac.kr,3,7
100591,더미학생00591,4,010-9005-0591,dummy00591@jnu.ac.kr,4,8
100592,더미학생00592,1,010-9005-0592,dummy00592@jnu.ac.kr,5,1
100593,더미학생00593,2,010-9005-0593,dummy00593@jnu.ac.kr,6,2
100594,더미학생00594,3,010-9005-0594,dummy00594@jnu.ac.kr,1,3
100595,더미학생00595,4,010-9005-0595,dummy00595@jnu.ac.kr,2,4
100596,더미학생00596,1,010-9005-0596,dummy00596@jnu.ac.kr,3,5
100597,더미학생00597,2,010-9005-0597,dummy00597@jnu.ac.kr,4,6
100598,더미학생00598,3,010-9005-0598,dummy00598@jnu.ac.kr,5,7
100599,더미학생00599,4,010-9005-0599,dummy00599@jnu.ac.kr,6,8
100600,더미학생00600,1,010-9006-0600,dummy00600@jnu.ac.kr,1,1
100601,더미학생00601,2,010-9006-0601,dummy00601@jnu.ac.kr,2,2
100602,더미학생00602,3,010-9006-0602,dummy00602@jnu.ac.kr,3,3
100603,더미학생00603,4,010-9006-0603,dummy00603@jnu.ac.kr,4,4
100604,더미학생00604,1,010-9006-0604,dummy00604@jnu.ac.kr,5,5
100605,더미학생00605,2,010-9006-0605,dummy00605@jnu.ac.kr,6,6
100606,더미학생00606,3,010-9006-0606,dummy00606@jnu.ac.kr,1,7
100607,더미학생00607,4,010-9006-0607,dummy00607@jnu.ac.kr,2,8
100608,더미학생00608,1,010-9006-0608,dummy00608@jnu.ac.kr,3,1
100609,더미학생00609,2,010-9006-0609,dummy00609@jnu.ac.kr,4,2
100610,더미학생00610,3,010-9006-0610,dummy00610@jnu.ac.kr,5,3
100611,더미학생00611,4,010-9006-0611,dummy00611@jnu.ac.kr,6,4
100612,더미학생00612,1,010-9006-0612,dummy00612@jnu.ac.kr,1,5
100613,더미학생00613,2,010-9006-0613,dummy00613@jnu.ac.kr,2,6
100614,더미학생00614,3,010-9006-0614,dummy00614@jnu.ac.kr,3,7
100615,더미학생00615,4,010-9006-0615,dummy00615@jnu.ac.kr,4,8
100616,더미학생00616,1,010-9006-0616,dummy00616@jnu.ac.kr,5,1
100617,더미학생00617,2,010-9006-0617,dummy00617@jnu.ac.kr,6,2
100618,더미학생00618,3,010-9006-0618,dummy00618@jnu.ac.kr,1,3
100619,더미학생00619,4,010-9006-0619,dummy00619@jnu.ac.kr,2,4
100620,더미학생00620,1,010-9006-0620,dummy00620@jnu.ac.kr,3,5
100621,더미학생00621,2,010-9006-0621,dummy00621@jnu.ac.kr,4,6
100622,더미학생00622,3,010-9006-0622,dummy00622@jnu.ac.kr,5,7
100623,더미학생00623,4,010-9006-0623,dummy00623@jnu.ac.kr,6,8
100624,더미학생00624,1,010-9006-0624,dummy00624@jnu.ac.kr,1,1
100625,더미학생00625,2,010-9006-0625,dummy00625@jnu.ac.kr,2,2
100626,더미학생00626,3,010-9006-0626,dummy00626@jnu.ac.kr,3,3
100627,더미학생00627,4,010-9006-0627,dummy00627@jnu.ac.kr,4,4
100628,더미학생00628,1,010-9006-0628,dummy00628@jnu.ac.kr,5,5
100629,더미학생00629,2,010-9006-0629,dummy00629@jnu.ac.kr,6,6
100630,더미학생00630,3,010-9006-0630,dummy00630@jnu.ac.kr,1,7
100631,더미학생00631,4,010-9006-0631,dummy00631@jnu.ac.kr,2,8
100632,더미학생00632,1,010-9006-0632,dummy00632@jnu.ac.kr,3,1
100633,더미학생00633,2,010-9006-0633,dummy00633@jnu.ac.kr,4,2
100634,더미학생00634,3,010-9006-0634,dummy00634@jnu.ac.kr,5,3
100635,더미학생00635,4,010-9006-0635,dummy00635@jnu.ac.kr,6,4
100636,더미학생00636,1,010-9006-0636,dummy00636@jnu.ac.kr,1,5
100637,더미학생00637,2,010-9006-0637,dummy00637@jnu.ac.kr,2,6
100638,더미학생00638,3,010-9006-0638,dummy00638@jnu.ac.kr,3,7
100639,더미학생00639,4,010-9006-0639,dummy00639@jnu.ac.kr,4,8
100640,더미학생00640,1,010-9006-0640,dummy00640@jnu.ac.kr,5,1
100641,더미학생00641,2,010-9006-0641,dummy00641@jnu.ac.kr,6,2
100642,더미학생00642,3,010-9006-0642,dummy00642@jnu.ac.kr,1,3
100643,더미학생00643,4,010-9006-0643,dummy00643@jnu.ac.kr,2,4
100644,더미학생00644,1,010-9006-0644,dummy00644@jnu.ac.kr,3,5
100645,더미학생00645,2,010-9006-0645,dummy00645@jnu.ac.kr,4,6
100646,더미학생00646,3,010-9006-0646,dummy00646@jnu.ac.kr,5,7
100647,더미학생00647,4,010-9006-0647,dummy00647@jnu.ac.kr,6,8
100648,더미학생00648,1,010-9006-0648,dummy00648@jnu.ac.kr,1,1
100649,더미학생00649,2,010-9006-0649,dummy00649@jnu.ac.kr,2,2
100650,더미학생00650,3,010-9006-0650,dummy00650@jnu.ac.kr,3,3
100651,더미학생00651,4,010-9006-0651,dummy00651@jnu.ac.kr,4,4
100652,더미학생00652,1,010-9006-0652,dummy00652@jnu.ac.kr,5,5
100653,더미학생00653,2,010-9006-0653,dummy00653@jnu.ac.kr,6,6
100654,더미학생00654,3,010-9006-0654,dummy00654@jnu.ac.kr,1,7
100655,더미학생00655,4,010-9006-0655,dummy00655@jnu.ac.kr,2,8
100656,더미학생00656,1,010-9006-0656,dummy00656@jnu.ac.kr,3,1
100657,더미학생00657,2,010-9006-0657,dummy00657@jnu.ac.kr,4,2
100658,더미학생00658,3,010-9006-0658,dummy00658@jnu.ac.kr,5,3
100659,더미학생00659,4,010-9006-0659,dummy00659@jnu.ac.kr,6,4
100660,더미학생00660,1,010-9006-0660,dummy00660@jnu.ac.kr,1,5
100661,더미학생00661,2,010-9006-0661,dummy00661@jnu.ac.kr,2,6
100662,더미학생00662,3,010-9006-0662,dummy00662@jnu.ac.kr,3,7
100663,더미학생00663,4,010-9006-0663,dummy00663@jnu.ac.kr,4,8
100664,더미학생00664,1,010-9006-0664,dummy00664@jnu.ac.kr,5,1
100665,더미학생00665,2,010-9006-0665,dummy00665@jnu.ac.kr,6,2
100666,더미학생00666,3,010-9006-0666,dummy00666@jnu.ac.kr,1,3
100667,더미학생00667,4,010-9006-0667,dummy00667@jnu.ac.kr,2,4
100668,더미학생00668,1,010-9006-0668,dummy00668@jnu.ac.kr,3,5
100669,더미학생00669,2,010-9006-0669,dummy00669@jnu.ac.kr,4,6
100670,더미학생00670,3,010-9006-0670,dummy00670@jnu.ac.kr,5,7
100671,더미학생00671,4,010-9006-0671,dummy00671@jnu.ac.kr,6,8
100672,더미학생00672,1,010-9006-0672,dummy00672@jnu.ac.kr,1,1
100673,더미학생00673,2,010-9006-0673,dummy00673@jnu.ac.kr,2,2
100674,더미학생00674,3,010-9006-0674,dummy00674@jnu.ac.kr,3,3
100675,더미학생00675,4,010-9006-0675,dummy00675@jnu.ac.kr,4,4
100676,더미학생00676,1,010-9006-0676,dummy00676@jnu.ac.kr,5,5
100677,더미학생00677,2,010-9006-0677,dummy00677@jnu.ac.kr,6,6
100678,더미학생00678,3,010-9006-0678,dummy00678@jnu.ac.kr,1,7
100679,더미학생00679,4,010-9006-0679,dummy00679@jnu.ac.kr,2,8
100680,더미학생00680,1,010-9006-0680,dummy00680@jnu.ac.kr,3,1
100681,더미학생00681,2,010-9006-0681,dummy00681@jnu.ac.kr,4,2
100682,더미학생00682,3,010-9006-0682,dummy00682@jnu.ac.kr,5,3
100683,더미학생00683,4,010-9006-0683,dummy00683@jnu.ac.kr,6,4
100684,더미학생00684,1,010-9006-0684,dummy00684@jnu.ac.kr,1,5
100685,더미학생00685,2,010-9006-0685,dummy00685@jnu.ac.kr,2,6
100686,더미학생00686,3,010-9006-0686,dummy00686@jnu.ac.kr,3,7
100687,더미학생00687,4,010-9006-0687,dummy00687@jnu.ac.kr,4,8
100688,더미학생00688,1,010-9006-0688,dummy00688@jnu.ac.kr,5,1
100689,더미학생00689,2,010-9006-0689,dummy00689@jnu.ac.kr,6,2
100690,더미학생00690,3,010-9006-0690,dummy00690@jnu.ac.kr,1,3
100691,더미학생00691,4,010-9006-0691,dummy00691@jnu.ac.kr,2,4
100692,더미학생00692,1,010-9006-0692,dummy00692@jnu.ac.kr,3,5
100693,더미학생00693,2,010-9006-0693,dummy00693@jnu.ac.kr,4,6
100694,더미학생00694,3,010-9006-0694,dummy00694@jnu.ac.kr,5,7
100695,더미학생00695,4,010-9006-0695,dummy00695@jnu.ac.kr,6,8
100696,더미학생00696,1,010-9006-0696,dummy00696@jnu.ac.kr,1,1
100697,더미학생00697,2,010-9006-0697,dummy00697@jnu.ac.kr,2,2
100698,더미학생00698,3,010-9006-0698,dummy00698@jnu.ac.kr,3,3
100699,더미학생00699,4,010-9006-0699,dummy00699@jnu.ac.kr,4,4
100700,더미학생00700,1,010-9007-0700,dummy00700@jnu.ac.kr,5,5
100701,더미학생00701,2,010-9007-0701,dummy00701@jnu.ac.kr,6,6
100702,더미학생00702,3,010-9007-0702,dummy00702@jnu.ac.kr,1,7
100703,더미학생00703,4,010-9007-0703,dummy00703@jnu.ac.kr,2,8
100704,더미학생00704,1,010-9007-0704,dummy00704@jnu.ac.kr,3,1
100705,더미학생00705,2,010-9007-0705,dummy00705@jnu.ac.kr,4,2
100706,더미학생00706,3,010-9007-0706,dummy00706@jnu.ac.kr,5,3
100707,더미학생00707,4,010-9007-0707,dummy00707@jnu.ac.kr,6,4
100708,더미학생00708,1,010-9007-0708,dummy00708@jnu.ac.kr,1,5
100709,더미학생00709,2,010-9007-0709,dummy00709@jnu.ac.kr,2,6
100710,더미학생00710,3,010-9007-0710,dummy00710@jnu.ac.kr,3,7
100711,더미학생00711,4,010-9007-0711,dummy00711@jnu.ac.kr,4,8
100712,더미학생00712,1,010-9007-0712,dummy00712@jnu.ac.kr,5,1
100713,더미학생00713,2,010-9007-0713,dummy00713@jnu.ac.kr,6,2
100714,더미학생00714,3,010-9007-0714,dummy00714@jnu.ac.kr,1,3
100715,더미학생00715,4,010-9007-0715,dummy00715@jnu.ac.kr,2,4
100716,더미학생00716,1,010-9007-0716,dummy00716@jnu.ac.kr,3,5
100717,더미학생00717,2,010-9007-0717,dummy00717@jnu.ac.kr,4,6
100718,더미학생00718,3,010-9007-0718,dummy00718@jnu.ac.kr,5,7
100719,더미학생00719,4,010-9007-0719,dummy00719@jnu.ac.kr,6,8
100720,더미학생00720,1,010-9007-0720,dummy00720@jnu.ac.kr,1,1
100721,더미학생00721,2,010-9007-0721,dummy00721@jnu.ac.kr,2,2
100722,더미학생00722,3,010-9007-0722,dummy00722@jnu.ac.kr,3,3
100723,더미학생00723,4,010-9007-0723,dummy00723@jnu.ac.kr,4,4
100724,더미학생00724,1,010-9007-0724,dummy00724@jnu.ac.kr,5,5
100725,더미학생00725,2,010-9007-0725,dummy00725@jnu.ac.kr,6,6
100726,더미학생00726,3,010-9007-0726,dummy00726@jnu.ac.kr,1,7
100727,더미학생00727,4,010-9007-0727,dummy00727@jnu.ac.kr,2,8
100728,더미학생00728,1,010-9007-0728,dummy00728@jnu.ac.kr,3,1
100729,더미학생00729,2,010-9007-0729,dummy00729@jnu.ac.kr,4,2
100730,더미학생00730,3,010-9007-0730,dummy00730@jnu.ac.kr,5,3
100731,더미학생00731,4,010-9007-0731,dummy00731@jnu.ac.kr,6,4
100732,더미학생00732,1,010-9007-0732,dummy00732@jnu.ac.kr,1,5
100733,더미학생00733,2,010-9007-0733,dummy00733@jnu.ac.kr,2,6
100734,더미학생00734,3,010-9007-0734,dummy00734@jnu.ac.kr,3,7
100735,더미학생00735,4,010-9007-0735,dummy00735@jnu.ac.kr,4,8
100736,더미학생00736,1,010-9007-0736,dummy00736@jnu.ac.kr,5,1
100737,더미학생00737,2,010-9007-0737,dummy00737@jnu.ac.kr,6,2
100738,더미학생00738,3,010-9007-0738,dummy00738@jnu.ac.kr,1,3
100739,더미학생00739,4,010-9007-0739,dummy00739@jnu.ac.kr,2,4
100740,더미학생00740,1,010-9007-0740,dummy00740@jnu.ac.kr,3,5
100741,더미학생00741,2,010-9007-0741,dummy00741@jnu.ac.kr,4,6
100742,더미학생00742,3,010-9007-0742,dummy00742@jnu.ac.kr,5,7
100743,더미학생00743,4,010-9007-0743,dummy00743@jnu.ac.kr,6,8
100744,더미학생00744,1,010-9007-0744,dummy00744@jnu.ac.kr,1,1
100745,더미학생00745,2,010-9007-0745,dummy00745@jnu.ac.kr,2,2
100746,더미학생00746,3,010-9007-0746,dummy00746@jnu.ac.kr,3,3
100747,더미학생00747,4,010-9007-0747,dummy00747@jnu.ac.kr,4,4
100748,더미학생00748,1,010-9007-0748,dummy00748@jnu.ac.kr,5,5
100749,더미학생00749,2,010-9007-0749,dummy00749@jnu.ac.kr,6,6
100750,더미학생00750,3,010-9007-0750,dummy00750@jnu.ac.kr,1,7
100751,더미학생00751,4,010-9007-0751,dummy00751@jnu.ac.kr,2,8
100752,더미학생00752,1,010-9007-0752,dummy00752@jnu.ac.kr,3,1
100753,더미학생00753,2,010-9007-0753,dummy00753@jnu.ac.kr,4,2
100754,더미학생00754,3,010-9007-0754,dummy00754@jnu.ac.kr,5,3
100755,더미학생00755,4,010-9007-0755,dummy00755@jnu.ac.kr,6,4
100756,더미학생00756,1,010-9007-0756,dummy00756@jnu.ac.kr,1,5
100757,더미학생00757,2,010-9007-0757,dummy00757@jnu.ac.kr,2,6
100758,더미학생00758,3,010-9007-0758,dummy00758@jnu.ac.kr,3,7
100759,더미학생00759,4,010-9007-0759,dummy00759@jnu.ac.kr,4,8
100760,더미학생00760,1,010-9007-0760,dummy00760@jnu.ac.kr,5,1
100761,더미학생00761,2,010-9007-0761,dummy00761@jnu.ac.kr,6,2
100762,더미학생00762,3,010-9007-0762,dummy00762@jnu.ac.kr,1,3
100763,더미학생00763,4,010-9007-0763,dummy00763@jnu.ac.kr,2,4
100764,더미학생00764,1,010-9007-0764,dummy00764@jnu.ac.kr,3,5
100765,더미학생00765,2,010-9007-0765,dummy00765@jnu.ac.kr,4,6
100766,더미학생00766,3,010-9007-0766,dummy00766@jnu.ac.kr,5,7
100767,더미학생00767,4,010-9007-0767,dummy00767@jnu.ac.kr,6,8
100768,더미학생00768,1,010-9007-0768,dummy00768@jnu.ac.kr,1,1
100769,더미학생00769,2,010-9007-0769,dummy00769@jnu.ac.kr,2,2
100770,더미학생00770,3,010-9007-0770,dummy00770@jnu.ac.kr,3,3
100771,더미학생00771,4,010-9007-0771,dummy00771@jnu.ac.kr,4,4
100772,더미학생00772,1,010-9007-0772,dummy00772@jnu.ac.kr,5,5
100773,더미학생00773,2,010-9007-0773,dummy00773@jnu.ac.kr,6,6
100774,더미학생00774,3,010-9007-0774,dummy00774@jnu.ac.kr,1,7
100775,더미학생00775,4,010-9007-0775,dummy00775@jnu.ac.kr,2,8
100776,더미학생00776,1,010-9007-0776,dummy00776@jnu.ac.kr,3,1
100777,더미학생00777,2,010-9007-0777,dummy00777@jnu.ac.kr,4,2
100778,더미학생00778,3,010-9007-0778,dummy00778@jnu.ac.kr,5,3
100779,더미학생00779,4,010-9007-0779,dummy00779@jnu.ac.kr,6,4
100780,더미학생00780,1,010-9007-0780,dummy00780@jnu.ac.kr,1,5
100781,더미학생00781,2,010-9007-0781,dummy00781@jnu.ac.kr,2,6
100782,더미학생00782,3,010-9007-0782,dummy00782@jnu.ac.kr,3,7
100783,더미학생00783,4,010-9007-0783,dummy00783@jnu.ac.kr,4,8
100784,더미학생00784,1,010-9007-0784,dummy00784@jnu.ac.kr,5,1
100785,더미학생00785,2,010-9007-0785,dummy00785@jnu.ac.kr,6,2
100786,더미학생00786,3,010-9007-0786,dummy00786@jnu.ac.kr,1,3
100787,더미학생00787,4,010-9007-0787,dummy00787@jnu.ac.kr,2,4
100788,더미학생00788,1,010-9007-0788,dummy00788@jnu.ac.kr,3,5
100789,더미학생00789,2,010-9007-0789,dummy00789@jnu.ac.kr,4,6
100790,더미학생00790,3,010-9007-0790,dummy00790@jnu.ac.kr,5,7
100791,더미학생00791,4,010-9007-0791,dummy00791@jnu.ac.kr,6,8
100792,더미학생00792,1,010-9007-0792,dummy00792@jnu.ac.kr,1,1
100793,더미학생00793,2,010-9007-0793,dummy00793@jnu.ac.kr,2,2
100794,더미학생00794,3,010-9007-0794,dummy00794@jnu.ac.kr,3,3
100795,더미학생00795,4,010-9007-0795,dummy00795@jnu.ac.kr,4,4
100796,더미학생00796,1,010-9007-0796,dummy00796@jnu.ac.kr,5,5
100797,더미학생00797,2,010-9007-0797,dummy00797@jnu.ac.kr,6,6
100798,더미학생00798,3,010-9007-0798,dummy00798@jnu.ac.kr,1,7
100799,더미학생00799,4,010-9007-0799,dummy00799@jnu.ac.kr,2,8
100800,더미학생00800,1,010-9008-0800,dummy00800@jnu.ac.kr,3,1
100801,더미학생00801,2,010-9008-0801,dummy00801@jnu.ac.kr,4,2
100802,더미학생00802,3,010-9008-0802,dummy00802@jnu.ac.kr,5,3
100803,더미학생00803,4,010-9008-0803,dummy00803@jnu.ac.kr,6,4
100804,더미학생00804,1,010-9008-0804,dummy00804@jnu.ac.kr,1,5
100805,더미학생00805,2,010-9008-0805,dummy00805@jnu.ac.kr,2,6
100806,더미학생00806,3,010-9008-0806,dummy00806@jnu.ac.kr,3,7
100807,더미학생00807,4,010-9008-0807,dummy00807@jnu.ac.kr,4,8
100808,더미학생00808,1,010-9008-0808,dummy00808@jnu.ac.kr,5,1
100809,더미학생00809,2,010-9008-0809,dummy00809@jnu.ac.kr,6,2
100810,더미학생00810,3,010-9008-0810,dummy00810@jnu.ac.kr,1,3
100811,더미학생00811,4,010-9008-0811,dummy00811@jnu.ac.kr,2,4
100812,더미학생00812,1,010-9008-0812,dummy00812@jnu.ac.kr,3,5
100813,더미학생00813,2,010-9008-0813,dummy00813@jnu.ac.kr,4,6
100814,더미학생00814,3,010-9008-0814,dummy00814@jnu.ac.kr,5,7
100815,더미학생00815,4,010-9008-0815,dummy00815@jnu.ac.kr,6,8
100816,더미학생00816,1,010-9008-0816,dummy00816@jnu.ac.kr,1,1
100817,더미학생00817,2,010-9008-0817,dummy00817@jnu.ac.kr,2,2
100818,더미학생00818,3,010-9008-0818,dummy00818@jnu.ac.kr,3,3
100819,더미학생00819,4,010-9008-0819,dummy00819@jnu.ac.kr,4,4
100820,더미학생00820,1,010-9008-0820,dummy00820@jnu.ac.kr,5,5
100821,더미학생00821,2,010-9008-0821,dummy00821@jnu.ac.kr,6,6
100822,더미학생00822,3,010-9008-0822,dummy00822@jnu.ac.kr,1,7
100823,더미학생00823,4,010-9008-0823,dummy00823@jnu.ac.kr,2,8
100824,더미학생00824,1,010-9008-0824,dummy00824@jnu.ac.kr,3,1
100825,더미학생00825,2,010-9008-0825,dummy00825@jnu.ac.kr,4,2
100826,더미학생00826,3,010-9008-0826,dummy00826@jnu.ac.kr,5,3
100827,더미학생00827,4,010-9008-0827,dummy00827@jnu.ac.kr,6,4
100828,더미학생00828,1,010-9008-0828,dummy00828@jnu.ac.kr,1,5
100829,더미학생00829,2,010-9008-0829,dummy00829@jnu.ac.kr,2,6
100830,더미학생00830,3,010-9008-0830,dummy00830@jnu.ac.kr,3,7
100831,더미학생00831,4,010-9008-0831,dummy00831@jnu.ac.kr,4,8
100832,더미학생00832,1,010-9008-0832,dummy00832@jnu.ac.kr,5,1
100833,더미학생00833,2,010-9008-0833,dummy00833@jnu.ac.kr,6,2
100834,더미학생00834,3,010-9008-0834,dummy00834@jnu.ac.kr,1,3
100835,더미학생00835,4,010-9008-0835,dummy00835@jnu.ac.kr,2,4
100836,더미학생00836,1,010-9008-0836,dummy00836@jnu.ac.kr,3,5
100837,더미학생00837,2,010-9008-0837,dummy00837@jnu.ac.kr,4,6
100838,더미학생00838,3,010-9008-0838,dummy00838@jnu.ac.kr,5,7
100839,더미학생00839,4,010-9008-0839,dummy00839@jnu.ac.kr,6,8
100840,더미학생00840,1,010-9008-0840,dummy00840@jnu.ac.kr,1,1
100841,더미학생00841,2,010-9008-0841,dummy00841@jnu.ac.kr,2,2
100842,더미학생00842,3,010-9008-0842,dummy00842@jnu.ac.kr,3,3
100843,더미학생00843,4,010-9008-0843,dummy00843@jnu.ac.kr,4,4
100844,더미학생00844,1,010-9008-0844,dummy00844@jnu.ac.kr,5,5
100845,더미학생00845,2,010-9008-0845,dummy00845@jnu.ac.kr,6,6
100846,더미학생00846,3,010-9008-0846,dummy00846@jnu.ac.kr,1,7
100847,더미학생00847,4,010-9008-0847,dummy00847@jnu.ac.kr,2,8
100848,더미학생00848,1,010-9008-0848,dummy00848@jnu.ac.kr,3,1
100849,더미학생00849,2,010-9008-0849,dummy00849@jnu.ac.kr,4,2
100850,더미학생00850,3,010-9008-0850,dummy00850@jnu.ac.kr,5,3
100851,더미학생00851,4,010-9008-0851,dummy00851@jnu.ac.kr,6,4
100852,더미학생00852,1,010-9008-0852,dummy00852@jnu.ac.kr,1,5
100853,더미학생00853,2,010-9008-0853,dummy00853@jnu.ac.kr,2,6
100854,더미학생00854,3,010-9008-0854,dummy00854@jnu.ac.kr,3,7
100855,더미학생00855,4,010-9008-0855,dummy00855@jnu.ac.kr,4,8
100856,더미학생00856,1,010-9008-0856,dummy00856@jnu.ac.kr,5,1
100857,더미학생00857,2,010-9008-0857,dummy00857@jnu.ac.kr,6,2
100858,더미학생00858,3,010-9008-0858,dummy00858@jnu.ac.kr,1,3
100859,더미학생00859,4,010-9008-0859,dummy00859@jnu.ac.kr,2,4
100860,더미학생00860,1,010-9008-0860,dummy00860@jnu.ac.kr,3,5
100861,더미학생00861,2,010-9008-0861,dummy00861@jnu.ac.kr,4,6
100862,더미학생00862,3,010-9008-0862,dummy00862@jnu.ac.kr,5,7
100863,더미학생00863,4,010-9008-0863,dummy00863@jnu.ac.kr,6,8
100864,더미학생00864,1,010-9008-0864,dummy00864@jnu.ac.kr,1,1
100865,더미학생00865,2,010-9008-0865,dummy00865@jnu.ac.kr,2,2
100866,더미학생00866,3,010-9008-0866,dummy00866@jnu.ac.kr,3,3
100867,더미학생00867,4,010-9008-0867,dummy00867@jnu.ac.kr,4,4
100868,더미학생00868,1,010-9008-0868,dummy00868@jnu.ac.kr,5,5
100869,더미학생00869,2,010-9008-0869,dummy00869@jnu.ac.kr,6,6
100870,더미학생00870,3,010-9008-0870,dummy00870@jnu.ac.kr,1,7
100871,더미학생00871,4,010-9008-0871,dummy00871@jnu.ac.kr,2,8
100872,더미학생00872,1,010-9008-0872,dummy00872@jnu.ac.kr,3,1
100873,더미학생00873,2,010-9008-0873,dummy00873@jnu.ac.kr,4,2
100874,더미학생00874,3,010-9008-0874,dummy00874@jnu.ac.kr,5,3
100875,더미학생00875,4,010-9008-0875,dummy00875@jnu.ac.kr,6,4
100876,더미학생00876,1,010-9008-0876,dummy00876@jnu.ac.kr,1,5
100877,더미학생00877,2,010-9008-0877,dummy00877@jnu.ac.kr,2,6
100878,더미학생00878,3,010-9008-0878,dummy00878@jnu.ac.kr,3,7
100879,더미학생00879,4,010-9008-0879,dummy00879@jnu.ac.kr,4,8
100880,더미학생00880,1,010-9008-0880,dummy00880@jnu.ac.kr,5,1
100881,더미학생00881,2,010-9008-0881,dummy00881@jnu.ac.kr,6,2
100882,더미학생00882,3,010-9008-0882,dummy00882@jnu.ac.kr,1,3
100883,더미학생00883,4,010-9008-0883,dummy00883@jnu.ac.kr,2,4
100884,더미학생00884,1,010-9008-0884,dummy00884@jnu.ac.kr,3,5
100885,더미학생00885,2,010-9008-0885,dummy00885@jnu.ac.kr,4,6
100886,더미학생00886,3,010-9008-0886,dummy00886@jnu.ac.kr,5,7
100887,더미학생00887,4,010-9008-0887,dummy00887@jnu.ac.kr,6,8
100888,더미학생00888,1,010-9008-0888,dummy00888@jnu.ac.kr,1,1
100889,더미학생00889,2,010-9008-0889,dummy00889@jnu.ac.kr,2,2
100890,더미학생00890,3,010-9008-0890,dummy00890@jnu.ac.kr,3,3
100891,더미학생00891,4,010-9008-0891,dummy00891@jnu.ac.kr,4,4
100892,더미학생00892,1,010-9008-0892,dummy00892@jnu.ac.kr,5,5
100893,더미학생00893,2,010-9008-0893,dummy00893@jnu.ac.kr,6,6
100894,더미학생00894,3,010-9008-0894,dummy00894@jnu.ac.kr,1,7
100895,더미학생00895,4,010-9008-0895,dummy00895@jnu.ac.kr,2,8
100896,더미학생00896,1,010-9008-0896,dummy00896@jnu.ac.kr,3,1
100897,더미학생00897,2,010-9008-0897,dummy00897@jnu.ac.kr,4,2
100898,더미학생00898,3,010-9008-0898,dummy00898@jnu.ac.kr,5,3
100899,더미학생00899,4,010-9008-0899,dummy00899@jnu.ac.kr,6,4
100900,더미학생00900,1,010-9009-0900,dummy00900@jnu.ac.kr,1,5
100901,더미학생00901,2,010-9009-0901,dummy00901@jnu.ac.kr,2,6
100902,더미학생00902,3,010-9009-0902,dummy00902@jnu.ac.kr,3,7
100903,더미학생00903,4,010-9009-0903,dummy00903@jnu.ac.kr,4,8
100904,더미학생00904,1,010-9009-0904,dummy00904@jnu.ac.kr,5,1
100905,더미학생00905,2,010-9009-0905,dummy00905@jnu.ac.kr,6,2
100906,더미학생00906,3,010-9009-0906,dummy00906@jnu.ac.kr,1,3
100907,더미학생00907,4,010-9009-0907,dummy00907@jnu.ac.kr,2,4
100908,더미학생00908,1,010-9009-0908,dummy00908@jnu.ac.kr,3,5
100909,더미학생00909,2,010-9009-0909,dummy00909@jnu.ac.kr,4,6
100910,더미학생00910,3,010-9009-0910,dummy00910@jnu.ac.kr,5,7
100911,더미학생00911,4,010-9009-0911,dummy00911@jnu.ac.kr,6,8
100912,더미학생00912,1,010-9009-0912,dummy00912@jnu.ac.kr,1,1
100913,더미학생00913,2,010-9009-0913,dummy00913@jnu.ac.kr,2,2
100914,더미학생00914,3,010-9009-0914,dummy00914@jnu.ac.kr,3,3
100915,더미학생00915,4,010-9009-0915,dummy00915@jnu.ac.kr,4,4
100916,더미학생00916,1,010-9009-0916,dummy00916@jnu.ac.kr,5,5
100917,더미학생00917,2,010-9009-0917,dummy00917@jnu.ac.kr,6,6
100918,더미학생00918,3,010-9009-0918,dummy00918@jnu.ac.kr,1,7
100919,더미학생00919,4,010-9009-0919,dummy00919@jnu.ac.kr,2,8
100920,더미학생00920,1,010-9009-0920,dummy00920@jnu.ac.kr,3,1
100921,더미학생00921,2,010-9009-0921,dummy00921@jnu.ac.kr,4,2
100922,더미학생00922,3,010-9009-0922,dummy00922@jnu.ac.kr,5,3
100923,더미학생00923,4,010-9009-0923,dummy00923@jnu.ac.kr,6,4
100924,더미학생00924,1,010-9009-0924,dummy00924@jnu.ac.kr,1,5
100925,더미학생00925,2,010-9009-0925,dummy00925@jnu.ac.kr,2,6
100926,더미학생00926,3,010-9009-0926,dummy00926@jnu.ac.kr,3,7
100927,더미학생00927,4,010-9009-0927,dummy00927@jnu.ac.kr,4,8
100928,더미학생00928,1,010-9009-0928,dummy00928@jnu.ac.kr,5,1
100929,더미학생00929,2,010-9009-0929,dummy00929@jnu.ac.kr,6,2
100930,더미학생00930,3,010-9009-0930,dummy00930@jnu.ac.kr,1,3
100931,더미학생00931,4,010-9009-0931,dummy00931@jnu.ac.kr,2,4
100932,더미학생00932,1,010-9009-0932,dummy00932@jnu.ac.kr,3,5
100933,더미학생00933,2,010-9009-0933,dummy00933@jnu.ac.kr,4,6
100934,더미학생00934,3,010-9009-0934,dummy00934@jnu.ac.kr,5,7
100935,더미학생00935,4,010-9009-0935,dummy00935@jnu.ac.kr,6,8
100936,더미학생00936,1,010-9009-0936,dummy00936@jnu.ac.kr,1,1
100937,더미학생00937,2,010-9009-0937,dummy00937@jnu.ac.kr,2,2
100938,더미학생00938,3,010-9009-0938,dummy00938@jnu.ac.kr,3,3
100939,더미학생00939,4,010-9009-0939,dummy00939@jnu.ac.kr,4,4
100940,더미학생00940,1,010-9009-0940,dummy00940@jnu.ac.kr,5,5
100941,더미학생00941,2,010-9009-0941,dummy00941@jnu.ac.kr,6,6
100942,더미학생00942,3,010-9009-0942,dummy00942@jnu.ac.kr,1,7
100943,더미학생00943,4,010-9009-0943,dummy00943@jnu.ac.kr,2,8
100944,더미학생00944,1,010-9009-0944,dummy00944@jnu.ac.kr,3,1
100945,더미학생00945,2,010-9009-0945,dummy00945@jnu.ac.kr,4,2
100946,더미학생00946,3,010-9009-0946,dummy00946@jnu.ac.kr,5,3
100947,더미학생00947,4,010-9009-0947,dummy00947@jnu.ac.kr,6,4
100948,더미학생00948,1,010-9009-0948,dummy00948@jnu.ac.kr,1,5
100949,더미학생00949,2,010-9009-0949,dummy00949@jnu.ac.kr,2,6
100950,더미학생00950,3,010-9009-0950,dummy00950@jnu.ac.kr,3,7
100951,더미학생00951,4,010-9009-0951,dummy00951@jnu.ac.kr,4,8
100952,더미학생00952,1,010-9009-0952,dummy00952@jnu.ac.kr,5,1
100953,더미학생00953,2,010-9009-0953,dummy00953@jnu.ac.kr,6,2
100954,더미학생00954,3,010-9009-0954,dummy00954@jnu.ac.kr,1,3
100955,더미학생00955,4,010-9009-0955,dummy00955@jnu.ac.kr,2,4
100956,더미학생00956,1,010-9009-0956,dummy00956@jnu.ac.kr,3,5
100957,더미학생00957,2,010-9009-0957,dummy00957@jnu.ac.kr,4,6
100958,더미학생00958,3,010-9009-0958,dummy00958@jnu.ac.kr,5,7
100959,더미학생00959,4,010-9009-0959,dummy00959@jnu.ac.kr,6,8
100960,더미학생00960,1,010-9009-0960,dummy00960@jnu.ac.kr,1,1
100961,더미학생00961,2,010-9009-0961,dummy00961@jnu.ac.kr,2,2
100962,더미학생00962,3,010-9009-0962,dummy00962@jnu.ac.kr,3,3
100963,더미학생00963,4,010-9009-0963,dummy00963@jnu.ac.kr,4,4
100964,더미학생00964,1,010-9009-0964,dummy00964@jnu.ac.kr,5,5
100965,더미학생00965,2,010-9009-0965,dummy00965@jnu.ac.kr,6,6
100966,더미학생00966,3,010-9009-0966,dummy00966@jnu.ac.kr,1,7
100967,더미학생00967,4,010-9009-0967,dummy00967@jnu.ac.kr,2,8
100968,더미학생00968,1,010-9009-0968,dummy00968@jnu.ac.kr,3,1
100969,더미학생00969,2,010-9009-0969,dummy00969@jnu.ac.kr,4,2
100970,더미학생00970,3,010-9009-0970,dummy00970@jnu.ac.kr,5,3
100971,더미학생00971,4,010-9009-0971,dummy00971@jnu.ac.kr,6,4
100972,더미학생00972,1,010-9009-0972,dummy00972@jnu.ac.kr,1,5
100973,더미학생00973,2,010-9009-0973,dummy00973@jnu.ac.kr,2,6
100974,더미학생00974,3,010-9009-0974,dummy00974@jnu.ac.kr,3,7
100975,더미학생00975,4,010-9009-0975,dummy00975@jnu.ac.kr,4,8
100976,더미학생00976,1,010-9009-0976,dummy00976@jnu.ac.kr,5,1
100977,더미학생00977,2,010-9009-0977,dummy00977@jnu.ac.kr,6,2
100978,더미학생00978,3,010-9009-0978,dummy00978@jnu.ac.kr,1,3
100979,더미학생00979,4,010-9009-0979,dummy00979@jnu.ac.kr,2,4
100980,더미학생00980,1,010-9009-0980,dummy00980@jnu.ac.kr,3,5
100981,더미학생00981,2,010-9009-0981,dummy00981@jnu.ac.kr,4,6
100982,더미학생00982,3,010-9009-0982,dummy00982@jnu.ac.kr,5,7
100983,더미학생00983,4,010-9009-0983,dummy00983@jnu.ac.kr,6,8
100984,더미학생00984,1,010-9009-0984,dummy00984@jnu.ac.kr,1,1
100985,더미학생00985,2,010-9009-0985,dummy00985@jnu.ac.kr,2,2
100986,더미학생00986,3,010-9009-0986,dummy00986@jnu.ac.kr,3,3
100987,더미학생00987,4,010-9009-0987,dummy00987@jnu.ac.kr,4,4
100988,더미학생00988,1,010-9009-0988,dummy00988@jnu.ac.kr,5,5
100989,더미학생00989,2,010-9009-0989,dummy00989@jnu.ac.kr,6,6
100990,더미학생00990,3,010-9009-0990,dummy00990@jnu.ac.kr,1,7
100991,더미학생00991,4,010-9009-0991,dummy00991@jnu.ac.kr,2,8
100992,더미학생00992,1,010-9009-0992,dummy00992@jnu.ac.kr,3,1
100993,더미학생00993,2,010-9009-0993,dummy00993@jnu.ac.kr,4,2
100994,더미학생00994,3,010-9009-0994,dummy00994@jnu.ac.kr,5,3
100995,더미학생00995,4,010-9009-0995,dummy00995@jnu.ac.kr,6,4
100996,더미학생00996,1,010-9009-0996,dummy00996@jnu.ac.kr,1,5
100997,더미학생00997,2,010-9009-0997,dummy00997@jnu.ac.kr,2,6
100998,더미학생00998,3,010-9009-0998,dummy00998@jnu.ac.kr,3,7
100999,더미학생00999,4,010-9009-0999,dummy00999@jnu.ac.kr,4,8
101000,더미학생01000,1,010-9010-1000,dummy01000@jnu.ac.kr,5,1
101001,더미학생01001,2,010-9010-1001,dummy01001@jnu.ac.kr,6,2
101002,더미학생01002,3,010-9010-1002,dummy01002@jnu.ac.kr,1,3
101003,더미학생01003,4,010-9010-1003,dummy01003@jnu.ac.kr,2,4
101004,더미학생01004,1,010-9010-1004,dummy01004@jnu.ac.kr,3,5
101005,더미학생01005,2,010-9010-1005,dummy01005@jnu.ac.kr,4,6
101006,더미학생01006,3,010-9010-1006,dummy01006@jnu.ac.kr,5,7
101007,더미학생01007,4,010-9010-1007,dummy01007@jnu.ac.kr,6,8
101008,더미학생01008,1,010-9010-1008,dummy01008@jnu.ac.kr,1,1
101009,더미학생01009,2,010-9010-1009,dummy01009@jnu.ac.kr,2,2
101010,더미학생01010,3,010-9010-1010,dummy01010@jnu.ac.kr,3,3
101011,더미학생01011,4,010-9010-1011,dummy01011@jnu.ac.kr,4,4
101012,더미학생01012,1,010-9010-1012,dummy01012@jnu.ac.kr,5,5
101013,더미학생01013,2,010-9010-1013,dummy01013@jnu.ac.kr,6,6
101014,더미학생01014,3,010-9010-1014,dummy01014@jnu.ac.kr,1,7
101015,더미학생01015,4,010-9010-1015,dummy01015@jnu.ac.kr,2,8
101016,더미학생01016,1,010-9010-1016,dummy01016@jnu.ac.kr,3,1
101017,더미학생01017,2,010-9010-1017,dummy01017@jnu.ac.kr,4,2
101018,더미학생01018,3,010-9010-1018,dummy01018@jnu.ac.kr,5,3
101019,더미학생01019,4,010-9010-1019,dummy01019@jnu.ac.kr,6,4
101020,더미학생01020,1,010-9010-1020,dummy01020@jnu.ac.kr,1,5
101021,더미학생01021,2,010-9010-1021,dummy01021@jnu.ac.kr,2,6
101022,더미학생01022,3,010-9010-1022,dummy01022@jnu.ac.kr,3,7
101023,더미학생01023,4,010-9010-1023,dummy01023@jnu.ac.kr,4,8
101024,더미학생01024,1,010-9010-1024,dummy01024@jnu.ac.kr,5,1
101025,더미학생01025,2,010-9010-1025,dummy01025@jnu.ac.kr,6,2
101026,더미학생01026,3,010-9010-1026,dummy01026@jnu.ac.kr,1,3
101027,더미학생01027,4,010-9010-1027,dummy01027@jnu.ac.kr,2,4
101028,더미학생01028,1,010-9010-1028,dummy01028@jnu.ac.kr,3,5
101029,더미학생01029,2,010-9010-1029,dummy01029@jnu.ac.kr,4,6
101030,더미학생01030,3,010-9010-1030,dummy01030@jnu.ac.kr,5,7
101031,더미학생01031,4,010-9010-1031,dummy01031@jnu.ac.kr,6,8
101032,더미학생01032,1,010-9010-1032,dummy01032@jnu.ac.kr,1,1
101033,더미학생01033,2,010-9010-1033,dummy01033@jnu.ac.kr,2,2
101034,더미학생01034,3,010-9010-1034,dummy01034@jnu.ac.kr,3,3
101035,더미학생01035,4,010-9010-1035,dummy01035@jnu.ac.kr,4,4
101036,더미학생01036,1,010-9010-1036,dummy01036@jnu.ac.kr,5,5
101037,더미학생01037,2,010-9010-1037,dummy01037@jnu.ac.kr,6,6
101038,더미학생01038,3,010-9010-1038,dummy01038@jnu.ac.kr,1,7
101039,더미학생01039,4,010-9010-1039,dummy01039@jnu.ac.kr,2,8
101040,더미학생01040,1,010-9010-1040,dummy01040@jnu.ac.kr,3,1
101041,더미학생01041,2,010-9010-1041,dummy01041@jnu.ac.kr,4,2
101042,더미학생01042,3,010-9010-1042,dummy01042@jnu.ac.kr,5,3
101043,더미학생01043,4,010-9010-1043,dummy01043@jnu.ac.kr,6,4
101044,더미학생01044,1,010-9010-1044,dummy01044@jnu.ac.kr,1,5
101045,더미학생01045,2,010-9010-1045,dummy01045@jnu.ac.kr,2,6
101046,더미학생01046,3,010-9010-1046,dummy01046@jnu.ac.kr,3,7
101047,더미학생01047,4,010-9010-1047,dummy01047@jnu.ac.kr,4,8
101048,더미학생01048,1,010-9010-1048,dummy01048@jnu.ac.kr,5,1
101049,더미학생01049,2,010-9010-1049,dummy01049@jnu.ac.kr,6,2
101050,더미학생01050,3,010-9010-1050,dummy01050@jnu.ac.kr,1,3
101051,더미학생01051,4,010-9010-1051,dummy01051@jnu.ac.kr,2,4
101052,더미학생01052,1,010-9010-1052,dummy01052@jnu.ac.kr,3,5
101053,더미학생01053,2,010-9010-1053,dummy01053@jnu.ac.kr,4,6
101054,더미학생01054,3,010-9010-1054,dummy01054@jnu.ac.kr,5,7
101055,더미학생01055,4,010-9010-1055,dummy01055@jnu.ac.kr,6,8
101056,더미학생01056,1,010-9010-1056,dummy01056@jnu.ac.kr,1,1
101057,더미학생01057,2,010-9010-1057,dummy01057@jnu.ac.kr,2,2
101058,더미학생01058,3,010-9010-1058,dummy01058@jnu.ac.kr,3,3
101059,더미학생01059,4,010-9010-1059,dummy01059@jnu.ac.kr,4,4
101060,더미학생01060,1,010-9010-1060,dummy01060@jnu.ac.kr,5,5
101061,더미학생01061,2,010-9010-1061,dummy01061@jnu.ac.kr,6,6
101062,더미학생01062,3,010-9010-1062,dummy01062@jnu.ac.kr,1,7
101063,더미학생01063,4,010-9010-1063,dummy01063@jnu.ac.kr,2,8
101064,더미학생01064,1,010-9010-1064,dummy01064@jnu.ac.kr,3,1
101065,더미학생01065,2,010-9010-1065,dummy01065@jnu.ac.kr,4,2
101066,더미학생01066,3,010-9010-1066,dummy01066@jnu.ac.kr,5,3
101067,더미학생01067,4,010-9010-1067,dummy01067@jnu.ac.kr,6,4
101068,더미학생01068,1,010-9010-1068,dummy01068@jnu.ac.kr,1,5
101069,더미학생01069,2,010-9010-1069,dummy01069@jnu.ac.kr,2,6
101070,더미학생01070,3,010-9010-1070,dummy01070@jnu.ac.kr,3,7
101071,더미학생01071,4,010-9010-1071,dummy01071@jnu.ac.kr,4,8
101072,더미학생01072,1,010-9010-1072,dummy01072@jnu.ac.kr,5,1
101073,더미학생01073,2,010-9010-1073,dummy01073@jnu.ac.kr,6,2
101074,더미학생01074,3,010-9010-1074,dummy01074@jnu.ac.kr,1,3
101075,더미학생01075,4,010-9010-1075,dummy01075@jnu.ac.kr,2,4
101076,더미학생01076,1,010-9010-1076,dummy01076@jnu.ac.kr,3,5
101077,더미학생01077,2,010-9010-1077,dummy01077@jnu.ac.kr,4,6
101078,더미학생01078,3,010-9010-1078,dummy01078@jnu.ac.kr,5,7
101079,더미학생01079,4,010-9010-1079,dummy01079@jnu.ac.kr,6,8
101080,더미학생01080,1,010-9010-1080,dummy01080@jnu.ac.kr,1,1
101081,더미학생01081,2,010-9010-1081,dummy01081@jnu.ac.kr,2,2
101082,더미학생01082,3,010-9010-1082,dummy01082@jnu.ac.kr,3,3
101083,더미학생01083,4,010-9010-1083,dummy01083@jnu.ac.kr,4,4
101084,더미학생01084,1,010-9010-1084,dummy01084@jnu.ac.kr,5,5
101085,더미학생01085,2,010-9010-1085,dummy01085@jnu.ac.kr,6,6
101086,더미학생01086,3,010-9010-1086,dummy01086@jnu.ac.kr,1,7
101087,더미학생01087,4,010-9010-1087,dummy01087@jnu.ac.kr,2,8
101088,더미학생01088,1,010-9010-1088,dummy01088@jnu.ac.kr,3,1
101089,더미학생01089,2,010-9010-1089,dummy01089@jnu.ac.kr,4,2
101090,더미학생01090,3,010-9010-1090,dummy01090@jnu.ac.kr,5,3
101091,더미학생01091,4,010-9010-1091,dummy01091@jnu.ac.kr,6,4
101092,더미학생01092,1,010-9010-1092,dummy01092@jnu.ac.kr,1,5
101093,더미학생01093,2,010-9010-1093,dummy01093@jnu.ac.kr,2,6
101094,더미학생01094,3,010-9010-1094,dummy01094@jnu.ac.kr,3,7
101095,더미학생01095,4,010-9010-1095,dummy01095@jnu.ac.kr,4,8
101096,더미학생01096,1,010-9010-1096,dummy01096@jnu.ac.kr,5,1
101097,더미학생01097,2,010-9010-1097,dummy01097@jnu.ac.kr,6,2
101098,더미학생01098,3,010-9010-1098,dummy01098@jnu.ac.kr,1,3
101099,더미학생01099,4,010-9010-1099,dummy01099@jnu.ac.kr,2,4
101100,더미학생01100,1,010-9011-1100,dummy01100@jnu.ac.kr,3,5
101101,더미학생01101,2,010-9011-1101,dummy01101@jnu.ac.kr,4,6
101102,더미학생01102,3,010-9011-1102,dummy01102@jnu.ac.kr,5,7
101103,더미학생01103,4,010-9011-1103,dummy01103@jnu.ac.kr,6,8
101104,더미학생01104,1,010-9011-1104,dummy01104@jnu.ac.kr,1,1
101105,더미학생01105,2,010-9011-1105,dummy01105@jnu.ac.kr,2,2
101106,더미학생01106,3,010-9011-1106,dummy01106@jnu.ac.kr,3,3
101107,더미학생01107,4,010-9011-1107,dummy01107@jnu.ac.kr,4,4
101108,더미학생01108,1,010-9011-1108,dummy01108@jnu.ac.kr,5,5
101109,더미학생01109,2,010-9011-1109,dummy01109@jnu.ac.kr,6,6
101110,더미학생01110,3,010-9011-1110,dummy01110@jnu.ac.kr,1,7
101111,더미학생01111,4,010-9011-1111,dummy01111@jnu.ac.kr,2,8
101112,더미학생01112,1,010-9011-1112,dummy01112@jnu.ac.kr,3,1
101113,더미학생01113,2,010-9011-1113,dummy01113@jnu.ac.kr,4,2
101114,더미학생01114,3,010-9011-1114,dummy01114@jnu.ac.kr,5,3
101115,더미학생01115,4,010-9011-1115,dummy01115@jnu.ac.kr,6,4
101116,더미학생01116,1,010-9011-1116,dummy01116@jnu.ac.kr,1,5
101117,더미학생01117,2,010-9011-1117,dummy01117@jnu.ac.kr,2,6
101118,더미학생01118,3,010-9011-1118,dummy01118@jnu.ac.kr,3,7
101119,더미학생01119,4,010-9011-1119,dummy01119@jnu.ac.kr,4,8
101120,더미학생01120,1,010-9011-1120,dummy01120@jnu.ac.kr,5,1
101121,더미학생01121,2,010-9011-1121,dummy01121@jnu.ac.kr,6,2
101122,더미학생01122,3,010-9011-1122,dummy01122@jnu.ac.kr,1,3
101123,더미학생01123,4,010-9011-1123,dummy01123@jnu.ac.kr,2,4
101124,더미학생01124,1,010-9011-1124,dummy01124@jnu.ac.kr,3,5
101125,더미학생01125,2,010-9011-1125,dummy01125@jnu.ac.kr,4,6
101126,더미학생01126,3,010-9011-1126,dummy01126@jnu.ac.kr,5,7
101127,더미학생01127,4,010-9011-1127,dummy01127@jnu.ac.kr,6,8
101128,더미학생01128,1,010-9011-1128,dummy01128@jnu.ac.kr,1,1
101129,더미학생01129,2,010-9011-1129,dummy01129@jnu.ac.kr,2,2
101130,더미학생01130,3,010-9011-1130,dummy01130@jnu.ac.kr,3,3
101131,더미학생01131,4,010-9011-1131,dummy01131@jnu.ac.kr,4,4
101132,더미학생01132,1,010-9011-1132,dummy01132@jnu.ac.kr,5,5
101133,더미학생01133,2,010-9011-1133,dummy01133@jnu.ac.kr,6,6
101134,더미학생01134,3,010-9011-1134,dummy01134@jnu.ac.kr,1,7
101135,더미학생01135,4,010-9011-1135,dummy01135@jnu.ac.kr,2,8
101136,더미학생01136,1,010-9011-1136,dummy01136@jnu.ac.kr,3,1
101137,더미학생01137,2,010-9011-1137,dummy01137@jnu.ac.kr,4,2
101138,더미학생01138,3,010-9011-1138,dummy01138@jnu.ac.kr,5,3
101139,더미학생01139,4,010-9011-1139,dummy01139@jnu.ac.kr,6,4
101140,더미학생01140,1,010-9011-1140,dummy01140@jnu.ac.kr,1,5
101141,더미학생01141,2,010-9011-1141,dummy01141@jnu.ac.kr,2,6
101142,더미학생01142,3,010-9011-1142,dummy01142@jnu.ac.kr,3,7
101143,더미학생01143,4,010-9011-1143,dummy01143@jnu.ac.kr,4,8
101144,더미학생01144,1,010-9011-1144,dummy01144@jnu.ac.kr,5,1
101145,더미학생01145,2,010-9011-1145,dummy01145@jnu.ac.kr,6,2
101146,더미학생01146,3,010-9011-1146,dummy01146@jnu.ac.kr,1,3
101147,더미학생01147,4,010-9011-1147,dummy01147@jnu.ac.kr,2,4
101148,더미학생01148,1,010-9011-1148,dummy01148@jnu.ac.kr,3,5
101149,더미학생01149,2,010-9011-1149,dummy01149@jnu.ac.kr,4,6
101150,더미학생01150,3,010-9011-1150,dummy01150@jnu.ac.kr,5,7
101151,더미학생01151,4,010-9011-1151,dummy01151@jnu.ac.kr,6,8
101152,더미학생01152,1,010-9011-1152,dummy01152@jnu.ac.kr,1,1
101153,더미학생01153,2,010-9011-1153,dummy01153@jnu.ac.kr,2,2
101154,더미학생01154,3,010-9011-1154,dummy01154@jnu.ac.kr,3,3
101155,더미학생01155,4,010-9011-1155,dummy01155@jnu.ac.kr,4,4
101156,더미학생01156,1,010-9011-1156,dummy01156@jnu.ac.kr,5,5
101157,더미학생01157,2,010-9011-1157,dummy01157@jnu.ac.kr,6,6
101158,더미학생01158,3,010-9011-1158,dummy01158@jnu.ac.kr,1,7
101159,더미학생01159,4,010-9011-1159,dummy01159@jnu.ac.kr,2,8
101160,더미학생01160,1,010-9011-1160,dummy01160@jnu.ac.kr,3,1
101161,더미학생01161,2,010-9011-1161,dummy01161@jnu.ac.kr,4,2
101162,더미학생01162,3,010-9011-1162,dummy01162@jnu.ac.kr,5,3
101163,더미학생01163,4,010-9011-1163,dummy01163@jnu.ac.kr,6,4
101164,더미학생01164,1,010-9011-1164,dummy01164@jnu.ac.kr,1,5
101165,더미학생01165,2,010-9011-1165,dummy01165@jnu.ac.kr,2,6
101166,더미학생01166,3,010-9011-1166,dummy01166@jnu.ac.kr,3,7
101167,더미학생01167,4,010-9011-1167,dummy01167@jnu.ac.kr,4,8
101168,더미학생01168,1,010-9011-1168,dummy01168@jnu.ac.kr,5,1
101169,더미학생01169,2,010-9011-1169,dummy01169@jnu.ac.kr,6,2
101170,더미학생01170,3,010-9011-1170,dummy01170@jnu.ac.kr,1,3
101171,더미학생01171,4,010-9011-1171,dummy01171@jnu.ac.kr,2,4
101172,더미학생01172,1,010-9011-1172,dummy01172@jnu.ac.kr,3,5
101173,더미학생01173,2,010-9011-1173,dummy01173@jnu.ac.kr,4,6
101174,더미학생01174,3,010-9011-1174,dummy01174@jnu.ac.kr,5,7
101175,더미학생01175,4,010-9011-1175,dummy01175@jnu.ac.kr,6,8
101176,더미학생01176,1,010-9011-1176,dummy01176@jnu.ac.kr,1,1
101177,더미학생01177,2,010-9011-1177,dummy01177@jnu.ac.kr,2,2
101178,더미학생01178,3,010-9011-1178,dummy01178@jnu.ac.kr,3,3
101179,더미학생01179,4,010-9011-1179,dummy01179@jnu.ac.kr,4,4
101180,더미학생01180,1,010-9011-1180,dummy01180@jnu.ac.kr,5,5
101181,더미학생01181,2,010-9011-1181,dummy01181@jnu.ac.kr,6,6
101182,더미학생01182,3,010-9011-1182,dummy01182@jnu.ac.kr,1,7
101183,더미학생01183,4,010-9011-1183,dummy01183@jnu.ac.kr,2,8
101184,더미학생01184,1,010-9011-1184,dummy01184@jnu.ac.kr,3,1
101185,더미학생01185,2,010-9011-1185,dummy01185@jnu.ac.kr,4,2
101186,더미학생01186,3,010-9011-1186,dummy01186@jnu.ac.kr,5,3
101187,더미학생01187,4,010-9011-1187,dummy01187@jnu.ac.kr,6,4
101188,더미학생01188,1,010-9011-1188,dummy01188@jnu.ac.kr,1,5
101189,더미학생01189,2,010-9011-1189,dummy01189@jnu.ac.kr,2,6
101190,더미학생01190,3,010-9011-1190,dummy01190@jnu.ac.kr,3,7
101191,더미학생01191,4,010-9011-1191,dummy01191@jnu.ac.kr,4,8
101192,더미학생01192,1,010-9011-1192,dummy01192@jnu.ac.kr,5,1
101193,더미학생01193,2,010-9011-1193,dummy01193@jnu.ac.kr,6,2
101194,더미학생01194,3,010-9011-1194,dummy01194@jnu.ac.kr,1,3
101195,더미학생01195,4,010-9011-1195,dummy01195@jnu.ac.kr,2,4
101196,더미학생01196,1,010-9011-1196,dummy01196@jnu.ac.kr,3,5
101197,더미학생01197,2,010-9011-1197,dummy01197@jnu.ac.kr,4,6
101198,더미학생01198,3,010-9011-1198,dummy01198@jnu.ac.kr,5,7
101199,더미학생01199,4,010-9011-1199,dummy01199@jnu.ac.kr,6,8
101200,더미학생01200,1,010-9012-1200,dummy01200@jnu.ac.kr,1,1
101201,더미학생01201,2,010-9012-1201,dummy01201@jnu.ac.kr,2,2
101202,더미학생01202,3,010-9012-1202,dummy01202@jnu.ac.kr,3,3
101203,더미학생01203,4,010-9012-1203,dummy01203@jnu.ac.kr,4,4
101204,더미학생01204,1,010-9012-1204,dummy01204@jnu.ac.kr,5,5
101205,더미학생01205,2,010-9012-1205,dummy01205@jnu.ac.kr,6,6
101206,더미학생01206,3,010-9012-1206,dummy01206@jnu.ac.kr,1,7
101207,더미학생01207,4,010-9012-1207,dummy01207@jnu.ac.kr,2,8
101208,더미학생01208,1,010-9012-1208,dummy01208@jnu.ac.kr,3,1
101209,더미학생01209,2,010-9012-1209,dummy01209@jnu.ac.kr,4,2
101210,더미학생01210,3,010-9012-1210,dummy01210@jnu.ac.kr,5,3
101211,더미학생01211,4,010-9012-1211,dummy01211@jnu.ac.kr,6,4
101212,더미학생01212,1,010-9012-1212,dummy01212@jnu.ac.kr,1,5
101213,더미학생01213,2,010-9012-1213,dummy01213@jnu.ac.kr,2,6
101214,더미학생01214,3,010-9012-1214,dummy01214@jnu.ac.kr,3,7
101215,더미학생01215,4,010-9012-1215,dummy01215@jnu.ac.kr,4,8
101216,더미학생01216,1,010-9012-1216,dummy01216@jnu.ac.kr,5,1
101217,더미학생01217,2,010-9012-1217,dummy01217@jnu.ac.kr,6,2
101218,더미학생01218,3,010-9012-1218,dummy01218@jnu.ac.kr,1,3
101219,더미학생01219,4,010-9012-1219,dummy01219@jnu.ac.kr,2,4
101220,더미학생01220,1,010-9012-1220,dummy01220@jnu.ac.kr,3,5
101221,더미학생01221,2,010-9012-1221,dummy01221@jnu.ac.kr,4,6
101222,더미학생01222,3,010-9012-1222,dummy01222@jnu.ac.kr,5,7
101223,더미학생01223,4,010-9012-1223,dummy01223@jnu.ac.kr,6,8
101224,더미학생01224,1,010-9012-1224,dummy01224@jnu.ac.kr,1,1
101225,더미학생01225,2,010-9012-1225,dummy01225@jnu.ac.kr,2,2
101226,더미학생01226,3,010-9012-1226,dummy01226@jnu.ac.kr,3,3
101227,더미학생01227,4,010-9012-1227,dummy01227@jnu.ac.kr,4,4
101228,더미학생01228,1,010-9012-1228,dummy01228@jnu.ac.kr,5,5
101229,더미학생01229,2,010-9012-1229,dummy01229@jnu.ac.kr,6,6
101230,더미학생01230,3,010-9012-1230,dummy01230@jnu.ac.kr,1,7
101231,더미학생01231,4,010-9012-1231,dummy01231@jnu.ac.kr,2,8
101232,더미학생01232,1,010-9012-1232,dummy01232@jnu.ac.kr,3,1
101233,더미학생01233,2,010-9012-1233,dummy01233@jnu.ac.kr,4,2
101234,더미학생01234,3,010-9012-1234,dummy01234@jnu.ac.kr,5,3
101235,더미학생01235,4,010-9012-1235,dummy01235@jnu.ac.kr,6,4
101236,더미학생01236,1,010-9012-1236,dummy01236@jnu.ac.kr,1,5
101237,더미학생01237,2,010-9012-1237,dummy01237@jnu.ac.kr,2,6
101238,더미학생01238,3,010-9012-1238,dummy01238@jnu.ac.kr,3,7
101239,더미학생01239,4,010-9012-1239,dummy01239@jnu.ac.kr,4,8
101240,더미학생01240,1,010-9012-1240,dummy01240@jnu.ac.kr,5,1
101241,더미학생01241,2,010-9012-1241,dummy01241@jnu.ac.kr,6,2
101242,더미학생01242,3,010-9012-1242,dummy01242@jnu.ac.kr,1,3
101243,더미학생01243,4,010-9012-1243,dummy01243@jnu.ac.kr,2,4
101244,더미학생01244,1,010-9012-1244,dummy01244@jnu.ac.kr,3,5
101245,더미학생01245,2,010-9012-1245,dummy01245@jnu.ac.kr,4,6
101246,더미학생01246,3,010-9012-1246,dummy01246@jnu.ac.kr,5,7
101247,더미학생01247,4,010-9012-1247,dummy01247@jnu.ac.kr,6,8
101248,더미학생01248,1,010-9012-1248,dummy01248@jnu.ac.kr,1,1
101249,더미학생01249,2,010-9012-1249,dummy01249@jnu.ac.kr,2,2
101250,더미학생01250,3,010-9012-1250,dummy01250@jnu.ac.kr,3,3
101251,더미학생01251,4,010-9012-1251,dummy01251@jnu.ac.kr,4,4
101252,더미학생01252,1,010-9012-1252,dummy01252@jnu.ac.kr,5,5
101253,더미학생01253,2,010-9012-1253,dummy01253@jnu.ac.kr,6,6
101254,더미학생01254,3,010-9012-1254,dummy01254@jnu.ac.kr,1,7
101255,더미학생01255,4,010-9012-1255,dummy01255@jnu.ac.kr,2,8
101256,더미학생01256,1,010-9012-1256,dummy01256@jnu.ac.kr,3,1
101257,더미학생01257,2,010-9012-1257,dummy01257@jnu.ac.kr,4,2
101258,더미학생01258,3,010-9012-1258,dummy01258@jnu.ac.kr,5,3
101259,더미학생01259,4,010-9012-1259,dummy01259@jnu.ac.kr,6,4
101260,더미학생01260,1,010-9012-1260,dummy01260@jnu.ac.kr,1,5
101261,더미학생01261,2,010-9012-1261,dummy01261@jnu.ac.kr,2,6
101262,더미학생01262,3,010-9012-1262,dummy01262@jnu.ac.kr,3,7
101263,더미학생01263,4,010-9012-1263,dummy01263@jnu.ac.kr,4,8
101264,더미학생01264,1,010-9012-1264,dummy01264@jnu.ac.kr,5,1
101265,더미학생01265,2,010-9012-1265,dummy01265@jnu.ac.kr,6,2
101266,더미학생01266,3,010-9012-1266,dummy01266@jnu.ac.kr,1,3
101267,더미학생01267,4,010-9012-1267,dummy01267@jnu.ac.kr,2,4
101268,더미학생01268,1,010-9012-1268,dummy01268@jnu.ac.kr,3,5
101269,더미학생01269,2,010-9012-1269,dummy01269@jnu.ac.kr,4,6
101270,더미학생01270,3,010-9012-1270,dummy01270@jnu.ac.kr,5,7
101271,더미학생01271,4,010-9012-1271,dummy01271@jnu.ac.kr,6,8
101272,더미학생01272,1,010-9012-1272,dummy01272@jnu.ac.kr,1,1
101273,더미학생01273,2,010-9012-1273,dummy01273@jnu.ac.kr,2,2
101274,더미학생01274,3,010-9012-1274,dummy01274@jnu.ac.kr,3,3
101275,더미학생01275,4,010-9012-1275,dummy01275@jnu.ac.kr,4,4
101276,더미학생01276,1,010-9012-1276,dummy01276@jnu.ac.kr,5,5
101277,더미학생01277,2,010-9012-1277,dummy01277@jnu.ac.kr,6,6
101278,더미학생01278,3,010-9012-1278,dummy01278@jnu.ac.kr,1,7
101279,더미학생01279,4,010-9012-1279,dummy01279@jnu.ac.kr,2,8
101280,더미학생01280,1,010-9012-1280,dummy01280@jnu.ac.kr,3,1
101281,더미학생01281,2,010-9012-1281,dummy01281@jnu.ac.kr,4,2
101282,더미학생01282,3,010-9012-1282,dummy01282@jnu.ac.kr,5,3
101283,더미학생01283,4,010-9012-1283,dummy01283@jnu.ac.kr,6,4
101284,더미학생01284,1,010-9012-1284,dummy01284@jnu.ac.kr,1,5
101285,더미학생01285,2,010-9012-1285,dummy01285@jnu.ac.kr,2,6
101286,더미학생01286,3,010-9012-1286,dummy01286@jnu.ac.kr,3,7
101287,더미학생01287,4,010-9012-1287,dummy01287@jnu.ac.kr,4,8
101288,더미학생01288,1,010-9012-1288,dummy01288@jnu.ac.kr,5,1
101289,더미학생01289,2,010-9012-1289,dummy01289@jnu.ac.kr,6,2
101290,더미학생01290,3,010-9012-1290,dummy01290@jnu.ac.kr,1,3
101291,더미학생01291,4,010-9012-1291,dummy01291@jnu.ac.kr,2,4
101292,더미학생01292,1,010-9012-1292,dummy01292@jnu.ac.kr,3,5
101293,더미학생01293,2,010-9012-1293,dummy01293@jnu.ac.kr,4,6
101294,더미학생01294,3,010-9012-1294,dummy01294@jnu.ac.kr,5,7
101295,더미학생01295,4,010-9012-1295,dummy01295@jnu.ac.kr,6,8
101296,더미학생01296,1,010-9012-1296,dummy01296@jnu.ac.kr,1,1
101297,더미학생01297,2,010-9012-1297,dummy01297@jnu.ac.kr,2,2
101298,더미학생01298,3,010-9012-1298,dummy01298@jnu.ac.kr,3,3
101299,더미학생01299,4,010-9012-1299,dummy01299@jnu.ac.kr,4,4
101300,더미학생01300,1,010-9013-1300,dummy01300@jnu.ac.kr,5,5
101301,더미학생01301,2,010-9013-1301,dummy01301@jnu.ac.kr,6,6
101302,더미학생01302,3,010-9013-1302,dummy01302@jnu.ac.kr,1,7
101303,더미학생01303,4,010-9013-1303,dummy01303@jnu.ac.kr,2,8
101304,더미학생01304,1,010-9013-1304,dummy01304@jnu.ac.kr,3,1
101305,더미학생01305,2,010-9013-1305,dummy01305@jnu.ac.kr,4,2
101306,더미학생01306,3,010-9013-1306,dummy01306@jnu.ac.kr,5,3
101307,더미학생01307,4,010-9013-1307,dummy01307@jnu.ac.kr,6,4
101308,더미학생01308,1,010-9013-1308,dummy01308@jnu.ac.kr,1,5
101309,더미학생01309,2,010-9013-1309,dummy01309@jnu.ac.kr,2,6
101310,더미학생01310,3,010-9013-1310,dummy01310@jnu.ac.kr,3,7
101311,더미학생01311,4,010-9013-1311,dummy01311@jnu.ac.kr,4,8
101312,더미학생01312,1,010-9013-1312,dummy01312@jnu.ac.kr,5,1
101313,더미학생01313,2,010-9013-1313,dummy01313@jnu.ac.kr,6,2
101314,더미학생01314,3,010-9013-1314,dummy01314@jnu.ac.kr,1,3
101315,더미학생01315,4,010-9013-1315,dummy01315@jnu.ac.kr,2,4
101316,더미학생01316,1,010-9013-1316,dummy01316@jnu.ac.kr,3,5
101317,더미학생01317,2,010-9013-1317,dummy01317@jnu.ac.kr,4,6
101318,더미학생01318,3,010-9013-1318,dummy01318@jnu.ac.kr,5,7
101319,더미학생01319,4,010-9013-1319,dummy01319@jnu.ac.kr,6,8
101320,더미학생01320,1,010-9013-1320,dummy01320@jnu.ac.kr,1,1
101321,더미학생01321,2,010-9013-1321,dummy01321@jnu.ac.kr,2,2
101322,더미학생01322,3,010-9013-1322,dummy01322@jnu.ac.kr,3,3
101323,더미학생01323,4,010-9013-1323,dummy01323@jnu.ac.kr,4,4
101324,더미학생01324,1,010-9013-1324,dummy01324@jnu.ac.kr,5,5
101325,더미학생01325,2,010-9013-1325,dummy01325@jnu.ac.kr,6,6
101326,더미학생01326,3,010-9013-1326,dummy01326@jnu.ac.kr,1,7
101327,더미학생01327,4,010-9013-1327,dummy01327@jnu.ac.kr,2,8
101328,더미학생01328,1,010-9013-1328,dummy01328@jnu.ac.kr,3,1
101329,더미학생01329,2,010-9013-1329,dummy01329@jnu.ac.kr,4,2
101330,더미학생01330,3,010-9013-1330,dummy01330@jnu.ac.kr,5,3
101331,더미학생01331,4,010-9013-1331,dummy01331@jnu.ac.kr,6,4
101332,더미학생01332,1,010-9013-1332,dummy01332@jnu.ac.kr,1,5
101333,더미학생01333,2,010-9013-1333,dummy01333@jnu.ac.kr,2,6
101334,더미학생01334,3,010-9013-1334,dummy01334@jnu.ac.kr,3,7
101335,더미학생01335,4,010-9013-1335,dummy01335@jnu.ac.kr,4,8
101336,더미학생01336,1,010-9013-1336,dummy01336@jnu.ac.kr,5,1
101337,더미학생01337,2,010-9013-1337,dummy01337@jnu.ac.kr,6,2
101338,더미학생01338,3,010-9013-1338,dummy01338@jnu.ac.kr,1,3
101339,더미학생01339,4,010-9013-1339,dummy01339@jnu.ac.kr,2,4
101340,더미학생01340,1,010-9013-1340,dummy01340@jnu.ac.kr,3,5
101341,더미학생01341,2,010-9013-1341,dummy01341@jnu.ac.kr,4,6
101342,더미학생01342,3,010-9013-1342,dummy01342@jnu.ac.kr,5,7
101343,더미학생01343,4,010-9013-1343,dummy01343@jnu.ac.kr,6,8
101344,더미학생01344,1,010-9013-1344,dummy01344@jnu.ac.kr,1,1
101345,더미학생01345,2,010-9013-1345,dummy01345@jnu.ac.kr,2,2
101346,더미학생01346,3,010-9013-1346,dummy01346@jnu.ac.kr,3,3
101347,더미학생01347,4,010-9013-1347,dummy01347@jnu.ac.kr,4,4
101348,더미학생01348,1,010-9013-1348,dummy01348@jnu.ac.kr,5,5
101349,더미학생01349,2,010-9013-1349,dummy01349@jnu.ac.kr,6,6
101350,더미학생01350,3,010-9013-1350,dummy01350@jnu.ac.kr,1,7
101351,더미학생01351,4,010-9013-1351,dummy01351@jnu.ac.kr,2,8
101352,더미학생01352,1,010-9013-1352,dummy01352@jnu.ac.kr,3,1
101353,더미학생01353,2,010-9013-1353,dummy01353@jnu.ac.kr,4,2
101354,더미학생01354,3,010-9013-1354,dummy01354@jnu.ac.kr,5,3
101355,더미학생01355,4,010-9013-1355,dummy01355@jnu.ac.kr,6,4
101356,더미학생01356,1,010-9013-1356,dummy01356@jnu.ac.kr,1,5
101357,더미학생01357,2,010-9013-1357,dummy01357@jnu.ac.kr,2,6
101358,더미학생01358,3,010-9013-1358,dummy01358@jnu.ac.kr,3,7
101359,더미학생01359,4,010-9013-1359,dummy01359@jnu.ac.kr,4,8
101360,더미학생01360,1,010-9013-1360,dummy01360@jnu.ac.kr,5,1
101361,더미학생01361,2,010-9013-1361,dummy01361@jnu.ac.kr,6,2
101362,더미학생01362,3,010-9013-1362,dummy01362@jnu.ac.kr,1,3
101363,더미학생01363,4,010-9013-1363,dummy01363@jnu.ac.kr,2,4
101364,더미학생01364,1,010-9013-1364,dummy01364@jnu.ac.kr,3,5
101365,더미학생01365,2,010-9013-1365,dummy01365@jnu.ac.kr,4,6
101366,더미학생01366,3,010-9013-1366,dummy01366@jnu.ac.kr,5,7
101367,더미학생01367,4,010-9013-1367,dummy01367@jnu.ac.kr,6,8
101368,더미학생01368,1,010-9013-1368,dummy01368@jnu.ac.kr,1,1
101369,더미학생01369,2,010-9013-1369,dummy01369@jnu.ac.kr,2,2
101370,더미학생01370,3,010-9013-1370,dummy01370@jnu.ac.kr,3,3
101371,더미학생01371,4,010-9013-1371,dummy01371@jnu.ac.kr,4,4
101372,더미학생01372,1,010-9013-1372,dummy01372@jnu.ac.kr,5,5
101373,더미학생01373,2,010-9013-1373,dummy01373@jnu.ac.kr,6,6
101374,더미학생01374,3,010-9013-1374,dummy01374@jnu.ac.kr,1,7
101375,더미학생01375,4,010-9013-1375,dummy01375@jnu.ac.kr,2,8
101376,더미학생01376,1,010-9013-1376,dummy01376@jnu.ac.kr,3,1
101377,더미학생01377,2,010-9013-1377,dummy01377@jnu.ac.kr,4,2
101378,더미학생01378,3,010-9013-1378,dummy01378@jnu.ac.kr,5,3
101379,더미학생01379,4,010-9013-1379,dummy01379@jnu.ac.kr,6,4
101380,더미학생01380,1,010-9013-1380,dummy01380@jnu.ac.kr,1,5
101381,더미학생01381,2,010-9013-1381,dummy01381@jnu.ac.kr,2,6
101382,더미학생01382,3,010-9013-1382,dummy01382@jnu.ac.kr,3,7
101383,더미학생01383,4,010-9013-1383,dummy01383@jnu.ac.kr,4,8
101384,더미학생01384,1,010-9013-1384,dummy01384@jnu.ac.kr,5,1
101385,더미학생01385,2,010-9013-1385,dummy01385@jnu.ac.kr,6,2
101386,더미학생01386,3,010-9013-1386,dummy01386@jnu.ac.kr,1,3
101387,더미학생01387,4,010-9013-1387,dummy01387@jnu.ac.kr,2,4
101388,더미학생01388,1,010-9013-1388,dummy01388@jnu.ac.kr,3,5
101389,더미학생01389,2,010-9013-1389,dummy01389@jnu.ac.kr,4,6
101390,더미학생01390,3,010-9013-1390,dummy01390@jnu.ac.kr,5,7
101391,더미학생01391,4,010-9013-1391,dummy01391@jnu.ac.kr,6,8
101392,더미학생01392,1,010-9013-1392,dummy01392@jnu.ac.kr,1,1
101393,더미학생01393,2,010-9013-1393,dummy01393@jnu.ac.kr,2,2
101394,더미학생01394,3,010-9013-1394,dummy01394@jnu.ac.kr,3,3
101395,더미학생01395,4,010-9013-1395,dummy01395@jnu.ac.kr,4,4
101396,더미학생01396,1,010-9013-1396,dummy01396@jnu.ac.kr,5,5
101397,더미학생01397,2,010-9013-1397,dummy01397@jnu.ac.kr,6,6
101398,더미학생01398,3,010-9013-1398,dummy01398@jnu.ac.kr,1,7
101399,더미학생01399,4,010-9013-1399,dummy01399@jnu.ac.kr,2,8
101400,더미학생01400,1,010-9014-1400,dummy01400@jnu.ac.kr,3,1
101401,더미학생01401,2,010-9014-1401,dummy01401@jnu.ac.kr,4,2
101402,더미학생01402,3,010-9014-1402,dummy01402@jnu.ac.kr,5,3
101403,더미학생01403,4,010-9014-1403,dummy01403@jnu.ac.kr,6,4
101404,더미학생01404,1,010-9014-1404,dummy01404@jnu.ac.kr,1,5
101405,더미학생01405,2,010-9014-1405,dummy01405@jnu.ac.kr,2,6
101406,더미학생01406,3,010-9014-1406,dummy01406@jnu.ac.kr,3,7
101407,더미학생01407,4,010-9014-1407,dummy01407@jnu.ac.kr,4,8
101408,더미학생01408,1,010-9014-1408,dummy01408@jnu.ac.kr,5,1
101409,더미학생01409,2,010-9014-1409,dummy01409@jnu.ac.kr,6,2
101410,더미학생01410,3,010-9014-1410,dummy01410@jnu.ac.kr,1,3
101411,더미학생01411,4,010-9014-1411,dummy01411@jnu.ac.kr,2,4
101412,더미학생01412,1,010-9014-1412,dummy01412@jnu.ac.kr,3,5
101413,더미학생01413,2,010-9014-1413,dummy01413@jnu.ac.kr,4,6
101414,더미학생01414,3,010-9014-1414,dummy01414@jnu.ac.kr,5,7
101415,더미학생01415,4,010-9014-1415,dummy01415@jnu.ac.kr,6,8
101416,더미학생01416,1,010-9014-1416,dummy01416@jnu.ac.kr,1,1
101417,더미학생01417,2,010-9014-1417,dummy01417@jnu.ac.kr,2,2
101418,더미학생01418,3,010-9014-1418,dummy01418@jnu.ac.kr,3,3
101419,더미학생01419,4,010-9014-1419,dummy01419@jnu.ac.kr,4,4
101420,더미학생01420,1,010-9014-1420,dummy01420@jnu.ac.kr,5,5
101421,더미학생01421,2,010-9014-1421,dummy01421@jnu.ac.kr,6,6
101422,더미학생01422,3,010-9014-1422,dummy01422@jnu.ac.kr,1,7
101423,더미학생01423,4,010-9014-1423,dummy01423@jnu.ac.kr,2,8
101424,더미학생01424,1,010-9014-1424,dummy01424@jnu.ac.kr,3,1
101425,더미학생01425,2,010-9014-1425,dummy01425@jnu.ac.kr,4,2
101426,더미학생01426,3,010-9014-1426,dummy01426@jnu.ac.kr,5,3
101427,더미학생01427,4,010-9014-1427,dummy01427@jnu.ac.kr,6,4
101428,더미학생01428,1,010-9014-1428,dummy01428@jnu.ac.kr,1,5
101429,더미학생01429,2,010-9014-1429,dummy01429@jnu.ac.kr,2,6
101430,더미학생01430,3,010-9014-1430,dummy01430@jnu.ac.kr,3,7
101431,더미학생01431,4,010-9014-1431,dummy01431@jnu.ac.kr,4,8
101432,더미학생01432,1,010-9014-1432,dummy01432@jnu.ac.kr,5,1
101433,더미학생01433,2,010-9014-1433,dummy01433@jnu.ac.kr,6,2
101434,더미학생01434,3,010-9014-1434,dummy01434@jnu.ac.kr,1,3
101435,더미학생01435,4,010-9014-1435,dummy01435@jnu.ac.kr,2,4
101436,더미학생01436,1,010-9014-1436,dummy01436@jnu.ac.kr,3,5
101437,더미학생01437,2,010-9014-1437,dummy01437@jnu.ac.kr,4,6
101438,더미학생01438,3,010-9014-1438,dummy01438@jnu.ac.kr,5,7
101439,더미학생01439,4,010-9014-1439,dummy01439@jnu.ac.kr,6,8
101440,더미학생01440,1,010-9014-1440,dummy01440@jnu.ac.kr,1,1
101441,더미학생01441,2,010-9014-1441,dummy01441@jnu.ac.kr,2,2
101442,더미학생01442,3,010-9014-1442,dummy01442@jnu.ac.kr,3,3
101443,더미학생01443,4,010-9014-1443,dummy01443@jnu.ac.kr,4,4
101444,더미학생01444,1,010-9014-1444,dummy01444@jnu.ac.kr,5,5
101445,더미학생01445,2,010-9014-1445,dummy01445@jnu.ac.kr,6,6
101446,더미학생01446,3,010-9014-1446,dummy01446@jnu.ac.kr,1,7
101447,더미학생01447,4,010-9014-1447,dummy01447@jnu.ac.kr,2,8
101448,더미학생01448,1,010-9014-1448,dummy01448@jnu.ac.kr,3,1
101449,더미학생01449,2,010-9014-1449,dummy01449@jnu.ac.kr,4,2
101450,더미학생01450,3,010-9014-1450,dummy01450@jnu.ac.kr,5,3
101451,더미학생01451,4,010-9014-1451,dummy01451@jnu.ac.kr,6,4
101452,더미학생01452,1,010-9014-1452,dummy01452@jnu.ac.kr,1,5
101453,더미학생01453,2,010-9014-1453,dummy01453@jnu.ac.kr,2,6
101454,더미학생01454,3,010-9014-1454,dummy01454@jnu.ac.kr,3,7
101455,더미학생01455,4,010-9014-1455,dummy01455@jnu.ac.kr,4,8
101456,더미학생01456,1,010-9014-1456,dummy01456@jnu.ac.kr,5,1
101457,더미학생01457,2,010-9014-1457,dummy01457@jnu.ac.kr,6,2
101458,더미학생01458,3,010-9014-1458,dummy01458@jnu.ac.kr,1,3
101459,더미학생01459,4,010-9014-1459,dummy01459@jnu.ac.kr,2,4
101460,더미학생01460,1,010-9014-1460,dummy01460@jnu.ac.kr,3,5
101461,더미학생01461,2,010-9014-1461,dummy01461@jnu.ac.kr,4,6
101462,더미학생01462,3,010-9014-1462,dummy01462@jnu.ac.kr,5,7
101463,더미학생01463,4,010-9014-1463,dummy01463@jnu.ac.kr,6,8
101464,더미학생01464,1,010-9014-1464,dummy01464@jnu.ac.kr,1,1
101465,더미학생01465,2,010-9014-1465,dummy01465@jnu.ac.kr,2,2
101466,더미학생01466,3,010-9014-1466,dummy01466@jnu.ac.kr,3,3
101467,더미학생01467,4,010-9014-1467,dummy01467@jnu.ac.kr,4,4
101468,더미학생01468,1,010-9014-1468,dummy01468@jnu.ac.kr,5,5
101469,더미학생01469,2,010-9014-1469,dummy01469@jnu.ac.kr,6,6
101470,더미학생01470,3,010-9014-1470,dummy01470@jnu.ac.kr,1,7
101471,더미학생01471,4,010-9014-1471,dummy01471@jnu.ac.kr,2,8
101472,더미학생01472,1,010-9014-1472,dummy01472@jnu.ac.kr,3,1
101473,더미학생01473,2,010-9014-1473,dummy01473@jnu.ac.kr,4,2
101474,더미학생01474,3,010-9014-1474,dummy01474@jnu.ac.kr,5,3
101475,더미학생01475,4,010-9014-1475,dummy01475@jnu.ac.kr,6,4
101476,더미학생01476,1,010-9014-1476,dummy01476@jnu.ac.kr,1,5
101477,더미학생01477,2,010-9014-1477,dummy01477@jnu.ac.kr,2,6
101478,더미학생01478,3,010-9014-1478,dummy01478@jnu.ac.kr,3,7
101479,더미학생01479,4,010-9014-1479,dummy01479@jnu.ac.kr,4,8
101480,더미학생01480,1,010-9014-1480,dummy01480@jnu.ac.kr,5,1
101481,더미학생01481,2,010-9014-1481,dummy01481@jnu.ac.kr,6,2
101482,더미학생01482,3,010-9014-1482,dummy01482@jnu.ac.kr,1,3
101483,더미학생01483,4,010-9014-1483,dummy01483@jnu.ac.kr,2,4
101484,더미학생01484,1,010-9014-1484,dummy01484@jnu.ac.kr,3,5
101485,더미학생01485,2,010-9014-1485,dummy01485@jnu.ac.kr,4,6
101486,더미학생01486,3,010-9014-1486,dummy01486@jnu.ac.kr,5,7
101487,더미학생01487,4,010-9014-1487,dummy01487@jnu.ac.kr,6,8
101488,더미학생01488,1,010-9014-1488,dummy01488@jnu.ac.kr,1,1
101489,더미학생01489,2,010-9014-1489,dummy01489@jnu.ac.kr,2,2
101490,더미학생01490,3,010-9014-1490,dummy01490@jnu.ac.kr,3,3
101491,더미학생01491,4,010-9014-1491,dummy01491@jnu.ac.kr,4,4
101492,더미학생01492,1,010-9014-1492,dummy01492@jnu.ac.kr,5,5
101493,더미학생01493,2,010-9014-1493,dummy01493@jnu.ac.kr,6,6
101494,더미학생01494,3,010-9014-1494,dummy01494@jnu.ac.kr,1,7
101495,더미학생01495,4,010-9014-1495,dummy01495@jnu.ac.kr,2,8
101496,더미학생01496,1,010-9014-1496,dummy01496@jnu.ac.kr,3,1
101497,더미학생01497,2,010-9014-1497,dummy01497@jnu.ac.kr,4,2
101498,더미학생01498,3,010-9014-1498,dummy01498@jnu.ac.kr,5,3
101499,더미학생01499,4,010-9014-1499,dummy01499@jnu.ac.kr,6,4
101500,더미학생01500,1,010-9015-1500,dummy01500@jnu.ac.kr,1,5
101501,더미학생01501,2,010-9015-1501,dummy01501@jnu.ac.kr,2,6
101502,더미학생01502,3,010-9015-1502,dummy01502@jnu.ac.kr,3,7
101503,더미학생01503,4,010-9015-1503,dummy01503@jnu.ac.kr,4,8
101504,더미학생01504,1,010-9015-1504,dummy01504@jnu.ac.kr,5,1
101505,더미학생01505,2,010-9015-1505,dummy01505@jnu.ac.kr,6,2
101506,더미학생01506,3,010-9015-1506,dummy01506@jnu.ac.kr,1,3
101507,더미학생01507,4,010-9015-1507,dummy01507@jnu.ac.kr,2,4
101508,더미학생01508,1,010-9015-1508,dummy01508@jnu.ac.kr,3,5
101509,더미학생01509,2,010-9015-1509,dummy01509@jnu.ac.kr,4,6
101510,더미학생01510,3,010-9015-1510,dummy01510@jnu.ac.kr,5,7
101511,더미학생01511,4,010-9015-1511,dummy01511@jnu.ac.kr,6,8
101512,더미학생01512,1,010-9015-1512,dummy01512@jnu.ac.kr,1,1
101513,더미학생01513,2,010-9015-1513,dummy01513@jnu.ac.kr,2,2
101514,더미학생01514,3,010-9015-1514,dummy01514@jnu.ac.kr,3,3
101515,더미학생01515,4,010-9015-1515,dummy01515@jnu.ac.kr,4,4
101516,더미학생01516,1,010-9015-1516,dummy01516@jnu.ac.kr,5,5
101517,더미학생01517,2,010-9015-1517,dummy01517@jnu.ac.kr,6,6
101518,더미학생01518,3,010-9015-1518,dummy01518@jnu.ac.kr,1,7
101519,더미학생01519,4,010-9015-1519,dummy01519@jnu.ac.kr,2,8
101520,더미학생01520,1,010-9015-1520,dummy01520@jnu.ac.kr,3,1
101521,더미학생01521,2,010-9015-1521,dummy01521@jnu.ac.kr,4,2
101522,더미학생01522,3,010-9015-1522,dummy01522@jnu.ac.kr,5,3
101523,더미학생01523,4,010-9015-1523,dummy01523@jnu.ac.kr,6,4
101524,더미학생01524,1,010-9015-1524,dummy01524@jnu.ac.kr,1,5
101525,더미학생01525,2,010-9015-1525,dummy01525@jnu.ac.kr,2,6
101526,더미학생01526,3,010-9015-1526,dummy01526@jnu.ac.kr,3,7
101527,더미학생01527,4,010-9015-1527,dummy01527@jnu.ac.kr,4,8
101528,더미학생01528,1,010-9015-1528,dummy01528@jnu.ac.kr,5,1
101529,더미학생01529,2,010-9015-1529,dummy01529@jnu.ac.kr,6,2
101530,더미학생01530,3,010-9015-1530,dummy01530@jnu.ac.kr,1,3
101531,더미학생01531,4,010-9015-1531,dummy01531@jnu.ac.kr,2,4
101532,더미학생01532,1,010-9015-1532,dummy01532@jnu.ac.kr,3,5
101533,더미학생01533,2,010-9015-1533,dummy01533@jnu.ac.kr,4,6
101534,더미학생01534,3,010-9015-1534,dummy01534@jnu.ac.kr,5,7
101535,더미학생01535,4,010-9015-1535,dummy01535@jnu.ac.kr,6,8
101536,더미학생01536,1,010-9015-1536,dummy01536@jnu.ac.kr,1,1
101537,더미학생01537,2,010-9015-1537,dummy01537@jnu.ac.kr,2,2
101538,더미학생01538,3,010-9015-1538,dummy01538@jnu.ac.kr,3,3
101539,더미학생01539,4,010-9015-1539,dummy01539@jnu.ac.kr,4,4
101540,더미학생01540,1,010-9015-1540,dummy01540@jnu.ac.kr,5,5
101541,더미학생01541,2,010-9015-1541,dummy01541@jnu.ac.kr,6,6
101542,더미학생01542,3,010-9015-1542,dummy01542@jnu.ac.kr,1,7
101543,더미학생01543,4,010-9015-1543,dummy01543@jnu.ac.kr,2,8
101544,더미학생01544,1,010-9015-1544,dummy01544@jnu.ac.kr,3,1
101545,더미학생01545,2,010-9015-1545,dummy01545@jnu.ac.kr,4,2
101546,더미학생01546,3,010-9015-1546,dummy01546@jnu.ac.kr,5,3
101547,더미학생01547,4,010-9015-1547,dummy01547@jnu.ac.kr,6,4
101548,더미학생01548,1,010-9015-1548,dummy01548@jnu.ac.kr,1,5
101549,더미학생01549,2,010-9015-1549,dummy01549@jnu.ac.kr,2,6
101550,더미학생01550,3,010-9015-1550,dummy01550@jnu.ac.kr,3,7
101551,더미학생01551,4,010-9015-1551,dummy01551@jnu.ac.kr,4,8
101552,더미학생01552,1,010-9015-1552,dummy01552@jnu.ac.kr,5,1
101553,더미학생01553,2,010-9015-1553,dummy01553@jnu.ac.kr,6,2
101554,더미학생01554,3,010-9015-1554,dummy01554@jnu.ac.kr,1,3
101555,더미학생01555,4,010-9015-1555,dummy01555@jnu.ac.kr,2,4
101556,더미학생01556,1,010-9015-1556,dummy01556@jnu.ac.kr,3,5
101557,더미학생01557,2,010-9015-1557,dummy01557@jnu.ac.kr,4,6
101558,더미학생01558,3,010-9015-1558,dummy01558@jnu.ac.kr,5,7
101559,더미학생01559,4,010-9015-1559,dummy01559@jnu.ac.kr,6,8
101560,더미학생01560,1,010-9015-1560,dummy01560@jnu.ac.kr,1,1
101561,더미학생01561,2,010-9015-1561,dummy01561@jnu.ac.kr,2,2
101562,더미학생01562,3,010-9015-1562,dummy01562@jnu.ac.kr,3,3
101563,더미학생01563,4,010-9015-1563,dummy01563@jnu.ac.kr,4,4
101564,더미학생01564,1,010-9015-1564,dummy01564@jnu.ac.kr,5,5
101565,더미학생01565,2,010-9015-1565,dummy01565@jnu.ac.kr,6,6
101566,더미학생01566,3,010-9015-1566,dummy01566@jnu.ac.kr,1,7
101567,더미학생01567,4,010-9015-1567,dummy01567@jnu.ac.kr,2,8
101568,더미학생01568,1,010-9015-1568,dummy01568@jnu.ac.kr,3,1
101569,더미학생01569,2,010-9015-1569,dummy01569@jnu.ac.kr,4,2
101570,더미학생01570,3,010-9015-1570,dummy01570@jnu.ac.kr,5,3
101571,더미학생01571,4,010-9015-1571,dummy01571@jnu.ac.kr,6,4
101572,더미학생01572,1,010-9015-1572,dummy01572@jnu.ac.kr,1,5
101573,더미학생01573,2,010-9015-1573,dummy01573@jnu.ac.kr,2,6
101574,더미학생01574,3,010-9015-1574,dummy01574@jnu.ac.kr,3,7
101575,더미학생01575,4,010-9015-1575,dummy01575@jnu.ac.kr,4,8
101576,더미학생01576,1,010-9015-1576,dummy01576@jnu.ac.kr,5,1
101577,더미학생01577,2,010-9015-1577,dummy01577@jnu.ac.kr,6,2
101578,더미학생01578,3,010-9015-1578,dummy01578@jnu.ac.kr,1,3
101579,더미학생01579,4,010-9015-1579,dummy01579@jnu.ac.kr,2,4
101580,더미학생01580,1,010-9015-1580,dummy01580@jnu.ac.kr,3,5
101581,더미학생01581,2,010-9015-1581,dummy01581@jnu.ac.kr,4,6
101582,더미학생01582,3,010-9015-1582,dummy01582@jnu.ac.kr,5,7
101583,더미학생01583,4,010-9015-1583,dummy01583@jnu.ac.kr,6,8
101584,더미학생01584,1,010-9015-1584,dummy01584@jnu.ac.kr,1,1
101585,더미학생01585,2,010-9015-1585,dummy01585@jnu.ac.kr,2,2
101586,더미학생01586,3,010-9015-1586,dummy01586@jnu.ac.kr,3,3
101587,더미학생01587,4,010-9015-1587,dummy01587@jnu.ac.kr,4,4
101588,더미학생01588,1,010-9015-1588,dummy01588@jnu.ac.kr,5,5
101589,더미학생01589,2,010-9015-1589,dummy01589@jnu.ac.kr,6,6
101590,더미학생01590,3,010-9015-1590,dummy01590@jnu.ac.kr,1,7
101591,더미학생01591,4,010-9015-1591,dummy01591@jnu.ac.kr,2,8
101592,더미학생01592,1,010-9015-1592,dummy01592@jnu.ac.kr,3,1
101593,더미학생01593,2,010-9015-1593,dummy01593@jnu.ac.kr,4,2
101594,더미학생01594,3,010-9015-1594,dummy01594@jnu.ac.kr,5,3
101595,더미학생01595,4,010-9015-1595,dummy01595@jnu.ac.kr,6,4
101596,더미학생01596,1,010-9015-1596,dummy01596@jnu.ac.kr,1,5
101597,더미학생01597,2,010-9015-1597,dummy01597@jnu.ac.kr,2,6
101598,더미학생01598,3,010-9015-1598,dummy01598@jnu.ac.kr,3,7
101599,더미학생01599,4,010-9015-1599,dummy01599@jnu.ac.kr,4,8
101600,더미학생01600,1,010-9016-1600,dummy01600@jnu.ac.kr,5,1
101601,더미학생01601,2,010-9016-1601,dummy01601@jnu.ac.kr,6,2
101602,더미학생01602,3,010-9016-1602,dummy01602@jnu.ac.kr,1,3
101603,더미학생01603,4,010-9016-1603,dummy01603@jnu.ac.kr,2,4
101604,더미학생01604,1,010-9016-1604,dummy01604@jnu.ac.kr,3,5
101605,더미학생01605,2,010-9016-1605,dummy01605@jnu.ac.kr,4,6
101606,더미학생01606,3,010-9016-1606,dummy01606@jnu.ac.kr,5,7
101607,더미학생01607,4,010-9016-1607,dummy01607@jnu.ac.kr,6,8
101608,더미학생01608,1,010-9016-1608,dummy01608@jnu.ac.kr,1,1
101609,더미학생01609,2,010-9016-1609,dummy01609@jnu.ac.kr,2,2
101610,더미학생01610,3,010-9016-1610,dummy01610@jnu.ac.kr,3,3
101611,더미학생01611,4,010-9016-1611,dummy01611@jnu.ac.kr,4,4
101612,더미학생01612,1,010-9016-1612,dummy01612@jnu.ac.kr,5,5
101613,더미학생01613,2,010-9016-1613,dummy01613@jnu.ac.kr,6,6
101614,더미학생01614,3,010-9016-1614,dummy01614@jnu.ac.kr,1,7
101615,더미학생01615,4,010-9016-1615,dummy01615@jnu.ac.kr,2,8
101616,더미학생01616,1,010-9016-1616,dummy01616@jnu.ac.kr,3,1
101617,더미학생01617,2,010-9016-1617,dummy01617@jnu.ac.kr,4,2
101618,더미학생01618,3,010-9016-1618,dummy01618@jnu.ac.kr,5,3
101619,더미학생01619,4,010-9016-1619,dummy01619@jnu.ac.kr,6,4
101620,더미학생01620,1,010-9016-1620,dummy01620@jnu.ac.kr,1,5
101621,더미학생01621,2,010-9016-1621,dummy01621@jnu.ac.kr,2,6
101622,더미학생01622,3,010-9016-1622,dummy01622@jnu.ac.kr,3,7
101623,더미학생01623,4,010-9016-1623,dummy01623@jnu.ac.kr,4,8
101624,더미학생01624,1,010-9016-1624,dummy01624@jnu.ac.kr,5,1
101625,더미학생01625,2,010-9016-1625,dummy01625@jnu.ac.kr,6,2
101626,더미학생01626,3,010-9016-1626,dummy01626@jnu.ac.kr,1,3
101627,더미학생01627,4,010-9016-1627,dummy01627@jnu.ac.kr,2,4
101628,더미학생01628,1,010-9016-1628,dummy01628@jnu.ac.kr,3,5
101629,더미학생01629,2,010-9016-1629,dummy01629@jnu.ac.kr,4,6
101630,더미학생01630,3,010-9016-1630,dummy01630@jnu.ac.kr,5,7
101631,더미학생01631,4,010-9016-1631,dummy01631@jnu.ac.kr,6,8
101632,더미학생01632,1,010-9016-1632,dummy01632@jnu.ac.kr,1,1
101633,더미학생01633,2,010-9016-1633,dummy01633@jnu.ac.kr,2,2
101634,더미학생01634,3,010-9016-1634,dummy01634@jnu.ac.kr,3,3
101635,더미학생01635,4,010-9016-1635,dummy01635@jnu.ac.kr,4,4
101636,더미학생01636,1,010-9016-1636,dummy01636@jnu.ac.kr,5,5
101637,더미학생01637,2,010-9016-1637,dummy01637@jnu.ac.kr,6,6
101638,더미학생01638,3,010-9016-1638,dummy01638@jnu.ac.kr,1,7
101639,더미학생01639,4,010-9016-1639,dummy01639@jnu.ac.kr,2,8
101640,더미학생01640,1,010-9016-1640,dummy01640@jnu.ac.kr,3,1
101641,더미학생01641,2,010-9016-1641,dummy01641@jnu.ac.kr,4,2
101642,더미학생01642,3,010-9016-1642,dummy01642@jnu.ac.kr,5,3
101643,더미학생01643,4,010-9016-1643,dummy01643@jnu.ac.kr,6,4
101644,더미학생01644,1,010-9016-1644,dummy01644@jnu.ac.kr,1,5
101645,더미학생01645,2,010-9016-1645,dummy01645@jnu.ac.kr,2,6
101646,더미학생01646,3,010-9016-1646,dummy01646@jnu.ac.kr,3,7
101647,더미학생01647,4,010-9016-1647,dummy01647@jnu.ac.kr,4,8
101648,더미학생01648,1,010-9016-1648,dummy01648@jnu.ac.kr,5,1
101649,더미학생01649,2,010-9016-1649,dummy01649@jnu.ac.kr,6,2
101650,더미학생01650,3,010-9016-1650,dummy01650@jnu.ac.kr,1,3
101651,더미학생01651,4,010-9016-1651,dummy01651@jnu.ac.kr,2,4
101652,더미학생01652,1,010-9016-1652,dummy01652@jnu.ac.kr,3,5
101653,더미학생01653,2,010-9016-1653,dummy01653@jnu.ac.kr,4,6
101654,더미학생01654,3,010-9016-1654,dummy01654@jnu.ac.kr,5,7
101655,더미학생01655,4,010-9016-1655,dummy01655@jnu.ac.kr,6,8
101656,더미학생01656,1,010-9016-1656,dummy01656@jnu.ac.kr,1,1
101657,더미학생01657,2,010-9016-1657,dummy01657@jnu.ac.kr,2,2
101658,더미학생01658,3,010-9016-1658,dummy01658@jnu.ac.kr,3,3
101659,더미학생01659,4,010-9016-1659,dummy01659@jnu.ac.kr,4,4
101660,더미학생01660,1,010-9016-1660,dummy01660@jnu.ac.kr,5,5
101661,더미학생01661,2,010-9016-1661,dummy01661@jnu.ac.kr,6,6
101662,더미학생01662,3,010-9016-1662,dummy01662@jnu.ac.kr,1,7
101663,더미학생01663,4,010-9016-1663,dummy01663@jnu.ac.kr,2,8
101664,더미학생01664,1,010-9016-1664,dummy01664@jnu.ac.kr,3,1
101665,더미학생01665,2,010-9016-1665,dummy01665@jnu.ac.kr,4,2
101666,더미학생01666,3,010-9016-1666,dummy01666@jnu.ac.kr,5,3
101667,더미학생01667,4,010-9016-1667,dummy01667@jnu.ac.kr,6,4
101668,더미학생01668,1,010-9016-1668,dummy01668@jnu.ac.kr,1,5
101669,더미학생01669,2,010-9016-1669,dummy01669@jnu.ac.kr,2,6
101670,더미학생01670,3,010-9016-1670,dummy01670@jnu.ac.kr,3,7
101671,더미학생01671,4,010-9016-1671,dummy01671@jnu.ac.kr,4,8
101672,더미학생01672,1,010-9016-1672,dummy01672@jnu.ac.kr,5,1
101673,더미학생01673,2,010-9016-1673,dummy01673@jnu.ac.kr,6,2
101674,더미학생01674,3,010-9016-1674,dummy01674@jnu.ac.kr,1,3
101675,더미학생01675,4,010-9016-1675,dummy01675@jnu.ac.kr,2,4
101676,더미학생01676,1,010-9016-1676,dummy01676@jnu.ac.kr,3,5
101677,더미학생01677,2,010-9016-1677,dummy01677@jnu.ac.kr,4,6
101678,더미학생01678,3,010-9016-1678,dummy01678@jnu.ac.kr,5,7
101679,더미학생01679,4,010-9016-1679,dummy01679@jnu.ac.kr,6,8
101680,더미학생01680,1,010-9016-1680,dummy01680@jnu.ac.kr,1,1
101681,더미학생01681,2,010-9016-1681,dummy01681@jnu.ac.kr,2,2
101682,더미학생01682,3,010-9016-1682,dummy01682@jnu.ac.kr,3,3
101683,더미학생01683,4,010-9016-1683,dummy01683@jnu.ac.kr,4,4
101684,더미학생01684,1,010-9016-1684,dummy01684@jnu.ac.kr,5,5
101685,더미학생01685,2,010-9016-1685,dummy01685@jnu.ac.kr,6,6
101686,더미학생01686,3,010-9016-1686,dummy01686@jnu.ac.kr,1,7
101687,더미학생01687,4,010-9016-1687,dummy01687@jnu.ac.kr,2,8
101688,더미학생01688,1,010-9016-1688,dummy01688@jnu.ac.kr,3,1
101689,더미학생01689,2,010-9016-1689,dummy01689@jnu.ac.kr,4,2
101690,더미학생01690,3,010-9016-1690,dummy01690@jnu.ac.kr,5,3
101691,더미학생01691,4,010-9016-1691,dummy01691@jnu.ac.kr,6,4
101692,더미학생01692,1,010-9016-1692,dummy01692@jnu.ac.kr,1,5
101693,더미학생01693,2,010-9016-1693,dummy01693@jnu.ac.kr,2,6
101694,더미학생01694,3,010-9016-1694,dummy01694@jnu.ac.kr,3,7
101695,더미학생01695,4,010-9016-1695,dummy01695@jnu.ac.kr,4,8
101696,더미학생01696,1,010-9016-1696,dummy01696@jnu.ac.kr,5,1
101697,더미학생01697,2,010-9016-1697,dummy01697@jnu.ac.kr,6,2
101698,더미학생01698,3,010-9016-1698,dummy01698@jnu.ac.kr,1,3
101699,더미학생01699,4,010-9016-1699,dummy01699@jnu.ac.kr,2,4
101700,더미학생01700,1,010-9017-1700,dummy01700@jnu.ac.kr,3,5
101701,더미학생01701,2,010-9017-1701,dummy01701@jnu.ac.kr,4,6
101702,더미학생01702,3,010-9017-1702,dummy01702@jnu.ac.kr,5,7
101703,더미학생01703,4,010-9017-1703,dummy01703@jnu.ac.kr,6,8
101704,더미학생01704,1,010-9017-1704,dummy01704@jnu.ac.kr,1,1
101705,더미학생01705,2,010-9017-1705,dummy01705@jnu.ac.kr,2,2
101706,더미학생01706,3,010-9017-1706,dummy01706@jnu.ac.kr,3,3
101707,더미학생01707,4,010-9017-1707,dummy01707@jnu.ac.kr,4,4
101708,더미학생01708,1,010-9017-1708,dummy01708@jnu.ac.kr,5,5
101709,더미학생01709,2,010-9017-1709,dummy01709@jnu.ac.kr,6,6
101710,더미학생01710,3,010-9017-1710,dummy01710@jnu.ac.kr,1,7
101711,더미학생01711,4,010-9017-1711,dummy01711@jnu.ac.kr,2,8
101712,더미학생01712,1,010-9017-1712,dummy01712@jnu.ac.kr,3,1
101713,더미학생01713,2,010-9017-1713,dummy01713@jnu.ac.kr,4,2
101714,더미학생01714,3,010-9017-1714,dummy01714@jnu.ac.kr,5,3
101715,더미학생01715,4,010-9017-1715,dummy01715@jnu.ac.kr,6,4
101716,더미학생01716,1,010-9017-1716,dummy01716@jnu.ac.kr,1,5
101717,더미학생01717,2,010-9017-1717,dummy01717@jnu.ac.kr,2,6
101718,더미학생01718,3,010-9017-1718,dummy01718@jnu.ac.kr,3,7
101719,더미학생01719,4,010-9017-1719,dummy01719@jnu.ac.kr,4,8
101720,더미학생01720,1,010-9017-1720,dummy01720@jnu.ac.kr,5,1
101721,더미학생01721,2,010-9017-1721,dummy01721@jnu.ac.kr,6,2
101722,더미학생01722,3,010-9017-1722,dummy01722@jnu.ac.kr,1,3
101723,더미학생01723,4,010-9017-1723,dummy01723@jnu.ac.kr,2,4
101724,더미학생01724,1,010-9017-1724,dummy01724@jnu.ac.kr,3,5
101725,더미학생01725,2,010-9017-1725,dummy01725@jnu.ac.kr,4,6
101726,더미학생01726,3,010-9017-1726,dummy01726@jnu.ac.kr,5,7
101727,더미학생01727,4,010-9017-1727,dummy01727@jnu.ac.kr,6,8
101728,더미학생01728,1,010-9017-1728,dummy01728@jnu.ac.kr,1,1
101729,더미학생01729,2,010-9017-1729,dummy01729@jnu.ac.kr,2,2
101730,더미학생01730,3,010-9017-1730,dummy01730@jnu.ac.kr,3,3
101731,더미학생01731,4,010-9017-1731,dummy01731@jnu.ac.kr,4,4
101732,더미학생01732,1,010-9017-1732,dummy01732@jnu.ac.kr,5,5
101733,더미학생01733,2,010-9017-1733,dummy01733@jnu.ac.kr,6,6
101734,더미학생01734,3,010-9017-1734,dummy01734@jnu.ac.kr,1,7
101735,더미학생01735,4,010-9017-1735,dummy01735@jnu.ac.kr,2,8
101736,더미학생01736,1,010-9017-1736,dummy01736@jnu.ac.kr,3,1
101737,더미학생01737,2,010-9017-1737,dummy01737@jnu.ac.kr,4,2
101738,더미학생01738,3,010-9017-1738,dummy01738@jnu.ac.kr,5,3
101739,더미학생01739,4,010-9017-1739,dummy01739@jnu.ac.kr,6,4
101740,더미학생01740,1,010-9017-1740,dummy01740@jnu.ac.kr,1,5
101741,더미학생01741,2,010-9017-1741,dummy01741@jnu.ac.kr,2,6
101742,더미학생01742,3,010-9017-1742,dummy01742@jnu.ac.kr,3,7
101743,더미학생01743,4,010-9017-1743,dummy01743@jnu.ac.kr,4,8
101744,더미학생01744,1,010-9017-1744,dummy01744@jnu.ac.kr,5,1
101745,더미학생01745,2,010-9017-1745,dummy01745@jnu.ac.kr,6,2
101746,더미학생01746,3,010-9017-1746,dummy01746@jnu.ac.kr,1,3
101747,더미학생01747,4,010-9017-1747,dummy01747@jnu.ac.kr,2,4
101748,더미학생01748,1,010-9017-1748,dummy01748@jnu.ac.kr,3,5
101749,더미학생01749,2,010-9017-1749,dummy01749@jnu.ac.kr,4,6
101750,더미학생01750,3,010-9017-1750,dummy01750@jnu.ac.kr,5,7
101751,더미학생01751,4,010-9017-1751,dummy01751@jnu.ac.kr,6,8
101752,더미학생01752,1,010-9017-1752,dummy01752@jnu.ac.kr,1,1
101753,더미학생01753,2,010-9017-1753,dummy01753@jnu.ac.kr,2,2
101754,더미학생01754,3,010-9017-1754,dummy01754@jnu.ac.kr,3,3
101755,더미학생01755,4,010-9017-1755,dummy01755@jnu.ac.kr,4,4
101756,더미학생01756,1,010-9017-1756,dummy01756@jnu.ac.kr,5,5
101757,더미학생01757,2,010-9017-1757,dummy01757@jnu.ac.kr,6,6
101758,더미학생01758,3,010-9017-1758,dummy01758@jnu.ac.kr,1,7
101759,더미학생01759,4,010-9017-1759,dummy01759@jnu.ac.kr,2,8
101760,더미학생01760,1,010-9017-1760,dummy01760@jnu.ac.kr,3,1
101761,더미학생01761,2,010-9017-1761,dummy01761@jnu.ac.kr,4,2
101762,더미학생01762,3,010-9017-1762,dummy01762@jnu.ac.kr,5,3
101763,더미학생01763,4,010-9017-1763,dummy01763@jnu.ac.kr,6,4
101764,더미학생01764,1,010-9017-1764,dummy01764@jnu.ac.kr,1,5
101765,더미학생01765,2,010-9017-1765,dummy01765@jnu.ac.kr,2,6
101766,더미학생01766,3,010-9017-1766,dummy01766@jnu.ac.kr,3,7
101767,더미학생01767,4,010-9017-1767,dummy01767@jnu.ac.kr,4,8
101768,더미학생01768,1,010-9017-1768,dummy01768@jnu.ac.kr,5,1
101769,더미학생01769,2,010-9017-1769,dummy01769@jnu.ac.kr,6,2
101770,더미학생01770,3,010-9017-1770,dummy01770@jnu.ac.kr,1,3
101771,더미학생01771,4,010-9017-1771,dummy01771@jnu.ac.kr,2,4
101772,더미학생01772,1,010-9017-1772,dummy01772@jnu.ac.kr,3,5
101773,더미학생01773,2,010-9017-1773,dummy01773@jnu.ac.kr,4,6
101774,더미학생01774,3,010-9017-1774,dummy01774@jnu.ac.kr,5,7
101775,더미학생01775,4,010-9017-1775,dummy01775@jnu.ac.kr,6,8
101776,더미학생01776,1,010-9017-1776,dummy01776@jnu.ac.kr,1,1
101777,더미학생01777,2,010-9017-1777,dummy01777@jnu.ac.kr,2,2
101778,더미학생01778,3,010-9017-1778,dummy01778@jnu.ac.kr,3,3
101779,더미학생01779,4,010-9017-1779,dummy01779@jnu.ac.kr,4,4
101780,더미학생01780,1,010-9017-1780,dummy01780@jnu.ac.kr,5,5
101781,더미학생01781,2,010-9017-1781,dummy01781@jnu.ac.kr,6,6
101782,더미학생01782,3,010-9017-1782,dummy01782@jnu.ac.kr,1,7
101783,더미학생01783,4,010-9017-1783,dummy01783@jnu.ac.kr,2,8
101784,더미학생01784,1,010-9017-1784,dummy01784@jnu.ac.kr,3,1
101785,더미학생01785,2,010-9017-1785,dummy01785@jnu.ac.kr,4,2
101786,더미학생01786,3,010-9017-1786,dummy01786@jnu.ac.kr,5,3
101787,더미학생01787,4,010-9017-1787,dummy01787@jnu.ac.kr,6,4
101788,더미학생01788,1,010-9017-1788,dummy01788@jnu.ac.kr,1,5
101789,더미학생01789,2,010-9017-1789,dummy01789@jnu.ac.kr,2,6
101790,더미학생01790,3,010-9017-1790,dummy01790@jnu.ac.kr,3,7
101791,더미학생01791,4,010-9017-1791,dummy01791@jnu.ac.kr,4,8
101792,더미학생01792,1,010-9017-1792,dummy01792@jnu.ac.kr,5,1
101793,더미학생01793,2,010-9017-1793,dummy01793@jnu.ac.kr,6,2
101794,더미학생01794,3,010-9017-1794,dummy01794@jnu.ac.kr,1,3
101795,더미학생01795,4,010-9017-1795,dummy01795@jnu.ac.kr,2,4
101796,더미학생01796,1,010-9017-1796,dummy01796@jnu.ac.kr,3,5
101797,더미학생01797,2,010-9017-1797,dummy01797@jnu.ac.kr,4,6
101798,더미학생01798,3,010-9017-1798,dummy01798@jnu.ac.kr,5,7
101799,더미학생01799,4,010-9017-1799,dummy01799@jnu.ac.kr,6,8
101800,더미학생01800,1,010-9018-1800,dummy01800@jnu.ac.kr,1,1
101801,더미학생01801,2,010-9018-1801,dummy01801@jnu.ac.kr,2,2
101802,더미학생01802,3,010-9018-1802,dummy01802@jnu.ac.kr,3,3
101803,더미학생01803,4,010-9018-1803,dummy01803@jnu.ac.kr,4,4
101804,더미학생01804,1,010-9018-1804,dummy01804@jnu.ac.kr,5,5
101805,더미학생01805,2,010-9018-1805,dummy01805@jnu.ac.kr,6,6
101806,더미학생01806,3,010-9018-1806,dummy01806@jnu.ac.kr,1,7
101807,더미학생01807,4,010-9018-1807,dummy01807@jnu.ac.kr,2,8
101808,더미학생01808,1,010-9018-1808,dummy01808@jnu.ac.kr,3,1
101809,더미학생01809,2,010-9018-1809,dummy01809@jnu.ac.kr,4,2
101810,더미학생01810,3,010-9018-1810,dummy01810@jnu.ac.kr,5,3
101811,더미학생01811,4,010-9018-1811,dummy01811@jnu.ac.kr,6,4
101812,더미학생01812,1,010-9018-1812,dummy01812@jnu.ac.kr,1,5
101813,더미학생01813,2,010-9018-1813,dummy01813@jnu.ac.kr,2,6
101814,더미학생01814,3,010-9018-1814,dummy01814@jnu.ac.kr,3,7
101815,더미학생01815,4,010-9018-1815,dummy01815@jnu.ac.kr,4,8
101816,더미학생01816,1,010-9018-1816,dummy01816@jnu.ac.kr,5,1
101817,더미학생01817,2,010-9018-1817,dummy01817@jnu.ac.kr,6,2
101818,더미학생01818,3,010-9018-1818,dummy01818@jnu.ac.kr,1,3
101819,더미학생01819,4,010-9018-1819,dummy01819@jnu.ac.kr,2,4
101820,더미학생01820,1,010-9018-1820,dummy01820@jnu.ac.kr,3,5
101821,더미학생01821,2,010-9018-1821,dummy01821@jnu.ac.kr,4,6
101822,더미학생01822,3,010-9018-1822,dummy01822@jnu.ac.kr,5,7
101823,더미학생01823,4,010-9018-1823,dummy01823@jnu.ac.kr,6,8
101824,더미학생01824,1,010-9018-1824,dummy01824@jnu.ac.kr,1,1
101825,더미학생01825,2,010-9018-1825,dummy01825@jnu.ac.kr,2,2
101826,더미학생01826,3,010-9018-1826,dummy01826@jnu.ac.kr,3,3
101827,더미학생01827,4,010-9018-1827,dummy01827@jnu.ac.kr,4,4
101828,더미학생01828,1,010-9018-1828,dummy01828@jnu.ac.kr,5,5
101829,더미학생01829,2,010-9018-1829,dummy01829@jnu.ac.kr,6,6
101830,더미학생01830,3,010-9018-1830,dummy01830@jnu.ac.kr,1,7
101831,더미학생01831,4,010-9018-1831,dummy01831@jnu.ac.kr,2,8
101832,더미학생01832,1,010-9018-1832,dummy01832@jnu.ac.kr,3,1
101833,더미학생01833,2,010-9018-1833,dummy01833@jnu.ac.kr,4,2
101834,더미학생01834,3,010-9018-1834,dummy01834@jnu.ac.kr,5,3
101835,더미학생01835,4,010-9018-1835,dummy01835@jnu.ac.kr,6,4
101836,더미학생01836,1,010-9018-1836,dummy01836@jnu.ac.kr,1,5
101837,더미학생01837,2,010-9018-1837,dummy01837@jnu.ac.kr,2,6
101838,더미학생01838,3,010-9018-1838,dummy01838@jnu.ac.kr,3,7
101839,더미학생01839,4,010-9018-1839,dummy01839@jnu.ac.kr,4,8
101840,더미학생01840,1,010-9018-1840,dummy01840@jnu.ac.kr,5,1
101841,더미학생01841,2,010-9018-1841,dummy01841@jnu.ac.kr,6,2
101842,더미학생01842,3,010-9018-1842,dummy01842@jnu.ac.kr,1,3
101843,더미학생01843,4,010-9018-1843,dummy01843@jnu.ac.kr,2,4
101844,더미학생01844,1,010-9018-1844,dummy01844@jnu.ac.kr,3,5
101845,더미학생01845,2,010-9018-1845,dummy01845@jnu.ac.kr,4,6
101846,더미학생01846,3,010-9018-1846,dummy01846@jnu.ac.kr,5,7
101847,더미학생01847,4,010-9018-1847,dummy01847@jnu.ac.kr,6,8
101848,더미학생01848,1,010-9018-1848,dummy01848@jnu.ac.kr,1,1
101849,더미학생01849,2,010-9018-1849,dummy01849@jnu.ac.kr,2,2
101850,더미학생01850,3,010-9018-1850,dummy01850@jnu.ac.kr,3,3
101851,더미학생01851,4,010-9018-1851,dummy01851@jnu.ac.kr,4,4
101852,더미학생01852,1,010-9018-1852,dummy01852@jnu.ac.kr,5,5
101853,더미학생01853,2,010-9018-1853,dummy01853@jnu.ac.kr,6,6
101854,더미학생01854,3,010-9018-1854,dummy01854@jnu.ac.kr,1,7
101855,더미학생01855,4,010-9018-1855,dummy01855@jnu.ac.kr,2,8
101856,더미학생01856,1,010-9018-1856,dummy01856@jnu.ac.kr,3,1
101857,더미학생01857,2,010-9018-1857,dummy01857@jnu.ac.kr,4,2
101858,더미학생01858,3,010-9018-1858,dummy01858@jnu.ac.kr,5,3
101859,더미학생01859,4,010-9018-1859,dummy01859@jnu.ac.kr,6,4
101860,더미학생01860,1,010-9018-1860,dummy01860@jnu.ac.kr,1,5
101861,더미학생01861,2,010-9018-1861,dummy01861@jnu.ac.kr,2,6
101862,더미학생01862,3,010-9018-1862,dummy01862@jnu.ac.kr,3,7
101863,더미학생01863,4,010-9018-1863,dummy01863@jnu.ac.kr,4,8
101864,더미학생01864,1,010-9018-1864,dummy01864@jnu.ac.kr,5,1
101865,더미학생01865,2,010-9018-1865,dummy01865@jnu.ac.kr,6,2
101866,더미학생01866,3,010-9018-1866,dummy01866@jnu.ac.kr,1,3
101867,더미학생01867,4,010-9018-1867,dummy01867@jnu.ac.kr,2,4
101868,더미학생01868,1,010-9018-1868,dummy01868@jnu.ac.kr,3,5
101869,더미학생01869,2,010-9018-1869,dummy01869@jnu.ac.kr,4,6
101870,더미학생01870,3,010-9018-1870,dummy01870@jnu.ac.kr,5,7
101871,더미학생01871,4,010-9018-1871,dummy01871@jnu.ac.kr,6,8
101872,더미학생01872,1,010-9018-1872,dummy01872@jnu.ac.kr,1,1
101873,더미학생01873,2,010-9018-1873,dummy01873@jnu.ac.kr,2,2
101874,더미학생01874,3,010-9018-1874,dummy01874@jnu.ac.kr,3,3
101875,더미학생01875,4,010-9018-1875,dummy01875@jnu.ac.kr,4,4
101876,더미학생01876,1,010-9018-1876,dummy01876@jnu.ac.kr,5,5
101877,더미학생01877,2,010-9018-1877,dummy01877@jnu.ac.kr,6,6
101878,더미학생01878,3,010-9018-1878,dummy01878@jnu.ac.kr,1,7
101879,더미학생01879,4,010-9018-1879,dummy01879@jnu.ac.kr,2,8
101880,더미학생01880,1,010-9018-1880,dummy01880@jnu.ac.kr,3,1
101881,더미학생01881,2,010-9018-1881,dummy01881@jnu.ac.kr,4,2
101882,더미학생01882,3,010-9018-1882,dummy01882@jnu.ac.kr,5,3
101883,더미학생01883,4,010-9018-1883,dummy01883@jnu.ac.kr,6,4
101884,더미학생01884,1,010-9018-1884,dummy01884@jnu.ac.kr,1,5
101885,더미학생01885,2,010-9018-1885,dummy01885@jnu.ac.kr,2,6
101886,더미학생01886,3,010-9018-1886,dummy01886@jnu.ac.kr,3,7
101887,더미학생01887,4,010-9018-1887,dummy01887@jnu.ac.kr,4,8
101888,더미학생01888,1,010-9018-1888,dummy01888@jnu.ac.kr,5,1
101889,더미학생01889,2,010-9018-1889,dummy01889@jnu.ac.kr,6,2
101890,더미학생01890,3,010-9018-1890,dummy01890@jnu.ac.kr,1,3
101891,더미학생01891,4,010-9018-1891,dummy01891@jnu.ac.kr,2,4
101892,더미학생01892,1,010-9018-1892,dummy01892@jnu.ac.kr,3,5
101893,더미학생01893,2,010-9018-1893,dummy01893@jnu.ac.kr,4,6
101894,더미학생01894,3,010-9018-1894,dummy01894@jnu.ac.kr,5,7
101895,더미학생01895,4,010-9018-1895,dummy01895@jnu.ac.kr,6,8
101896,더미학생01896,1,010-9018-1896,dummy01896@jnu.ac.kr,1,1
101897,더미학생01897,2,010-9018-1897,dummy01897@jnu.ac.kr,2,2
101898,더미학생01898,3,010-9018-1898,dummy01898@jnu.ac.kr,3,3
101899,더미학생01899,4,010-9018-1899,dummy01899@jnu.ac.kr,4,4
101900,더미학생01900,1,010-9019-1900,dummy01900@jnu.ac.kr,5,5
101901,더미학생01901,2,010-9019-1901,dummy01901@jnu.ac.kr,6,6
101902,더미학생01902,3,010-9019-1902,dummy01902@jnu.ac.kr,1,7
101903,더미학생01903,4,010-9019-1903,dummy01903@jnu.ac.kr,2,8
101904,더미학생01904,1,010-9019-1904,dummy01904@jnu.ac.kr,3,1
101905,더미학생01905,2,010-9019-1905,dummy01905@jnu.ac.kr,4,2
101906,더미학생01906,3,010-9019-1906,dummy01906@jnu.ac.kr,5,3
101907,더미학생01907,4,010-9019-1907,dummy01907@jnu.ac.kr,6,4
101908,더미학생01908,1,010-9019-1908,dummy01908@jnu.ac.kr,1,5
101909,더미학생01909,2,010-9019-1909,dummy01909@jnu.ac.kr,2,6
101910,더미학생01910,3,010-9019-1910,dummy01910@jnu.ac.kr,3,7
101911,더미학생01911,4,010-9019-1911,dummy01911@jnu.ac.kr,4,8
101912,더미학생01912,1,010-9019-1912,dummy01912@jnu.ac.kr,5,1
101913,더미학생01913,2,010-9019-1913,dummy01913@jnu.ac.kr,6,2
101914,더미학생01914,3,010-9019-1914,dummy01914@jnu.ac.kr,1,3
101915,더미학생01915,4,010-9019-1915,dummy01915@jnu.ac.kr,2,4
101916,더미학생01916,1,010-9019-1916,dummy01916@jnu.ac.kr,3,5
101917,더미학생01917,2,010-9019-1917,dummy01917@jnu.ac.kr,4,6
101918,더미학생01918,3,010-9019-1918,dummy01918@jnu.ac.kr,5,7
101919,더미학생01919,4,010-9019-1919,dummy01919@jnu.ac.kr,6,8
101920,더미학생01920,1,010-9019-1920,dummy01920@jnu.ac.kr,1,1
101921,더미학생01921,2,010-9019-1921,dummy01921@jnu.ac.kr,2,2
101922,더미학생01922,3,010-9019-1922,dummy01922@jnu.ac.kr,3,3
101923,더미학생01923,4,010-9019-1923,dummy01923@jnu.ac.kr,4,4
101924,더미학생01924,1,010-9019-1924,dummy01924@jnu.ac.kr,5,5
101925,더미학생01925,2,010-9019-1925,dummy01925@jnu.ac.kr,6,6
101926,더미학생01926,3,010-9019-1926,dummy01926@jnu.ac.kr,1,7
101927,더미학생01927,4,010-9019-1927,dummy01927@jnu.ac.kr,2,8
101928,더미학생01928,1,010-9019-1928,dummy01928@jnu.ac.kr,3,1
101929,더미학생01929,2,010-9019-1929,dummy01929@jnu.ac.kr,4,2
101930,더미학생01930,3,010-9019-1930,dummy01930@jnu.ac.kr,5,3
101931,더미학생01931,4,010-9019-1931,dummy01931@jnu.ac.kr,6,4
101932,더미학생01932,1,010-9019-1932,dummy01932@jnu.ac.kr,1,5
101933,더미학생01933,2,010-9019-1933,dummy01933@jnu.ac.kr,2,6
101934,더미학생01934,3,010-9019-1934,dummy01934@jnu.ac.kr,3,7
101935,더미학생01935,4,010-9019-1935,dummy01935@jnu.ac.kr,4,8
101936,더미학생01936,1,010-9019-1936,dummy01936@jnu.ac.kr,5,1
101937,더미학생01937,2,010-9019-1937,dummy01937@jnu.ac.kr,6,2
101938,더미학생01938,3,010-9019-1938,dummy01938@jnu.ac.kr,1,3
101939,더미학생01939,4,010-9019-1939,dummy01939@jnu.ac.kr,2,4
101940,더미학생01940,1,010-9019-1940,dummy01940@jnu.ac.kr,3,5
101941,더미학생01941,2,010-9019-1941,dummy01941@jnu.ac.kr,4,6
101942,더미학생01942,3,010-9019-1942,dummy01942@jnu.ac.kr,5,7
101943,더미학생01943,4,010-9019-1943,dummy01943@jnu.ac.kr,6,8
101944,더미학생01944,1,010-9019-1944,dummy01944@jnu.ac.kr,1,1
101945,더미학생01945,2,010-9019-1945,dummy01945@jnu.ac.kr,2,2
101946,더미학생01946,3,010-9019-1946,dummy01946@jnu.ac.kr,3,3
101947,더미학생01947,4,010-9019-1947,dummy01947@jnu.ac.kr,4,4
101948,더미학생01948,1,010-9019-1948,dummy01948@jnu.ac.kr,5,5
101949,더미학생01949,2,010-9019-1949,dummy01949@jnu.ac.kr,6,6
101950,더미학생01950,3,010-9019-1950,dummy01950@jnu.ac.kr,1,7
101951,더미학생01951,4,010-9019-1951,dummy01951@jnu.ac.kr,2,8
101952,더미학생01952,1,010-9019-1952,dummy01952@jnu.ac.kr,3,1
101953,더미학생01953,2,010-9019-1953,dummy01953@jnu.ac.kr,4,2
101954,더미학생01954,3,010-9019-1954,dummy01954@jnu.ac.kr,5,3
101955,더미학생01955,4,010-9019-1955,dummy01955@jnu.ac.kr,6,4
101956,더미학생01956,1,010-9019-1956,dummy01956@jnu.ac.kr,1,5
101957,더미학생01957,2,010-9019-1957,dummy01957@jnu.ac.kr,2,6
101958,더미학생01958,3,010-9019-1958,dummy01958@jnu.ac.kr,3,7
101959,더미학생01959,4,010-9019-1959,dummy01959@jnu.ac.kr,4,8
101960,더미학생01960,1,010-9019-1960,dummy01960@jnu.ac.kr,5,1
101961,더미학생01961,2,010-9019-1961,dummy01961@jnu.ac.kr,6,2
101962,더미학생01962,3,010-9019-1962,dummy01962@jnu.ac.kr,1,3
101963,더미학생01963,4,010-9019-1963,dummy01963@jnu.ac.kr,2,4
101964,더미학생01964,1,010-9019-1964,dummy01964@jnu.ac.kr,3,5
101965,더미학생01965,2,010-9019-1965,dummy01965@jnu.ac.kr,4,6
101966,더미학생01966,3,010-9019-1966,dummy01966@jnu.ac.kr,5,7
101967,더미학생01967,4,010-9019-1967,dummy01967@jnu.ac.kr,6,8
101968,더미학생01968,1,010-9019-1968,dummy01968@jnu.ac.kr,1,1
101969,더미학생01969,2,010-9019-1969,dummy01969@jnu.ac.kr,2,2
101970,더미학생01970,3,010-9019-1970,dummy01970@jnu.ac.kr,3,3
101971,더미학생01971,4,010-9019-1971,dummy01971@jnu.ac.kr,4,4
101972,더미학생01972,1,010-9019-1972,dummy01972@jnu.ac.kr,5,5
101973,더미학생01973,2,010-9019-1973,dummy01973@jnu.ac.kr,6,6
101974,더미학생01974,3,010-9019-1974,dummy01974@jnu.ac.kr,1,7
101975,더미학생01975,4,010-9019-1975,dummy01975@jnu.ac.kr,2,8
101976,더미학생01976,1,010-9019-1976,dummy01976@jnu.ac.kr,3,1
101977,더미학생01977,2,010-9019-1977,dummy01977@jnu.ac.kr,4,2
101978,더미학생01978,3,010-9019-1978,dummy01978@jnu.ac.kr,5,3
101979,더미학생01979,4,010-9019-1979,dummy01979@jnu.ac.kr,6,4
101980,더미학생01980,1,010-9019-1980,dummy01980@jnu.ac.kr,1,5
101981,더미학생01981,2,010-9019-1981,dummy01981@jnu.ac.kr,2,6
101982,더미학생01982,3,010-9019-1982,dummy01982@jnu.ac.kr,3,7
101983,더미학생01983,4,010-9019-1983,dummy01983@jnu.ac.kr,4,8
101984,더미학생01984,1,010-9019-1984,dummy01984@jnu.ac.kr,5,1
101985,더미학생01985,2,010-9019-1985,dummy01985@jnu.ac.kr,6,2
101986,더미학생01986,3,010-9019-1986,dummy01986@jnu.ac.kr,1,3
101987,더미학생01987,4,010-9019-1987,dummy01987@jnu.ac.kr,2,4
101988,더미학생01988,1,010-9019-1988,dummy01988@jnu.ac.kr,3,5
101989,더미학생01989,2,010-9019-1989,dummy01989@jnu.ac.kr,4,6
101990,더미학생01990,3,010-9019-1990,dummy01990@jnu.ac.kr,5,7
101991,더미학생01991,4,010-9019-1991,dummy01991@jnu.ac.kr,6,8
101992,더미학생01992,1,010-9019-1992,dummy01992@jnu.ac.kr,1,1
101993,더미학생01993,2,010-9019-1993,dummy01993@jnu.ac.kr,2,2
101994,더미학생01994,3,010-9019-1994,dummy01994@jnu.ac.kr,3,3
101995,더미학생01995,4,010-9019-1995,dummy01995@jnu.ac.kr,4,4
101996,더미학생01996,1,010-9019-1996,dummy01996@jnu.ac.kr,5,5
101997,더미학생01997,2,010-9019-1997,dummy01997@jnu.ac.kr,6,6
101998,더미학생01998,3,010-9019-1998,dummy01998@jnu.ac.kr,1,7
101999,더미학생01999,4,010-9019-1999,dummy01999@jnu.ac.kr,2,8
102000,더미학생02000,1,010-9020-2000,dummy02000@jnu.ac.kr,3,1
102001,더미학생02001,2,010-9020-2001,dummy02001@jnu.ac.kr,4,2
102002,더미학생02002,3,010-9020-2002,dummy02002@jnu.ac.kr,5,3
102003,더미학생02003,4,010-9020-2003,dummy02003@jnu.ac.kr,6,4
102004,더미학생02004,1,010-9020-2004,dummy02004@jnu.ac.kr,1,5
102005,더미학생02005,2,010-9020-2005,dummy02005@jnu.ac.kr,2,6
102006,더미학생02006,3,010-9020-2006,dummy02006@jnu.ac.kr,3,7
102007,더미학생02007,4,010-9020-2007,dummy02007@jnu.ac.kr,4,8
102008,더미학생02008,1,010-9020-2008,dummy02008@jnu.ac.kr,5,1
102009,더미학생02009,2,010-9020-2009,dummy02009@jnu.ac.kr,6,2
102010,더미학생02010,3,010-9020-2010,dummy02010@jnu.ac.kr,1,3
102011,더미학생02011,4,010-9020-2011,dummy02011@jnu.ac.kr,2,4
102012,더미학생02012,1,010-9020-2012,dummy02012@jnu.ac.kr,3,5
102013,더미학생02013,2,010-9020-2013,dummy02013@jnu.ac.kr,4,6
102014,더미학생02014,3,010-9020-2014,dummy02014@jnu.ac.kr,5,7
102015,더미학생02015,4,010-9020-2015,dummy02015@jnu.ac.kr,6,8
102016,더미학생02016,1,010-9020-2016,dummy02016@jnu.ac.kr,1,1
102017,더미학생02017,2,010-9020-2017,dummy02017@jnu.ac.kr,2,2
102018,더미학생02018,3,010-9020-2018,dummy02018@jnu.ac.kr,3,3
102019,더미학생02019,4,010-9020-2019,dummy02019@jnu.ac.kr,4,4
102020,더미학생02020,1,010-9020-2020,dummy02020@jnu.ac.kr,5,5
102021,더미학생02021,2,010-9020-2021,dummy02021@jnu.ac.kr,6,6
102022,더미학생02022,3,010-9020-2022,dummy02022@jnu.ac.kr,1,7
102023,더미학생02023,4,010-9020-2023,dummy02023@jnu.ac.kr,2,8
102024,더미학생02024,1,010-9020-2024,dummy02024@jnu.ac.kr,3,1
102025,더미학생02025,2,010-9020-2025,dummy02025@jnu.ac.kr,4,2
102026,더미학생02026,3,010-9020-2026,dummy02026@jnu.ac.kr,5,3
102027,더미학생02027,4,010-9020-2027,dummy02027@jnu.ac.kr,6,4
102028,더미학생02028,1,010-9020-2028,dummy02028@jnu.ac.kr,1,5
102029,더미학생02029,2,010-9020-2029,dummy02029@jnu.ac.kr,2,6
102030,더미학생02030,3,010-9020-2030,dummy02030@jnu.ac.kr,3,7
102031,더미학생02031,4,010-9020-2031,dummy02031@jnu.ac.kr,4,8
102032,더미학생02032,1,010-9020-2032,dummy02032@jnu.ac.kr,5,1
102033,더미학생02033,2,010-9020-2033,dummy02033@jnu.ac.kr,6,2
102034,더미학생02034,3,010-9020-2034,dummy02034@jnu.ac.kr,1,3
102035,더미학생02035,4,010-9020-2035,dummy02035@jnu.ac.kr,2,4
102036,더미학생02036,1,010-9020-2036,dummy02036@jnu.ac.kr,3,5
102037,더미학생02037,2,010-9020-2037,dummy02037@jnu.ac.kr,4,6
102038,더미학생02038,3,010-9020-2038,dummy02038@jnu.ac.kr,5,7
102039,더미학생02039,4,010-9020-2039,dummy02039@jnu.ac.kr,6,8
102040,더미학생02040,1,010-9020-2040,dummy02040@jnu.ac.kr,1,1
102041,더미학생02041,2,010-9020-2041,dummy02041@jnu.ac.kr,2,2
102042,더미학생02042,3,010-9020-2042,dummy02042@jnu.ac.kr,3,3
102043,더미학생02043,4,010-9020-2043,dummy02043@jnu.ac.kr,4,4
102044,더미학생02044,1,010-9020-2044,dummy02044@jnu.ac.kr,5,5
102045,더미학생02045,2,010-9020-2045,dummy02045@jnu.ac.kr,6,6
102046,더미학생02046,3,010-9020-2046,dummy02046@jnu.ac.kr,1,7
102047,더미학생02047,4,010-9020-2047,dummy02047@jnu.ac.kr,2,8
102048,더미학생02048,1,010-9020-2048,dummy02048@jnu.ac.kr,3,1
102049,더미학생02049,2,010-9020-2049,dummy02049@jnu.ac.kr,4,2
102050,더미학생02050,3,010-9020-2050,dummy02050@jnu.ac.kr,5,3
102051,더미학생02051,4,010-9020-2051,dummy02051@jnu.ac.kr,6,4
102052,더미학생02052,1,010-9020-2052,dummy02052@jnu.ac.kr,1,5
102053,더미학생02053,2,010-9020-2053,dummy02053@jnu.ac.kr,2,6
102054,더미학생02054,3,010-9020-2054,dummy02054@jnu.ac.kr,3,7
102055,더미학생02055,4,010-9020-2055,dummy02055@jnu.ac.kr,4,8
102056,더미학생02056,1,010-9020-2056,dummy02056@jnu.ac.kr,5,1
102057,더미학생02057,2,010-9020-2057,dummy02057@jnu.ac.kr,6,2
102058,더미학생02058,3,010-9020-2058,dummy02058@jnu.ac.kr,1,3
102059,더미학생02059,4,010-9020-2059,dummy02059@jnu.ac.kr,2,4
102060,더미학생02060,1,010-9020-2060,dummy02060@jnu.ac.kr,3,5
102061,더미학생02061,2,010-9020-2061,dummy02061@jnu.ac.kr,4,6
102062,더미학생02062,3,010-9020-2062,dummy02062@jnu.ac.kr,5,7
102063,더미학생02063,4,010-9020-2063,dummy02063@jnu.ac.kr,6,8
102064,더미학생02064,1,010-9020-2064,dummy02064@jnu.ac.kr,1,1
102065,더미학생02065,2,010-9020-2065,dummy02065@jnu.ac.kr,2,2
102066,더미학생02066,3,010-9020-2066,dummy02066@jnu.ac.kr,3,3
102067,더미학생02067,4,010-9020-2067,dummy02067@jnu.ac.kr,4,4
102068,더미학생02068,1,010-9020-2068,dummy02068@jnu.ac.kr,5,5
102069,더미학생02069,2,010-9020-2069,dummy02069@jnu.ac.kr,6,6
102070,더미학생02070,3,010-9020-2070,dummy02070@jnu.ac.kr,1,7
102071,더미학생02071,4,010-9020-2071,dummy02071@jnu.ac.kr,2,8
102072,더미학생02072,1,010-9020-2072,dummy02072@jnu.ac.kr,3,1
102073,더미학생02073,2,010-9020-2073,dummy02073@jnu.ac.kr,4,2
102074,더미학생02074,3,010-9020-2074,dummy02074@jnu.ac.kr,5,3
102075,더미학생02075,4,010-9020-2075,dummy02075@jnu.ac.kr,6,4
102076,더미학생02076,1,010-9020-2076,dummy02076@jnu.ac.kr,1,5
102077,더미학생02077,2,010-9020-2077,dummy02077@jnu.ac.kr,2,6
102078,더미학생02078,3,010-9020-2078,dummy02078@jnu.ac.kr,3,7
102079,더미학생02079,4,010-9020-2079,dummy02079@jnu.ac.kr,4,8
102080,더미학생02080,1,010-9020-2080,dummy02080@jnu.ac.kr,5,1
102081,더미학생02081,2,010-9020-2081,dummy02081@jnu.ac.kr,6,2
102082,더미학생02082,3,010-9020-2082,dummy02082@jnu.ac.kr,1,3
102083,더미학생02083,4,010-9020-2083,dummy02083@jnu.ac.kr,2,4
102084,더미학생02084,1,010-9020-2084,dummy02084@jnu.ac.kr,3,5
102085,더미학생02085,2,010-9020-2085,dummy02085@jnu.ac.kr,4,6
102086,더미학생02086,3,010-9020-2086,dummy02086@jnu.ac.kr,5,7
102087,더미학생02087,4,010-9020-2087,dummy02087@jnu.ac.kr,6,8
102088,더미학생02088,1,010-9020-2088,dummy02088@jnu.ac.kr,1,1
102089,더미학생02089,2,010-9020-2089,dummy02089@jnu.ac.kr,2,2
102090,더미학생02090,3,010-9020-2090,dummy02090@jnu.ac.kr,3,3
102091,더미학생02091,4,010-9020-2091,dummy02091@jnu.ac.kr,4,4
102092,더미학생02092,1,010-9020-2092,dummy02092@jnu.ac.kr,5,5
102093,더미학생02093,2,010-9020-2093,dummy02093@jnu.ac.kr,6,6
102094,더미학생02094,3,010-9020-2094,dummy02094@jnu.ac.kr,1,7
102095,더미학생02095,4,010-9020-2095,dummy02095@jnu.ac.kr,2,8
102096,더미학생02096,1,010-9020-2096,dummy02096@jnu.ac.kr,3,1
102097,더미학생02097,2,010-9020-2097,dummy02097@jnu.ac.kr,4,2
102098,더미학생02098,3,010-9020-2098,dummy02098@jnu.ac.kr,5,3
102099,더미학생02099,4,010-9020-2099,dummy02099@jnu.ac.kr,6,4
102100,더미학생02100,1,010-9021-2100,dummy02100@jnu.ac.kr,1,5
102101,더미학생02101,2,010-9021-2101,dummy02101@jnu.ac.kr,2,6
102102,더미학생02102,3,010-9021-2102,dummy02102@jnu.ac.kr,3,7
102103,더미학생02103,4,010-9021-2103,dummy02103@jnu.ac.kr,4,8
102104,더미학생02104,1,010-9021-2104,dummy02104@jnu.ac.kr,5,1
102105,더미학생02105,2,010-9021-2105,dummy02105@jnu.ac.kr,6,2
102106,더미학생02106,3,010-9021-2106,dummy02106@jnu.ac.kr,1,3
102107,더미학생02107,4,010-9021-2107,dummy02107@jnu.ac.kr,2,4
102108,더미학생02108,1,010-9021-2108,dummy02108@jnu.ac.kr,3,5
102109,더미학생02109,2,010-9021-2109,dummy02109@jnu.ac.kr,4,6
102110,더미학생02110,3,010-9021-2110,dummy02110@jnu.ac.kr,5,7
102111,더미학생02111,4,010-9021-2111,dummy02111@jnu.ac.kr,6,8
102112,더미학생02112,1,010-9021-2112,dummy02112@jnu.ac.kr,1,1
102113,더미학생02113,2,010-9021-2113,dummy02113@jnu.ac.kr,2,2
102114,더미학생02114,3,010-9021-2114,dummy02114@jnu.ac.kr,3,3
102115,더미학생02115,4,010-9021-2115,dummy02115@jnu.ac.kr,4,4
102116,더미학생02116,1,010-9021-2116,dummy02116@jnu.ac.kr,5,5
102117,더미학생02117,2,010-9021-2117,dummy02117@jnu.ac.kr,6,6
102118,더미학생02118,3,010-9021-2118,dummy02118@jnu.ac.kr,1,7
102119,더미학생02119,4,010-9021-2119,dummy02119@jnu.ac.kr,2,8
102120,더미학생02120,1,010-9021-2120,dummy02120@jnu.ac.kr,3,1
102121,더미학생02121,2,010-9021-2121,dummy02121@jnu.ac.kr,4,2
102122,더미학생02122,3,010-9021-2122,dummy02122@jnu.ac.kr,5,3
102123,더미학생02123,4,010-9021-2123,dummy02123@jnu.ac.kr,6,4
102124,더미학생02124,1,010-9021-2124,dummy02124@jnu.ac.kr,1,5
102125,더미학생02125,2,010-9021-2125,dummy02125@jnu.ac.kr,2,6
102126,더미학생02126,3,010-9021-2126,dummy02126@jnu.ac.kr,3,7
102127,더미학생02127,4,010-9021-2127,dummy02127@jnu.ac.kr,4,8
102128,더미학생02128,1,010-9021-2128,dummy02128@jnu.ac.kr,5,1
102129,더미학생02129,2,010-9021-2129,dummy02129@jnu.ac.kr,6,2
102130,더미학생02130,3,010-9021-2130,dummy02130@jnu.ac.kr,1,3
102131,더미학생02131,4,010-9021-2131,dummy02131@jnu.ac.kr,2,4
102132,더미학생02132,1,010-9021-2132,dummy02132@jnu.ac.kr,3,5
102133,더미학생02133,2,010-9021-2133,dummy02133@jnu.ac.kr,4,6
102134,더미학생02134,3,010-9021-2134,dummy02134@jnu.ac.kr,5,7
102135,더미학생02135,4,010-9021-2135,dummy02135@jnu.ac.kr,6,8
102136,더미학생02136,1,010-9021-2136,dummy02136@jnu.ac.kr,1,1
102137,더미학생02137,2,010-9021-2137,dummy02137@jnu.ac.kr,2,2
102138,더미학생02138,3,010-9021-2138,dummy02138@jnu.ac.kr,3,3
102139,더미학생02139,4,010-9021-2139,dummy02139@jnu.ac.kr,4,4
102140,더미학생02140,1,010-9021-2140,dummy02140@jnu.ac.kr,5,5
102141,더미학생02141,2,010-9021-2141,dummy02141@jnu.ac.kr,6,6
102142,더미학생02142,3,010-9021-2142,dummy02142@jnu.ac.kr,1,7
102143,더미학생02143,4,010-9021-2143,dummy02143@jnu.ac.kr,2,8
102144,더미학생02144,1,010-9021-2144,dummy02144@jnu.ac.kr,3,1
102145,더미학생02145,2,010-9021-2145,dummy02145@jnu.ac.kr,4,2
102146,더미학생02146,3,010-9021-2146,dummy02146@jnu.ac.kr,5,3
102147,더미학생02147,4,010-9021-2147,dummy02147@jnu.ac.kr,6,4
102148,더미학생02148,1,010-9021-2148,dummy02148@jnu.ac.kr,1,5
102149,더미학생02149,2,010-9021-2149,dummy02149@jnu.ac.kr,2,6
102150,더미학생02150,3,010-9021-2150,dummy02150@jnu.ac.kr,3,7
102151,더미학생02151,4,010-9021-2151,dummy02151@jnu.ac.kr,4,8
102152,더미학생02152,1,010-9021-2152,dummy02152@jnu.ac.kr,5,1
102153,더미학생02153,2,010-9021-2153,dummy02153@jnu.ac.kr,6,2
102154,더미학생02154,3,010-9021-2154,dummy02154@jnu.ac.kr,1,3
102155,더미학생02155,4,010-9021-2155,dummy02155@jnu.ac.kr,2,4
102156,더미학생02156,1,010-9021-2156,dummy02156@jnu.ac.kr,3,5
102157,더미학생02157,2,010-9021-2157,dummy02157@jnu.ac.kr,4,6
102158,더미학생02158,3,010-9021-2158,dummy02158@jnu.ac.kr,5,7
102159,더미학생02159,4,010-9021-2159,dummy02159@jnu.ac.kr,6,8
102160,더미학생02160,1,010-9021-2160,dummy02160@jnu.ac.kr,1,1
102161,더미학생02161,2,010-9021-2161,dummy02161@jnu.ac.kr,2,2
102162,더미학생02162,3,010-9021-2162,dummy02162@jnu.ac.kr,3,3
102163,더미학생02163,4,010-9021-2163,dummy02163@jnu.ac.kr,4,4
102164,더미학생02164,1,010-9021-2164,dummy02164@jnu.ac.kr,5,5
102165,더미학생02165,2,010-9021-2165,dummy02165@jnu.ac.kr,6,6
102166,더미학생02166,3,010-9021-2166,dummy02166@jnu.ac.kr,1,7
102167,더미학생02167,4,010-9021-2167,dummy02167@jnu.ac.kr,2,8
102168,더미학생02168,1,010-9021-2168,dummy02168@jnu.ac.kr,3,1
102169,더미학생02169,2,010-9021-2169,dummy02169@jnu.ac.kr,4,2
102170,더미학생02170,3,010-9021-2170,dummy02170@jnu.ac.kr,5,3
102171,더미학생02171,4,010-9021-2171,dummy02171@jnu.ac.kr,6,4
102172,더미학생02172,1,010-9021-2172,dummy02172@jnu.ac.kr,1,5
102173,더미학생02173,2,010-9021-2173,dummy02173@jnu.ac.kr,2,6
102174,더미학생02174,3,010-9021-2174,dummy02174@jnu.ac.kr,3,7
102175,더미학생02175,4,010-9021-2175,dummy02175@jnu.ac.kr,4,8
102176,더미학생02176,1,010-9021-2176,dummy02176@jnu.ac.kr,5,1
102177,더미학생02177,2,010-9021-2177,dummy02177@jnu.ac.kr,6,2
102178,더미학생02178,3,010-9021-2178,dummy02178@jnu.ac.kr,1,3
102179,더미학생02179,4,010-9021-2179,dummy02179@jnu.ac.kr,2,4
102180,더미학생02180,1,010-9021-2180,dummy02180@jnu.ac.kr,3,5
102181,더미학생02181,2,010-9021-2181,dummy02181@jnu.ac.kr,4,6
102182,더미학생02182,3,010-9021-2182,dummy02182@jnu.ac.kr,5,7
102183,더미학생02183,4,010-9021-2183,dummy02183@jnu.ac.kr,6,8
102184,더미학생02184,1,010-9021-2184,dummy02184@jnu.ac.kr,1,1
102185,더미학생02185,2,010-9021-2185,dummy02185@jnu.ac.kr,2,2
102186,더미학생02186,3,010-9021-2186,dummy02186@jnu.ac.kr,3,3
102187,더미학생02187,4,010-9021-2187,dummy02187@jnu.ac.kr,4,4
102188,더미학생02188,1,010-9021-2188,dummy02188@jnu.ac.kr,5,5
102189,더미학생02189,2,010-9021-2189,dummy02189@jnu.ac.kr,6,6
102190,더미학생02190,3,010-9021-2190,dummy02190@jnu.ac.kr,1,7
102191,더미학생02191,4,010-9021-2191,dummy02191@jnu.ac.kr,2,8
102192,더미학생02192,1,010-9021-2192,dummy02192@jnu.ac.kr,3,1
102193,더미학생02193,2,010-9021-2193,dummy02193@jnu.ac.kr,4,2
102194,더미학생02194,3,010-9021-2194,dummy02194@jnu.ac.kr,5,3
102195,더미학생02195,4,010-9021-2195,dummy02195@jnu.ac.kr,6,4
102196,더미학생02196,1,010-9021-2196,dummy02196@jnu.ac.kr,1,5
102197,더미학생02197,2,010-9021-2197,dummy02197@jnu.ac.kr,2,6
102198,더미학생02198,3,010-9021-2198,dummy02198@jnu.ac.kr,3,7
102199,더미학생02199,4,010-9021-2199,dummy02199@jnu.ac.kr,4,8
102200,더미학생02200,1,010-9022-2200,dummy02200@jnu.ac.kr,5,1
102201,더미학생02201,2,010-9022-2201,dummy02201@jnu.ac.kr,6,2
102202,더미학생02202,3,010-9022-2202,dummy02202@jnu.ac.kr,1,3
102203,더미학생02203,4,010-9022-2203,dummy02203@jnu.ac.kr,2,4
102204,더미학생02204,1,010-9022-2204,dummy02204@jnu.ac.kr,3,5
102205,더미학생02205,2,010-9022-2205,dummy02205@jnu.ac.kr,4,6
102206,더미학생02206,3,010-9022-2206,dummy02206@jnu.ac.kr,5,7
102207,더미학생02207,4,010-9022-2207,dummy02207@jnu.ac.kr,6,8
102208,더미학생02208,1,010-9022-2208,dummy02208@jnu.ac.kr,1,1
102209,더미학생02209,2,010-9022-2209,dummy02209@jnu.ac.kr,2,2
102210,더미학생02210,3,010-9022-2210,dummy02210@jnu.ac.kr,3,3
102211,더미학생02211,4,010-9022-2211,dummy02211@jnu.ac.kr,4,4
102212,더미학생02212,1,010-9022-2212,dummy02212@jnu.ac.kr,5,5
102213,더미학생02213,2,010-9022-2213,dummy02213@jnu.ac.kr,6,6
102214,더미학생02214,3,010-9022-2214,dummy02214@jnu.ac.kr,1,7
102215,더미학생02215,4,010-9022-2215,dummy02215@jnu.ac.kr,2,8
102216,더미학생02216,1,010-9022-2216,dummy02216@jnu.ac.kr,3,1
102217,더미학생02217,2,010-9022-2217,dummy02217@jnu.ac.kr,4,2
102218,더미학생02218,3,010-9022-2218,dummy02218@jnu.ac.kr,5,3
102219,더미학생02219,4,010-9022-2219,dummy02219@jnu.ac.kr,6,4
102220,더미학생02220,1,010-9022-2220,dummy02220@jnu.ac.kr,1,5
102221,더미학생02221,2,010-9022-2221,dummy02221@jnu.ac.kr,2,6
102222,더미학생02222,3,010-9022-2222,dummy02222@jnu.ac.kr,3,7
102223,더미학생02223,4,010-9022-2223,dummy02223@jnu.ac.kr,4,8
102224,더미학생02224,1,010-9022-2224,dummy02224@jnu.ac.kr,5,1
102225,더미학생02225,2,010-9022-2225,dummy02225@jnu.ac.kr,6,2
102226,더미학생02226,3,010-9022-2226,dummy02226@jnu.ac.kr,1,3
102227,더미학생02227,4,010-9022-2227,dummy02227@jnu.ac.kr,2,4
102228,더미학생02228,1,010-9022-2228,dummy02228@jnu.ac.kr,3,5
102229,더미학생02229,2,010-9022-2229,dummy02229@jnu.ac.kr,4,6
102230,더미학생02230,3,010-9022-2230,dummy02230@jnu.ac.kr,5,7
102231,더미학생02231,4,010-9022-2231,dummy02231@jnu.ac.kr,6,8
102232,더미학생02232,1,010-9022-2232,dummy02232@jnu.ac.kr,1,1
102233,더미학생02233,2,010-9022-2233,dummy02233@jnu.ac.kr,2,2
102234,더미학생02234,3,010-9022-2234,dummy02234@jnu.ac.kr,3,3
102235,더미학생02235,4,010-9022-2235,dummy02235@jnu.ac.kr,4,4
102236,더미학생02236,1,010-9022-2236,dummy02236@jnu.ac.kr,5,5
102237,더미학생02237,2,010-9022-2237,dummy02237@jnu.ac.kr,6,6
102238,더미학생02238,3,010-9022-2238,dummy02238@jnu.ac.kr,1,7
102239,더미학생02239,4,010-9022-2239,dummy02239@jnu.ac.kr,2,8
102240,더미학생02240,1,010-9022-2240,dummy02240@jnu.ac.kr,3,1
102241,더미학생02241,2,010-9022-2241,dummy02241@jnu.ac.kr,4,2
102242,더미학생02242,3,010-9022-2242,dummy02242@jnu.ac.kr,5,3
102243,더미학생02243,4,010-9022-2243,dummy02243@jnu.ac.kr,6,4
102244,더미학생02244,1,010-9022-2244,dummy02244@jnu.ac.kr,1,5
102245,더미학생02245,2,010-9022-2245,dummy02245@jnu.ac.kr,2,6
102246,더미학생02246,3,010-9022-2246,dummy02246@jnu.ac.kr,3,7
102247,더미학생02247,4,010-9022-2247,dummy02247@jnu.ac.kr,4,8
102248,더미학생02248,1,010-9022-2248,dummy02248@jnu.ac.kr,5,1
102249,더미학생02249,2,010-9022-2249,dummy02249@jnu.ac.kr,6,2
102250,더미학생02250,3,010-9022-2250,dummy02250@jnu.ac.kr,1,3
102251,더미학생02251,4,010-9022-2251,dummy02251@jnu.ac.kr,2,4
102252,더미학생02252,1,010-9022-2252,dummy02252@jnu.ac.kr,3,5
102253,더미학생02253,2,010-9022-2253,dummy02253@jnu.ac.kr,4,6
102254,더미학생02254,3,010-9022-2254,dummy02254@jnu.ac.kr,5,7
102255,더미학생02255,4,010-9022-2255,dummy02255@jnu.ac.kr,6,8
102256,더미학생02256,1,010-9022-2256,dummy02256@jnu.ac.kr,1,1
102257,더미학생02257,2,010-9022-2257,dummy02257@jnu.ac.kr,2,2
102258,더미학생02258,3,010-9022-2258,dummy02258@jnu.ac.kr,3,3
102259,더미학생02259,4,010-9022-2259,dummy02259@jnu.ac.kr,4,4
102260,더미학생02260,1,010-9022-2260,dummy02260@jnu.ac.kr,5,5
102261,더미학생02261,2,010-9022-2261,dummy02261@jnu.ac.kr,6,6
102262,더미학생02262,3,010-9022-2262,dummy02262@jnu.ac.kr,1,7
102263,더미학생02263,4,010-9022-2263,dummy02263@jnu.ac.kr,2,8
102264,더미학생02264,1,010-9022-2264,dummy02264@jnu.ac.kr,3,1
102265,더미학생02265,2,010-9022-2265,dummy02265@jnu.ac.kr,4,2
102266,더미학생02266,3,010-9022-2266,dummy02266@jnu.ac.kr,5,3
102267,더미학생02267,4,010-9022-2267,dummy02267@jnu.ac.kr,6,4
102268,더미학생02268,1,010-9022-2268,dummy02268@jnu.ac.kr,1,5
102269,더미학생02269,2,010-9022-2269,dummy02269@jnu.ac.kr,2,6
102270,더미학생02270,3,010-9022-2270,dummy02270@jnu.ac.kr,3,7
102271,더미학생02271,4,010-9022-2271,dummy02271@jnu.ac.kr,4,8
102272,더미학생02272,1,010-9022-2272,dummy02272@jnu.ac.kr,5,1
102273,더미학생02273,2,010-9022-2273,dummy02273@jnu.ac.kr,6,2
102274,더미학생02274,3,010-9022-2274,dummy02274@jnu.ac.kr,1,3
102275,더미학생02275,4,010-9022-2275,dummy02275@jnu.ac.kr,2,4
102276,더미학생02276,1,010-9022-2276,dummy02276@jnu.ac.kr,3,5
102277,더미학생02277,2,010-9022-2277,dummy02277@jnu.ac.kr,4,6
102278,더미학생02278,3,010-9022-2278,dummy02278@jnu.ac.kr,5,7
102279,더미학생02279,4,010-9022-2279,dummy02279@jnu.ac.kr,6,8
102280,더미학생02280,1,010-9022-2280,dummy02280@jnu.ac.kr,1,1
102281,더미학생02281,2,010-9022-2281,dummy02281@jnu.ac.kr,2,2
102282,더미학생02282,3,010-9022-2282,dummy02282@jnu.ac.kr,3,3
102283,더미학생02283,4,010-9022-2283,dummy02283@jnu.ac.kr,4,4
102284,더미학생02284,1,010-9022-2284,dummy02284@jnu.ac.kr,5,5
102285,더미학생02285,2,010-9022-2285,dummy02285@jnu.ac.kr,6,6
102286,더미학생02286,3,010-9022-2286,dummy02286@jnu.ac.kr,1,7
102287,더미학생02287,4,010-9022-2287,dummy02287@jnu.ac.kr,2,8
102288,더미학생02288,1,010-9022-2288,dummy02288@jnu.ac.kr,3,1
102289,더미학생02289,2,010-9022-2289,dummy02289@jnu.ac.kr,4,2
102290,더미학생02290,3,010-9022-2290,dummy02290@jnu.ac.kr,5,3
102291,더미학생02291,4,010-9022-2291,dummy02291@jnu.ac.kr,6,4
102292,더미학생02292,1,010-9022-2292,dummy02292@jnu.ac.kr,1,5
102293,더미학생02293,2,010-9022-2293,dummy02293@jnu.ac.kr,2,6
102294,더미학생02294,3,010-9022-2294,dummy02294@jnu.ac.kr,3,7
102295,더미학생02295,4,010-9022-2295,dummy02295@jnu.ac.kr,4,8
102296,더미학생02296,1,010-9022-2296,dummy02296@jnu.ac.kr,5,1
102297,더미학생02297,2,010-9022-2297,dummy02297@jnu.ac.kr,6,2
102298,더미학생02298,3,010-9022-2298,dummy02298@jnu.ac.kr,1,3
102299,더미학생02299,4,010-9022-2299,dummy02299@jnu.ac.kr,2,4
102300,더미학생02300,1,010-9023-2300,dummy02300@jnu.ac.kr,3,5
102301,더미학생02301,2,010-9023-2301,dummy02301@jnu.ac.kr,4,6
102302,더미학생02302,3,010-9023-2302,dummy02302@jnu.ac.kr,5,7
102303,더미학생02303,4,010-9023-2303,dummy02303@jnu.ac.kr,6,8
102304,더미학생02304,1,010-9023-2304,dummy02304@jnu.ac.kr,1,1
102305,더미학생02305,2,010-9023-2305,dummy02305@jnu.ac.kr,2,2
102306,더미학생02306,3,010-9023-2306,dummy02306@jnu.ac.kr,3,3
102307,더미학생02307,4,010-9023-2307,dummy02307@jnu.ac.kr,4,4
102308,더미학생02308,1,010-9023-2308,dummy02308@jnu.ac.kr,5,5
102309,더미학생02309,2,010-9023-2309,dummy02309@jnu.ac.kr,6,6
102310,더미학생02310,3,010-9023-2310,dummy02310@jnu.ac.kr,1,7
102311,더미학생02311,4,010-9023-2311,dummy02311@jnu.ac.kr,2,8
102312,더미학생02312,1,010-9023-2312,dummy02312@jnu.ac.kr,3,1
102313,더미학생02313,2,010-9023-2313,dummy02313@jnu.ac.kr,4,2
102314,더미학생02314,3,010-9023-2314,dummy02314@jnu.ac.kr,5,3
102315,더미학생02315,4,010-9023-2315,dummy02315@jnu.ac.kr,6,4
102316,더미학생02316,1,010-9023-2316,dummy02316@jnu.ac.kr,1,5
102317,더미학생02317,2,010-9023-2317,dummy02317@jnu.ac.kr,2,6
102318,더미학생02318,3,010-9023-2318,dummy02318@jnu.ac.kr,3,7
102319,더미학생02319,4,010-9023-2319,dummy02319@jnu.ac.kr,4,8
102320,더미학생02320,1,010-9023-2320,dummy02320@jnu.ac.kr,5,1
102321,더미학생02321,2,010-9023-2321,dummy02321@jnu.ac.kr,6,2
102322,더미학생02322,3,010-9023-2322,dummy02322@jnu.ac.kr,1,3
102323,더미학생02323,4,010-9023-2323,dummy02323@jnu.ac.kr,2,4
102324,더미학생02324,1,010-9023-2324,dummy02324@jnu.ac.kr,3,5
102325,더미학생02325,2,010-9023-2325,dummy02325@jnu.ac.kr,4,6
102326,더미학생02326,3,010-9023-2326,dummy02326@jnu.ac.kr,5,7
102327,더미학생02327,4,010-9023-2327,dummy02327@jnu.ac.kr,6,8
102328,더미학생02328,1,010-9023-2328,dummy02328@jnu.ac.kr,1,1
102329,더미학생02329,2,010-9023-2329,dummy02329@jnu.ac.kr,2,2
102330,더미학생02330,3,010-9023-2330,dummy02330@jnu.ac.kr,3,3
102331,더미학생02331,4,010-9023-2331,dummy02331@jnu.ac.kr,4,4
102332,더미학생02332,1,010-9023-2332,dummy02332@jnu.ac.kr,5,5
102333,더미학생02333,2,010-9023-2333,dummy02333@jnu.ac.kr,6,6
102334,더미학생02334,3,010-9023-2334,dummy02334@jnu.ac.kr,1,7
102335,더미학생02335,4,010-9023-2335,dummy02335@jnu.ac.kr,2,8
102336,더미학생02336,1,010-9023-2336,dummy02336@jnu.ac.kr,3,1
102337,더미학생02337,2,010-9023-2337,dummy02337@jnu.ac.kr,4,2
102338,더미학생02338,3,010-9023-2338,dummy02338@jnu.ac.kr,5,3
102339,더미학생02339,4,010-9023-2339,dummy02339@jnu.ac.kr,6,4
102340,더미학생02340,1,010-9023-2340,dummy02340@jnu.ac.kr,1,5
102341,더미학생02341,2,010-9023-2341,dummy02341@jnu.ac.kr,2,6
102342,더미학생02342,3,010-9023-2342,dummy02342@jnu.ac.kr,3,7
102343,더미학생02343,4,010-9023-2343,dummy02343@jnu.ac.kr,4,8
102344,더미학생02344,1,010-9023-2344,dummy02344@jnu.ac.kr,5,1
102345,더미학생02345,2,010-9023-2345,dummy02345@jnu.ac.kr,6,2
102346,더미학생02346,3,010-9023-2346,dummy02346@jnu.ac.kr,1,3
102347,더미학생02347,4,010-9023-2347,dummy02347@jnu.ac.kr,2,4
102348,더미학생02348,1,010-9023-2348,dummy02348@jnu.ac.kr,3,5
102349,더미학생02349,2,010-9023-2349,dummy02349@jnu.ac.kr,4,6
102350,더미학생02350,3,010-9023-2350,dummy02350@jnu.ac.kr,5,7
102351,더미학생02351,4,010-9023-2351,dummy02351@jnu.ac.kr,6,8
102352,더미학생02352,1,010-9023-2352,dummy02352@jnu.ac.kr,1,1
102353,더미학생02353,2,010-9023-2353,dummy02353@jnu.ac.kr,2,2
102354,더미학생02354,3,010-9023-2354,dummy02354@jnu.ac.kr,3,3
102355,더미학생02355,4,010-9023-2355,dummy02355@jnu.ac.kr,4,4
102356,더미학생02356,1,010-9023-2356,dummy02356@jnu.ac.kr,5,5
102357,더미학생02357,2,010-9023-2357,dummy02357@jnu.ac.kr,6,6
102358,더미학생02358,3,010-9023-2358,dummy02358@jnu.ac.kr,1,7
102359,더미학생02359,4,010-9023-2359,dummy02359@jnu.ac.kr,2,8
102360,더미학생02360,1,010-9023-2360,dummy02360@jnu.ac.kr,3,1
102361,더미학생02361,2,010-9023-2361,dummy02361@jnu.ac.kr,4,2
102362,더미학생02362,3,010-9023-2362,dummy02362@jnu.ac.kr,5,3
102363,더미학생02363,4,010-9023-2363,dummy02363@jnu.ac.kr,6,4
102364,더미학생02364,1,010-9023-2364,dummy02364@jnu.ac.kr,1,5
102365,더미학생02365,2,010-9023-2365,dummy02365@jnu.ac.kr,2,6
102366,더미학생02366,3,010-9023-2366,dummy02366@jnu.ac.kr,3,7
102367,더미학생02367,4,010-9023-2367,dummy02367@jnu.ac.kr,4,8
102368,더미학생02368,1,010-9023-2368,dummy02368@jnu.ac.kr,5,1
102369,더미학생02369,2,010-9023-2369,dummy02369@jnu.ac.kr,6,2
102370,더미학생02370,3,010-9023-2370,dummy02370@jnu.ac.kr,1,3
102371,더미학생02371,4,010-9023-2371,dummy02371@jnu.ac.kr,2,4
102372,더미학생02372,1,010-9023-2372,dummy02372@jnu.ac.kr,3,5
102373,더미학생02373,2,010-9023-2373,dummy02373@jnu.ac.kr,4,6
102374,더미학생02374,3,010-9023-2374,dummy02374@jnu.ac.kr,5,7
102375,더미학생02375,4,010-9023-2375,dummy02375@jnu.ac.kr,6,8
102376,더미학생02376,1,010-9023-2376,dummy02376@jnu.ac.kr,1,1
102377,더미학생02377,2,010-9023-2377,dummy02377@jnu.ac.kr,2,2
102378,더미학생02378,3,010-9023-2378,dummy02378@jnu.ac.kr,3,3
102379,더미학생02379,4,010-9023-2379,dummy02379@jnu.ac.kr,4,4
102380,더미학생02380,1,010-9023-2380,dummy02380@jnu.ac.kr,5,5
102381,더미학생02381,2,010-9023-2381,dummy02381@jnu.ac.kr,6,6
102382,더미학생02382,3,010-9023-2382,dummy02382@jnu.ac.kr,1,7
102383,더미학생02383,4,010-9023-2383,dummy02383@jnu.ac.kr,2,8
102384,더미학생02384,1,010-9023-2384,dummy02384@jnu.ac.kr,3,1
102385,더미학생02385,2,010-9023-2385,dummy02385@jnu.ac.kr,4,2
102386,더미학생02386,3,010-9023-2386,dummy02386@jnu.ac.kr,5,3
102387,더미학생02387,4,010-9023-2387,dummy02387@jnu.ac.kr,6,4
102388,더미학생02388,1,010-9023-2388,dummy02388@jnu.ac.kr,1,5
102389,더미학생02389,2,010-9023-2389,dummy02389@jnu.ac.kr,2,6
102390,더미학생02390,3,010-9023-2390,dummy02390@jnu.ac.kr,3,7
102391,더미학생02391,4,010-9023-2391,dummy02391@jnu.ac.kr,4,8
102392,더미학생02392,1,010-9023-2392,dummy02392@jnu.ac.kr,5,1
102393,더미학생02393,2,010-9023-2393,dummy02393@jnu.ac.kr,6,2
102394,더미학생02394,3,010-9023-2394,dummy02394@jnu.ac.kr,1,3
102395,더미학생02395,4,010-9023-2395,dummy02395@jnu.ac.kr,2,4
102396,더미학생02396,1,010-9023-2396,dummy02396@jnu.ac.kr,3,5
102397,더미학생02397,2,010-9023-2397,dummy02397@jnu.ac.kr,4,6
102398,더미학생02398,3,010-9023-2398,dummy02398@jnu.ac.kr,5,7
102399,더미학생02399,4,010-9023-2399,dummy02399@jnu.ac.kr,6,8
102400,더미학생02400,1,010-9024-2400,dummy02400@jnu.ac.kr,1,1
102401,더미학생02401,2,010-9024-2401,dummy02401@jnu.ac.kr,2,2
102402,더미학생02402,3,010-9024-2402,dummy02402@jnu.ac.kr,3,3
102403,더미학생02403,4,010-9024-2403,dummy02403@jnu.ac.kr,4,4
102404,더미학생02404,1,010-9024-2404,dummy02404@jnu.ac.kr,5,5
102405,더미학생02405,2,010-9024-2405,dummy02405@jnu.ac.kr,6,6
102406,더미학생02406,3,010-9024-2406,dummy02406@jnu.ac.kr,1,7
102407,더미학생02407,4,010-9024-2407,dummy02407@jnu.ac.kr,2,8
102408,더미학생02408,1,010-9024-2408,dummy02408@jnu.ac.kr,3,1
102409,더미학생02409,2,010-9024-2409,dummy02409@jnu.ac.kr,4,2
102410,더미학생02410,3,010-9024-2410,dummy02410@jnu.ac.kr,5,3
102411,더미학생02411,4,010-9024-2411,dummy02411@jnu.ac.kr,6,4
102412,더미학생02412,1,010-9024-2412,dummy02412@jnu.ac.kr,1,5
102413,더미학생02413,2,010-9024-2413,dummy02413@jnu.ac.kr,2,6
102414,더미학생02414,3,010-9024-2414,dummy02414@jnu.ac.kr,3,7
102415,더미학생02415,4,010-9024-2415,dummy02415@jnu.ac.kr,4,8
102416,더미학생02416,1,010-9024-2416,dummy02416@jnu.ac.kr,5,1
102417,더미학생02417,2,010-9024-2417,dummy02417@jnu.ac.kr,6,2
102418,더미학생02418,3,010-9024-2418,dummy02418@jnu.ac.kr,1,3
102419,더미학생02419,4,010-9024-2419,dummy02419@jnu.ac.kr,2,4
102420,더미학생02420,1,010-9024-2420,dummy02420@jnu.ac.kr,3,5
102421,더미학생02421,2,010-9024-2421,dummy02421@jnu.ac.kr,4,6
102422,더미학생02422,3,010-9024-2422,dummy02422@jnu.ac.kr,5,7
102423,더미학생02423,4,010-9024-2423,dummy02423@jnu.ac.kr,6,8
102424,더미학생02424,1,010-9024-2424,dummy02424@jnu.ac.kr,1,1
102425,더미학생02425,2,010-9024-2425,dummy02425@jnu.ac.kr,2,2
102426,더미학생02426,3,010-9024-2426,dummy02426@jnu.ac.kr,3,3
102427,더미학생02427,4,010-9024-2427,dummy02427@jnu.ac.kr,4,4
102428,더미학생02428,1,010-9024-2428,dummy02428@jnu.ac.kr,5,5
102429,더미학생02429,2,010-9024-2429,dummy02429@jnu.ac.kr,6,6
102430,더미학생02430,3,010-9024-2430,dummy02430@jnu.ac.kr,1,7
102431,더미학생02431,4,010-9024-2431,dummy02431@jnu.ac.kr,2,8
102432,더미학생02432,1,010-9024-2432,dummy02432@jnu.ac.kr,3,1
102433,더미학생02433,2,010-9024-2433,dummy02433@jnu.ac.kr,4,2
102434,더미학생02434,3,010-9024-2434,dummy02434@jnu.ac.kr,5,3
102435,더미학생02435,4,010-9024-2435,dummy02435@jnu.ac.kr,6,4
102436,더미학생02436,1,010-9024-2436,dummy02436@jnu.ac.kr,1,5
102437,더미학생02437,2,010-9024-2437,dummy02437@jnu.ac.kr,2,6
102438,더미학생02438,3,010-9024-2438,dummy02438@jnu.ac.kr,3,7
102439,더미학생02439,4,010-9024-2439,dummy02439@jnu.ac.kr,4,8
102440,더미학생02440,1,010-9024-2440,dummy02440@jnu.ac.kr,5,1
102441,더미학생02441,2,010-9024-2441,dummy02441@jnu.ac.kr,6,2
102442,더미학생02442,3,010-9024-2442,dummy02442@jnu.ac.kr,1,3
102443,더미학생02443,4,010-9024-2443,dummy02443@jnu.ac.kr,2,4
102444,더미학생02444,1,010-9024-2444,dummy02444@jnu.ac.kr,3,5
102445,더미학생02445,2,010-9024-2445,dummy02445@jnu.ac.kr,4,6
102446,더미학생02446,3,010-9024-2446,dummy02446@jnu.ac.kr,5,7
102447,더미학생02447,4,010-9024-2447,dummy02447@jnu.ac.kr,6,8
102448,더미학생02448,1,010-9024-2448,dummy02448@jnu.ac.kr,1,1
102449,더미학생02449,2,010-9024-2449,dummy02449@jnu.ac.kr,2,2
102450,더미학생02450,3,010-9024-2450,dummy02450@jnu.ac.kr,3,3
102451,더미학생02451,4,010-9024-2451,dummy02451@jnu.ac.kr,4,4
102452,더미학생02452,1,010-9024-2452,dummy02452@jnu.ac.kr,5,5
102453,더미학생02453,2,010-9024-2453,dummy02453@jnu.ac.kr,6,6
102454,더미학생02454,3,010-9024-2454,dummy02454@jnu.ac.kr,1,7
102455,더미학생02455,4,010-9024-2455,dummy02455@jnu.ac.kr,2,8
102456,더미학생02456,1,010-9024-2456,dummy02456@jnu.ac.kr,3,1
102457,더미학생02457,2,010-9024-2457,dummy02457@jnu.ac.kr,4,2
102458,더미학생02458,3,010-9024-2458,dummy02458@jnu.ac.kr,5,3
102459,더미학생02459,4,010-9024-2459,dummy02459@jnu.ac.kr,6,4
102460,더미학생02460,1,010-9024-2460,dummy02460@jnu.ac.kr,1,5
102461,더미학생02461,2,010-9024-2461,dummy02461@jnu.ac.kr,2,6
102462,더미학생02462,3,010-9024-2462,dummy02462@jnu.ac.kr,3,7
102463,더미학생02463,4,010-9024-2463,dummy02463@jnu.ac.kr,4,8
102464,더미학생02464,1,010-9024-2464,dummy02464@jnu.ac.kr,5,1
102465,더미학생02465,2,010-9024-2465,dummy02465@jnu.ac.kr,6,2
102466,더미학생02466,3,010-9024-2466,dummy02466@jnu.ac.kr,1,3
102467,더미학생02467,4,010-9024-2467,dummy02467@jnu.ac.kr,2,4
102468,더미학생02468,1,010-9024-2468,dummy02468@jnu.ac.kr,3,5
102469,더미학생02469,2,010-9024-2469,dummy02469@jnu.ac.kr,4,6
102470,더미학생02470,3,010-9024-2470,dummy02470@jnu.ac.kr,5,7
102471,더미학생02471,4,010-9024-2471,dummy02471@jnu.ac.kr,6,8
102472,더미학생02472,1,010-9024-2472,dummy02472@jnu.ac.kr,1,1
102473,더미학생02473,2,010-9024-2473,dummy02473@jnu.ac.kr,2,2
102474,더미학생02474,3,010-9024-2474,dummy02474@jnu.ac.kr,3,3
102475,더미학생02475,4,010-9024-2475,dummy02475@jnu.ac.kr,4,4
102476,더미학생02476,1,010-9024-2476,dummy02476@jnu.ac.kr,5,5
102477,더미학생02477,2,010-9024-2477,dummy02477@jnu.ac.kr,6,6
102478,더미학생02478,3,010-9024-2478,dummy02478@jnu.ac.kr,1,7
102479,더미학생02479,4,010-9024-2479,dummy02479@jnu.ac.kr,2,8
102480,더미학생02480,1,010-9024-2480,dummy02480@jnu.ac.kr,3,1
102481,더미학생02481,2,010-9024-2481,dummy02481@jnu.ac.kr,4,2
102482,더미학생02482,3,010-9024-2482,dummy02482@jnu.ac.kr,5,3
102483,더미학생02483,4,010-9024-2483,dummy02483@jnu.ac.kr,6,4
102484,더미학생02484,1,010-9024-2484,dummy02484@jnu.ac.kr,1,5
102485,더미학생02485,2,010-9024-2485,dummy02485@jnu.ac.kr,2,6
102486,더미학생02486,3,010-9024-2486,dummy02486@jnu.ac.kr,3,7
102487,더미학생02487,4,010-9024-2487,dummy02487@jnu.ac.kr,4,8
102488,더미학생02488,1,010-9024-2488,dummy02488@jnu.ac.kr,5,1
102489,더미학생02489,2,010-9024-2489,dummy02489@jnu.ac.kr,6,2
102490,더미학생02490,3,010-9024-2490,dummy02490@jnu.ac.kr,1,3
102491,더미학생02491,4,010-9024-2491,dummy02491@jnu.ac.kr,2,4
102492,더미학생02492,1,010-9024-2492,dummy02492@jnu.ac.kr,3,5
102493,더미학생02493,2,010-9024-2493,dummy02493@jnu.ac.kr,4,6
102494,더미학생02494,3,010-9024-2494,dummy02494@jnu.ac.kr,5,7
102495,더미학생02495,4,010-9024-2495,dummy02495@jnu.ac.kr,6,8
102496,더미학생02496,1,010-9024-2496,dummy02496@jnu.ac.kr,1,1
102497,더미학생02497,2,010-9024-2497,dummy02497@jnu.ac.kr,2,2
102498,더미학생02498,3,010-9024-2498,dummy02498@jnu.ac.kr,3,3
102499,더미학생02499,4,010-9024-2499,dummy02499@jnu.ac.kr,4,4
102500,더미학생02500,1,010-9025-2500,dummy02500@jnu.ac.kr,5,5
102501,더미학생02501,2,010-9025-2501,dummy02501@jnu.ac.kr,6,6
102502,더미학생02502,3,010-9025-2502,dummy02502@jnu.ac.kr,1,7
102503,더미학생02503,4,010-9025-2503,dummy02503@jnu.ac.kr,2,8
102504,더미학생02504,1,010-9025-2504,dummy02504@jnu.ac.kr,3,1
102505,더미학생02505,2,010-9025-2505,dummy02505@jnu.ac.kr,4,2
102506,더미학생02506,3,010-9025-2506,dummy02506@jnu.ac.kr,5,3
102507,더미학생02507,4,010-9025-2507,dummy02507@jnu.ac.kr,6,4
102508,더미학생02508,1,010-9025-2508,dummy02508@jnu.ac.kr,1,5
102509,더미학생02509,2,010-9025-2509,dummy02509@jnu.ac.kr,2,6
102510,더미학생02510,3,010-9025-2510,dummy02510@jnu.ac.kr,3,7
102511,더미학생02511,4,010-9025-2511,dummy02511@jnu.ac.kr,4,8
102512,더미학생02512,1,010-9025-2512,dummy02512@jnu.ac.kr,5,1
102513,더미학생02513,2,010-9025-2513,dummy02513@jnu.ac.kr,6,2
102514,더미학생02514,3,010-9025-2514,dummy02514@jnu.ac.kr,1,3
102515,더미학생02515,4,010-9025-2515,dummy02515@jnu.ac.kr,2,4
102516,더미학생02516,1,010-9025-2516,dummy02516@jnu.ac.kr,3,5
102517,더미학생02517,2,010-9025-2517,dummy02517@jnu.ac.kr,4,6
102518,더미학생02518,3,010-9025-2518,dummy02518@jnu.ac.kr,5,7
102519,더미학생02519,4,010-9025-2519,dummy02519@jnu.ac.kr,6,8
102520,더미학생02520,1,010-9025-2520,dummy02520@jnu.ac.kr,1,1
102521,더미학생02521,2,010-9025-2521,dummy02521@jnu.ac.kr,2,2
102522,더미학생02522,3,010-9025-2522,dummy02522@jnu.ac.kr,3,3
102523,더미학생02523,4,010-9025-2523,dummy02523@jnu.ac.kr,4,4
102524,더미학생02524,1,010-9025-2524,dummy02524@jnu.ac.kr,5,5
102525,더미학생02525,2,010-9025-2525,dummy02525@jnu.ac.kr,6,6
102526,더미학생02526,3,010-9025-2526,dummy02526@jnu.ac.kr,1,7
102527,더미학생02527,4,010-9025-2527,dummy02527@jnu.ac.kr,2,8
102528,더미학생02528,1,010-9025-2528,dummy02528@jnu.ac.kr,3,1
102529,더미학생02529,2,010-9025-2529,dummy02529@jnu.ac.kr,4,2
102530,더미학생02530,3,010-9025-2530,dummy02530@jnu.ac.kr,5,3
102531,더미학생02531,4,010-9025-2531,dummy02531@jnu.ac.kr,6,4
102532,더미학생02532,1,010-9025-2532,dummy02532@jnu.ac.kr,1,5
102533,더미학생02533,2,010-9025-2533,dummy02533@jnu.ac.kr,2,6
102534,더미학생02534,3,010-9025-2534,dummy02534@jnu.ac.kr,3,7
102535,더미학생02535,4,010-9025-2535,dummy02535@jnu.ac.kr,4,8
102536,더미학생02536,1,010-9025-2536,dummy02536@jnu.ac.kr,5,1
102537,더미학생02537,2,010-9025-2537,dummy02537@jnu.ac.kr,6,2
102538,더미학생02538,3,010-9025-2538,dummy02538@jnu.ac.kr,1,3
102539,더미학생02539,4,010-9025-2539,dummy02539@jnu.ac.kr,2,4
102540,더미학생02540,1,010-9025-2540,dummy02540@jnu.ac.kr,3,5
102541,더미학생02541,2,010-9025-2541,dummy02541@jnu.ac.kr,4,6
102542,더미학생02542,3,010-9025-2542,dummy02542@jnu.ac.kr,5,7
102543,더미학생02543,4,010-9025-2543,dummy02543@jnu.ac.kr,6,8
102544,더미학생02544,1,010-9025-2544,dummy02544@jnu.ac.kr,1,1
102545,더미학생02545,2,010-9025-2545,dummy02545@jnu.ac.kr,2,2
102546,더미학생02546,3,010-9025-2546,dummy02546@jnu.ac.kr,3,3
102547,더미학생02547,4,010-9025-2547,dummy02547@jnu.ac.kr,4,4
102548,더미학생02548,1,010-9025-2548,dummy02548@jnu.ac.kr,5,5
102549,더미학생02549,2,010-9025-2549,dummy02549@jnu.ac.kr,6,6
102550,더미학생02550,3,010-9025-2550,dummy02550@jnu.ac.kr,1,7
102551,더미학생02551,4,010-9025-2551,dummy02551@jnu.ac.kr,2,8
102552,더미학생02552,1,010-9025-2552,dummy02552@jnu.ac.kr,3,1
102553,더미학생02553,2,010-9025-2553,dummy02553@jnu.ac.kr,4,2
102554,더미학생02554,3,010-9025-2554,dummy02554@jnu.ac.kr,5,3
102555,더미학생02555,4,010-9025-2555,dummy02555@jnu.ac.kr,6,4
102556,더미학생02556,1,010-9025-2556,dummy02556@jnu.ac.kr,1,5
102557,더미학생02557,2,010-9025-2557,dummy02557@jnu.ac.kr,2,6
102558,더미학생02558,3,010-9025-2558,dummy02558@jnu.ac.kr,3,7
102559,더미학생02559,4,010-9025-2559,dummy02559@jnu.ac.kr,4,8
102560,더미학생02560,1,010-9025-2560,dummy02560@jnu.ac.kr,5,1
102561,더미학생02561,2,010-9025-2561,dummy02561@jnu.ac.kr,6,2
102562,더미학생02562,3,010-9025-2562,dummy02562@jnu.ac.kr,1,3
102563,더미학생02563,4,010-9025-2563,dummy02563@jnu.ac.kr,2,4
102564,더미학생02564,1,010-9025-2564,dummy02564@jnu.ac.kr,3,5
102565,더미학생02565,2,010-9025-2565,dummy02565@jnu.ac.kr,4,6
102566,더미학생02566,3,010-9025-2566,dummy02566@jnu.ac.kr,5,7
102567,더미학생02567,4,010-9025-2567,dummy02567@jnu.ac.kr,6,8
102568,더미학생02568,1,010-9025-2568,dummy02568@jnu.ac.kr,1,1
102569,더미학생02569,2,010-9025-2569,dummy02569@jnu.ac.kr,2,2
102570,더미학생02570,3,010-9025-2570,dummy02570@jnu.ac.kr,3,3
102571,더미학생02571,4,010-9025-2571,dummy02571@jnu.ac.kr,4,4
102572,더미학생02572,1,010-9025-2572,dummy02572@jnu.ac.kr,5,5
102573,더미학생02573,2,010-9025-2573,dummy02573@jnu.ac.kr,6,6
102574,더미학생02574,3,010-9025-2574,dummy02574@jnu.ac.kr,1,7
102575,더미학생02575,4,010-9025-2575,dummy02575@jnu.ac.kr,2,8
102576,더미학생02576,1,010-9025-2576,dummy02576@jnu.ac.kr,3,1
102577,더미학생02577,2,010-9025-2577,dummy02577@jnu.ac.kr,4,2
102578,더미학생02578,3,010-9025-2578,dummy02578@jnu.ac.kr,5,3
102579,더미학생02579,4,010-9025-2579,dummy02579@jnu.ac.kr,6,4
102580,더미학생02580,1,010-9025-2580,dummy02580@jnu.ac.kr,1,5
102581,더미학생02581,2,010-9025-2581,dummy02581@jnu.ac.kr,2,6
102582,더미학생02582,3,010-9025-2582,dummy02582@jnu.ac.kr,3,7
102583,더미학생02583,4,010-9025-2583,dummy02583@jnu.ac.kr,4,8
102584,더미학생02584,1,010-9025-2584,dummy02584@jnu.ac.kr,5,1
102585,더미학생02585,2,010-9025-2585,dummy02585@jnu.ac.kr,6,2
102586,더미학생02586,3,010-9025-2586,dummy02586@jnu.ac.kr,1,3
102587,더미학생02587,4,010-9025-2587,dummy02587@jnu.ac.kr,2,4
102588,더미학생02588,1,010-9025-2588,dummy02588@jnu.ac.kr,3,5
102589,더미학생02589,2,010-9025-2589,dummy02589@jnu.ac.kr,4,6
102590,더미학생02590,3,010-9025-2590,dummy02590@jnu.ac.kr,5,7
102591,더미학생02591,4,010-9025-2591,dummy02591@jnu.ac.kr,6,8
102592,더미학생02592,1,010-9025-2592,dummy02592@jnu.ac.kr,1,1
102593,더미학생02593,2,010-9025-2593,dummy02593@jnu.ac.kr,2,2
102594,더미학생02594,3,010-9025-2594,dummy02594@jnu.ac.kr,3,3
102595,더미학생02595,4,010-9025-2595,dummy02595@jnu.ac.kr,4,4
102596,더미학생02596,1,010-9025-2596,dummy02596@jnu.ac.kr,5,5
102597,더미학생02597,2,010-9025-2597,dummy02597@jnu.ac.kr,6,6
102598,더미학생02598,3,010-9025-2598,dummy02598@jnu.ac.kr,1,7
102599,더미학생02599,4,010-9025-2599,dummy02599@jnu.ac.kr,2,8
102600,더미학생02600,1,010-9026-2600,dummy02600@jnu.ac.kr,3,1
102601,더미학생02601,2,010-9026-2601,dummy02601@jnu.ac.kr,4,2
102602,더미학생02602,3,010-9026-2602,dummy02602@jnu.ac.kr,5,3
102603,더미학생02603,4,010-9026-2603,dummy02603@jnu.ac.kr,6,4
102604,더미학생02604,1,010-9026-2604,dummy02604@jnu.ac.kr,1,5
102605,더미학생02605,2,010-9026-2605,dummy02605@jnu.ac.kr,2,6
102606,더미학생02606,3,010-9026-2606,dummy02606@jnu.ac.kr,3,7
102607,더미학생02607,4,010-9026-2607,dummy02607@jnu.ac.kr,4,8
102608,더미학생02608,1,010-9026-2608,dummy02608@jnu.ac.kr,5,1
102609,더미학생02609,2,010-9026-2609,dummy02609@jnu.ac.kr,6,2
102610,더미학생02610,3,010-9026-2610,dummy02610@jnu.ac.kr,1,3
102611,더미학생02611,4,010-9026-2611,dummy02611@jnu.ac.kr,2,4
102612,더미학생02612,1,010-9026-2612,dummy02612@jnu.ac.kr,3,5
102613,더미학생02613,2,010-9026-2613,dummy02613@jnu.ac.kr,4,6
102614,더미학생02614,3,010-9026-2614,dummy02614@jnu.ac.kr,5,7
102615,더미학생02615,4,010-9026-2615,dummy02615@jnu.ac.kr,6,8
102616,더미학생02616,1,010-9026-2616,dummy02616@jnu.ac.kr,1,1
102617,더미학생02617,2,010-9026-2617,dummy02617@jnu.ac.kr,2,2
102618,더미학생02618,3,010-9026-2618,dummy02618@jnu.ac.kr,3,3
102619,더미학생02619,4,010-9026-2619,dummy02619@jnu.ac.kr,4,4
102620,더미학생02620,1,010-9026-2620,dummy02620@jnu.ac.kr,5,5
102621,더미학생02621,2,010-9026-2621,dummy02621@jnu.ac.kr,6,6
102622,더미학생02622,3,010-9026-2622,dummy02622@jnu.ac.kr,1,7
102623,더미학생02623,4,010-9026-2623,dummy02623@jnu.ac.kr,2,8
102624,더미학생02624,1,010-9026-2624,dummy02624@jnu.ac.kr,3,1
102625,더미학생02625,2,010-9026-2625,dummy02625@jnu.ac.kr,4,2
102626,더미학생02626,3,010-9026-2626,dummy02626@jnu.ac.kr,5,3
102627,더미학생02627,4,010-9026-2627,dummy02627@jnu.ac.kr,6,4
102628,더미학생02628,1,010-9026-2628,dummy02628@jnu.ac.kr,1,5
102629,더미학생02629,2,010-9026-2629,dummy02629@jnu.ac.kr,2,6
102630,더미학생02630,3,010-9026-2630,dummy02630@jnu.ac.kr,3,7
102631,더미학생02631,4,010-9026-2631,dummy02631@jnu.ac.kr,4,8
102632,더미학생02632,1,010-9026-2632,dummy02632@jnu.ac.kr,5,1
102633,더미학생02633,2,010-9026-2633,dummy02633@jnu.ac.kr,6,2
102634,더미학생02634,3,010-9026-2634,dummy02634@jnu.ac.kr,1,3
102635,더미학생02635,4,010-9026-2635,dummy02635@jnu.ac.kr,2,4
102636,더미학생02636,1,010-9026-2636,dummy02636@jnu.ac.kr,3,5
102637,더미학생02637,2,010-9026-2637,dummy02637@jnu.ac.kr,4,6
102638,더미학생02638,3,010-9026-2638,dummy02638@jnu.ac.kr,5,7
102639,더미학생02639,4,010-9026-2639,dummy02639@jnu.ac.kr,6,8
102640,더미학생02640,1,010-9026-2640,dummy02640@jnu.ac.kr,1,1
102641,더미학생02641,2,010-9026-2641,dummy02641@jnu.ac.kr,2,2
102642,더미학생02642,3,010-9026-2642,dummy02642@jnu.ac.kr,3,3
102643,더미학생02643,4,010-9026-2643,dummy02643@jnu.ac.kr,4,4
102644,더미학생02644,1,010-9026-2644,dummy02644@jnu.ac.kr,5,5
102645,더미학생02645,2,010-9026-2645,dummy02645@jnu.ac.kr,6,6
102646,더미학생02646,3,010-9026-2646,dummy02646@jnu.ac.kr,1,7
102647,더미학생02647,4,010-9026-2647,dummy02647@jnu.ac.kr,2,8
102648,더미학생02648,1,010-9026-2648,dummy02648@jnu.ac.kr,3,1
102649,더미학생02649,2,010-9026-2649,dummy02649@jnu.ac.kr,4,2
102650,더미학생02650,3,010-9026-2650,dummy02650@jnu.ac.kr,5,3
102651,더미학생02651,4,010-9026-2651,dummy02651@jnu.ac.kr,6,4
102652,더미학생02652,1,010-9026-2652,dummy02652@jnu.ac.kr,1,5
102653,더미학생02653,2,010-9026-2653,dummy02653@jnu.ac.kr,2,6
102654,더미학생02654,3,010-9026-2654,dummy02654@jnu.ac.kr,3,7
102655,더미학생02655,4,010-9026-2655,dummy02655@jnu.ac.kr,4,8
102656,더미학생02656,1,010-9026-2656,dummy02656@jnu.ac.kr,5,1
102657,더미학생02657,2,010-9026-2657,dummy02657@jnu.ac.kr,6,2
102658,더미학생02658,3,010-9026-2658,dummy02658@jnu.ac.kr,1,3
102659,더미학생02659,4,010-9026-2659,dummy02659@jnu.ac.kr,2,4
102660,더미학생02660,1,010-9026-2660,dummy02660@jnu.ac.kr,3,5
102661,더미학생02661,2,010-9026-2661,dummy02661@jnu.ac.kr,4,6
102662,더미학생02662,3,010-9026-2662,dummy02662@jnu.ac.kr,5,7
102663,더미학생02663,4,010-9026-2663,dummy02663@jnu.ac.kr,6,8
102664,더미학생02664,1,010-9026-2664,dummy02664@jnu.ac.kr,1,1
102665,더미학생02665,2,010-9026-2665,dummy02665@jnu.ac.kr,2,2
102666,더미학생02666,3,010-9026-2666,dummy02666@jnu.ac.kr,3,3
102667,더미학생02667,4,010-9026-2667,dummy02667@jnu.ac.kr,4,4
102668,더미학생02668,1,010-9026-2668,dummy02668@jnu.ac.kr,5,5
102669,더미학생02669,2,010-9026-2669,dummy02669@jnu.ac.kr,6,6
102670,더미학생02670,3,010-9026-2670,dummy02670@jnu.ac.kr,1,7
102671,더미학생02671,4,010-9026-2671,dummy02671@jnu.ac.kr,2,8
102672,더미학생02672,1,010-9026-2672,dummy02672@jnu.ac.kr,3,1
102673,더미학생02673,2,010-9026-2673,dummy02673@jnu.ac.kr,4,2
102674,더미학생02674,3,010-9026-2674,dummy02674@jnu.ac.kr,5,3
102675,더미학생02675,4,010-9026-2675,dummy02675@jnu.ac.kr,6,4
102676,더미학생02676,1,010-9026-2676,dummy02676@jnu.ac.kr,1,5
102677,더미학생02677,2,010-9026-2677,dummy02677@jnu.ac.kr,2,6
102678,더미학생02678,3,010-9026-2678,dummy02678@jnu.ac.kr,3,7
102679,더미학생02679,4,010-9026-2679,dummy02679@jnu.ac.kr,4,8
102680,더미학생02680,1,010-9026-2680,dummy02680@jnu.ac.kr,5,1
102681,더미학생02681,2,010-9026-2681,dummy02681@jnu.ac.kr,6,2
102682,더미학생02682,3,010-9026-2682,dummy02682@jnu.ac.kr,1,3
102683,더미학생02683,4,010-9026-2683,dummy02683@jnu.ac.kr,2,4
102684,더미학생02684,1,010-9026-2684,dummy02684@jnu.ac.kr,3,5
102685,더미학생02685,2,010-9026-2685,dummy02685@jnu.ac.kr,4,6
102686,더미학생02686,3,010-9026-2686,dummy02686@jnu.ac.kr,5,7
102687,더미학생02687,4,010-9026-2687,dummy02687@jnu.ac.kr,6,8
102688,더미학생02688,1,010-9026-2688,dummy02688@jnu.ac.kr,1,1
102689,더미학생02689,2,010-9026-2689,dummy02689@jnu.ac.kr,2,2
102690,더미학생02690,3,010-9026-2690,dummy02690@jnu.ac.kr,3,3
102691,더미학생02691,4,010-9026-2691,dummy02691@jnu.ac.kr,4,4
102692,더미학생02692,1,010-9026-2692,dummy02692@jnu.ac.kr,5,5
102693,더미학생02693,2,010-9026-2693,dummy02693@jnu.ac.kr,6,6
102694,더미학생02694,3,010-9026-2694,dummy02694@jnu.ac.kr,1,7
102695,더미학생02695,4,010-9026-2695,dummy02695@jnu.ac.kr,2,8
102696,더미학생02696,1,010-9026-2696,dummy02696@jnu.ac.kr,3,1
102697,더미학생02697,2,010-9026-2697,dummy02697@jnu.ac.kr,4,2
102698,더미학생02698,3,010-9026-2698,dummy02698@jnu.ac.kr,5,3
102699,더미학생02699,4,010-9026-2699,dummy02699@jnu.ac.kr,6,4
102700,더미학생02700,1,010-9027-2700,dummy02700@jnu.ac.kr,1,5
102701,더미학생02701,2,010-9027-2701,dummy02701@jnu.ac.kr,2,6
102702,더미학생02702,3,010-9027-2702,dummy02702@jnu.ac.kr,3,7
102703,더미학생02703,4,010-9027-2703,dummy02703@jnu.ac.kr,4,8
102704,더미학생02704,1,010-9027-2704,dummy02704@jnu.ac.kr,5,1
102705,더미학생02705,2,010-9027-2705,dummy02705@jnu.ac.kr,6,2
102706,더미학생02706,3,010-9027-2706,dummy02706@jnu.ac.kr,1,3
102707,더미학생02707,4,010-9027-2707,dummy02707@jnu.ac.kr,2,4
102708,더미학생02708,1,010-9027-2708,dummy02708@jnu.ac.kr,3,5
102709,더미학생02709,2,010-9027-2709,dummy02709@jnu.ac.kr,4,6
102710,더미학생02710,3,010-9027-2710,dummy02710@jnu.ac.kr,5,7
102711,더미학생02711,4,010-9027-2711,dummy02711@jnu.ac.kr,6,8
102712,더미학생02712,1,010-9027-2712,dummy02712@jnu.ac.kr,1,1
102713,더미학생02713,2,010-9027-2713,dummy02713@jnu.ac.kr,2,2
102714,더미학생02714,3,010-9027-2714,dummy02714@jnu.ac.kr,3,3
102715,더미학생02715,4,010-9027-2715,dummy02715@jnu.ac.kr,4,4
102716,더미학생02716,1,010-9027-2716,dummy02716@jnu.ac.kr,5,5
102717,더미학생02717,2,010-9027-2717,dummy02717@jnu.ac.kr,6,6
102718,더미학생02718,3,010-9027-2718,dummy02718@jnu.ac.kr,1,7
102719,더미학생02719,4,010-9027-2719,dummy02719@jnu.ac.kr,2,8
102720,더미학생02720,1,010-9027-2720,dummy02720@jnu.ac.kr,3,1
102721,더미학생02721,2,010-9027-2721,dummy02721@jnu.ac.kr,4,2
102722,더미학생02722,3,010-9027-2722,dummy02722@jnu.ac.kr,5,3
102723,더미학생02723,4,010-9027-2723,dummy02723@jnu.ac.kr,6,4
102724,더미학생02724,1,010-9027-2724,dummy02724@jnu.ac.kr,1,5
102725,더미학생02725,2,010-9027-2725,dummy02725@jnu.ac.kr,2,6
102726,더미학생02726,3,010-9027-2726,dummy02726@jnu.ac.kr,3,7
102727,더미학생02727,4,010-9027-2727,dummy02727@jnu.ac.kr,4,8
102728,더미학생02728,1,010-9027-2728,dummy02728@jnu.ac.kr,5,1
102729,더미학생02729,2,010-9027-2729,dummy02729@jnu.ac.kr,6,2
102730,더미학생02730,3,010-9027-2730,dummy02730@jnu.ac.kr,1,3
102731,더미학생02731,4,010-9027-2731,dummy02731@jnu.ac.kr,2,4
102732,더미학생02732,1,010-9027-2732,dummy02732@jnu.ac.kr,3,5
102733,더미학생02733,2,010-9027-2733,dummy02733@jnu.ac.kr,4,6
102734,더미학생02734,3,010-9027-2734,dummy02734@jnu.ac.kr,5,7
102735,더미학생02735,4,010-9027-2735,dummy02735@jnu.ac.kr,6,8
102736,더미학생02736,1,010-9027-2736,dummy02736@jnu.ac.kr,1,1
102737,더미학생02737,2,010-9027-2737,dummy02737@jnu.ac.kr,2,2
102738,더미학생02738,3,010-9027-2738,dummy02738@jnu.ac.kr,3,3
102739,더미학생02739,4,010-9027-2739,dummy02739@jnu.ac.kr,4,4
102740,더미학생02740,1,010-9027-2740,dummy02740@jnu.ac.kr,5,5
102741,더미학생02741,2,010-9027-2741,dummy02741@jnu.ac.kr,6,6
102742,더미학생02742,3,010-9027-2742,dummy02742@jnu.ac.kr,1,7
102743,더미학생02743,4,010-9027-2743,dummy02743@jnu.ac.kr,2,8
102744,더미학생02744,1,010-9027-2744,dummy02744@jnu.ac.kr,3,1
102745,더미학생02745,2,010-9027-2745,dummy02745@jnu.ac.kr,4,2
102746,더미학생02746,3,010-9027-2746,dummy02746@jnu.ac.kr,5,3
102747,더미학생02747,4,010-9027-2747,dummy02747@jnu.ac.kr,6,4
102748,더미학생02748,1,010-9027-2748,dummy02748@jnu.ac.kr,1,5
102749,더미학생02749,2,010-9027-2749,dummy02749@jnu.ac.kr,2,6
102750,더미학생02750,3,010-9027-2750,dummy02750@jnu.ac.kr,3,7
102751,더미학생02751,4,010-9027-2751,dummy02751@jnu.ac.kr,4,8
102752,더미학생02752,1,010-9027-2752,dummy02752@jnu.ac.kr,5,1
102753,더미학생02753,2,010-9027-2753,dummy02753@jnu.ac.kr,6,2
102754,더미학생02754,3,010-9027-2754,dummy02754@jnu.ac.kr,1,3
102755,더미학생02755,4,010-9027-2755,dummy02755@jnu.ac.kr,2,4
102756,더미학생02756,1,010-9027-2756,dummy02756@jnu.ac.kr,3,5
102757,더미학생02757,2,010-9027-2757,dummy02757@jnu.ac.kr,4,6
102758,더미학생02758,3,010-9027-2758,dummy02758@jnu.ac.kr,5,7
102759,더미학생02759,4,010-9027-2759,dummy02759@jnu.ac.kr,6,8
102760,더미학생02760,1,010-9027-2760,dummy02760@jnu.ac.kr,1,1
102761,더미학생02761,2,010-9027-2761,dummy02761@jnu.ac.kr,2,2
102762,더미학생02762,3,010-9027-2762,dummy02762@jnu.ac.kr,3,3
102763,더미학생02763,4,010-9027-2763,dummy02763@jnu.ac.kr,4,4
102764,더미학생02764,1,010-9027-2764,dummy02764@jnu.ac.kr,5,5
102765,더미학생02765,2,010-9027-2765,dummy02765@jnu.ac.kr,6,6
102766,더미학생02766,3,010-9027-2766,dummy02766@jnu.ac.kr,1,7
102767,더미학생02767,4,010-9027-2767,dummy02767@jnu.ac.kr,2,8
102768,더미학생02768,1,010-9027-2768,dummy02768@jnu.ac.kr,3,1
102769,더미학생02769,2,010-9027-2769,dummy02769@jnu.ac.kr,4,2
102770,더미학생02770,3,010-9027-2770,dummy02770@jnu.ac.kr,5,3
102771,더미학생02771,4,010-9027-2771,dummy02771@jnu.ac.kr,6,4
102772,더미학생02772,1,010-9027-2772,dummy02772@jnu.ac.kr,1,5
102773,더미학생02773,2,010-9027-2773,dummy02773@jnu.ac.kr,2,6
102774,더미학생02774,3,010-9027-2774,dummy02774@jnu.ac.kr,3,7
102775,더미학생02775,4,010-9027-2775,dummy02775@jnu.ac.kr,4,8
102776,더미학생02776,1,010-9027-2776,dummy02776@jnu.ac.kr,5,1
102777,더미학생02777,2,010-9027-2777,dummy02777@jnu.ac.kr,6,2
102778,더미학생02778,3,010-9027-2778,dummy02778@jnu.ac.kr,1,3
102779,더미학생02779,4,010-9027-2779,dummy02779@jnu.ac.kr,2,4
102780,더미학생02780,1,010-9027-2780,dummy02780@jnu.ac.kr,3,5
102781,더미학생02781,2,010-9027-2781,dummy02781@jnu.ac.kr,4,6
102782,더미학생02782,3,010-9027-2782,dummy02782@jnu.ac.kr,5,7
102783,더미학생02783,4,010-9027-2783,dummy02783@jnu.ac.kr,6,8
102784,더미학생02784,1,010-9027-2784,dummy02784@jnu.ac.kr,1,1
102785,더미학생02785,2,010-9027-2785,dummy02785@jnu.ac.kr,2,2
102786,더미학생02786,3,010-9027-2786,dummy02786@jnu.ac.kr,3,3
102787,더미학생02787,4,010-9027-2787,dummy02787@jnu.ac.kr,4,4
102788,더미학생02788,1,010-9027-2788,dummy02788@jnu.ac.kr,5,5
102789,더미학생02789,2,010-9027-2789,dummy02789@jnu.ac.kr,6,6
102790,더미학생02790,3,010-9027-2790,dummy02790@jnu.ac.kr,1,7
102791,더미학생02791,4,010-9027-2791,dummy02791@jnu.ac.kr,2,8
102792,더미학생02792,1,010-9027-2792,dummy02792@jnu.ac.kr,3,1
102793,더미학생02793,2,010-9027-2793,dummy02793@jnu.ac.kr,4,2
102794,더미학생02794,3,010-9027-2794,dummy02794@jnu.ac.kr,5,3
102795,더미학생02795,4,010-9027-2795,dummy02795@jnu.ac.kr,6,4
102796,더미학생02796,1,010-9027-2796,dummy02796@jnu.ac.kr,1,5
102797,더미학생02797,2,010-9027-2797,dummy02797@jnu.ac.kr,2,6
102798,더미학생02798,3,010-9027-2798,dummy02798@jnu.ac.kr,3,7
102799,더미학생02799,4,010-9027-2799,dummy02799@jnu.ac.kr,4,8
102800,더미학생02800,1,010-9028-2800,dummy02800@jnu.ac.kr,5,1
102801,더미학생02801,2,010-9028-2801,dummy02801@jnu.ac.kr,6,2
102802,더미학생02802,3,010-9028-2802,dummy02802@jnu.ac.kr,1,3
102803,더미학생02803,4,010-9028-2803,dummy02803@jnu.ac.kr,2,4
102804,더미학생02804,1,010-9028-2804,dummy02804@jnu.ac.kr,3,5
102805,더미학생02805,2,010-9028-2805,dummy02805@jnu.ac.kr,4,6
102806,더미학생02806,3,010-9028-2806,dummy02806@jnu.ac.kr,5,7
102807,더미학생02807,4,010-9028-2807,dummy02807@jnu.ac.kr,6,8
102808,더미학생02808,1,010-9028-2808,dummy02808@jnu.ac.kr,1,1
102809,더미학생02809,2,010-9028-2809,dummy02809@jnu.ac.kr,2,2
102810,더미학생02810,3,010-9028-2810,dummy02810@jnu.ac.kr,3,3
102811,더미학생02811,4,010-9028-2811,dummy02811@jnu.ac.kr,4,4
102812,더미학생02812,1,010-9028-2812,dummy02812@jnu.ac.kr,5,5
102813,더미학생02813,2,010-9028-2813,dummy02813@jnu.ac.kr,6,6
102814,더미학생02814,3,010-9028-2814,dummy02814@jnu.ac.kr,1,7
102815,더미학생02815,4,010-9028-2815,dummy02815@jnu.ac.kr,2,8
102816,더미학생02816,1,010-9028-2816,dummy02816@jnu.ac.kr,3,1
102817,더미학생02817,2,010-9028-2817,dummy02817@jnu.ac.kr,4,2
102818,더미학생02818,3,010-9028-2818,dummy02818@jnu.ac.kr,5,3
102819,더미학생02819,4,010-9028-2819,dummy02819@jnu.ac.kr,6,4
102820,더미학생02820,1,010-9028-2820,dummy02820@jnu.ac.kr,1,5
102821,더미학생02821,2,010-9028-2821,dummy02821@jnu.ac.kr,2,6
102822,더미학생02822,3,010-9028-2822,dummy02822@jnu.ac.kr,3,7
102823,더미학생02823,4,010-9028-2823,dummy02823@jnu.ac.kr,4,8
102824,더미학생02824,1,010-9028-2824,dummy02824@jnu.ac.kr,5,1
102825,더미학생02825,2,010-9028-2825,dummy02825@jnu.ac.kr,6,2
102826,더미학생02826,3,010-9028-2826,dummy02826@jnu.ac.kr,1,3
102827,더미학생02827,4,010-9028-2827,dummy02827@jnu.ac.kr,2,4
102828,더미학생02828,1,010-9028-2828,dummy02828@jnu.ac.kr,3,5
102829,더미학생02829,2,010-9028-2829,dummy02829@jnu.ac.kr,4,6
102830,더미학생02830,3,010-9028-2830,dummy02830@jnu.ac.kr,5,7
102831,더미학생02831,4,010-9028-2831,dummy02831@jnu.ac.kr,6,8
102832,더미학생02832,1,010-9028-2832,dummy02832@jnu.ac.kr,1,1
102833,더미학생02833,2,010-9028-2833,dummy02833@jnu.ac.kr,2,2
102834,더미학생02834,3,010-9028-2834,dummy02834@jnu.ac.kr,3,3
102835,더미학생02835,4,010-9028-2835,dummy02835@jnu.ac.kr,4,4
102836,더미학생02836,1,010-9028-2836,dummy02836@jnu.ac.kr,5,5
102837,더미학생02837,2,010-9028-2837,dummy02837@jnu.ac.kr,6,6
102838,더미학생02838,3,010-9028-2838,dummy02838@jnu.ac.kr,1,7
102839,더미학생02839,4,010-9028-2839,dummy02839@jnu.ac.kr,2,8
102840,더미학생02840,1,010-9028-2840,dummy02840@jnu.ac.kr,3,1
102841,더미학생02841,2,010-9028-2841,dummy02841@jnu.ac.kr,4,2
102842,더미학생02842,3,010-9028-2842,dummy02842@jnu.ac.kr,5,3
102843,더미학생02843,4,010-9028-2843,dummy02843@jnu.ac.kr,6,4
102844,더미학생02844,1,010-9028-2844,dummy02844@jnu.ac.kr,1,5
102845,더미학생02845,2,010-9028-2845,dummy02845@jnu.ac.kr,2,6
102846,더미학생02846,3,010-9028-2846,dummy02846@jnu.ac.kr,3,7
102847,더미학생02847,4,010-9028-2847,dummy02847@jnu.ac.kr,4,8
102848,더미학생02848,1,010-9028-2848,dummy02848@jnu.ac.kr,5,1
102849,더미학생02849,2,010-9028-2849,dummy02849@jnu.ac.kr,6,2
102850,더미학생02850,3,010-9028-2850,dummy02850@jnu.ac.kr,1,3
102851,더미학생02851,4,010-9028-2851,dummy02851@jnu.ac.kr,2,4
102852,더미학생02852,1,010-9028-2852,dummy02852@jnu.ac.kr,3,5
102853,더미학생02853,2,010-9028-2853,dummy02853@jnu.ac.kr,4,6
102854,더미학생02854,3,010-9028-2854,dummy02854@jnu.ac.kr,5,7
102855,더미학생02855,4,010-9028-2855,dummy02855@jnu.ac.kr,6,8
102856,더미학생02856,1,010-9028-2856,dummy02856@jnu.ac.kr,1,1
102857,더미학생02857,2,010-9028-2857,dummy02857@jnu.ac.kr,2,2
102858,더미학생02858,3,010-9028-2858,dummy02858@jnu.ac.kr,3,3
102859,더미학생02859,4,010-9028-2859,dummy02859@jnu.ac.kr,4,4
102860,더미학생02860,1,010-9028-2860,dummy02860@jnu.ac.kr,5,5
102861,더미학생02861,2,010-9028-2861,dummy02861@jnu.ac.kr,6,6
102862,더미학생02862,3,010-9028-2862,dummy02862@jnu.ac.kr,1,7
102863,더미학생02863,4,010-9028-2863,dummy02863@jnu.ac.kr,2,8
102864,더미학생02864,1,010-9028-2864,dummy02864@jnu.ac.kr,3,1
102865,더미학생02865,2,010-9028-2865,dummy02865@jnu.ac.kr,4,2
102866,더미학생02866,3,010-9028-2866,dummy02866@jnu.ac.kr,5,3
102867,더미학생02867,4,010-9028-2867,dummy02867@jnu.ac.kr,6,4
102868,더미학생02868,1,010-9028-2868,dummy02868@jnu.ac.kr,1,5
102869,더미학생02869,2,010-9028-2869,dummy02869@jnu.ac.kr,2,6
102870,더미학생02870,3,010-9028-2870,dummy02870@jnu.ac.kr,3,7
102871,더미학생02871,4,010-9028-2871,dummy02871@jnu.ac.kr,4,8
102872,더미학생02872,1,010-9028-2872,dummy02872@jnu.ac.kr,5,1
102873,더미학생02873,2,010-9028-2873,dummy02873@jnu.ac.kr,6,2
102874,더미학생02874,3,010-9028-2874,dummy02874@jnu.ac.kr,1,3
102875,더미학생02875,4,010-9028-2875,dummy02875@jnu.ac.kr,2,4
102876,더미학생02876,1,010-9028-2876,dummy02876@jnu.ac.kr,3,5
102877,더미학생02877,2,010-9028-2877,dummy02877@jnu.ac.kr,4,6
102878,더미학생02878,3,010-9028-2878,dummy02878@jnu.ac.kr,5,7
102879,더미학생02879,4,010-9028-2879,dummy02879@jnu.ac.kr,6,8
102880,더미학생02880,1,010-9028-2880,dummy02880@jnu.ac.kr,1,1
102881,더미학생02881,2,010-9028-2881,dummy02881@jnu.ac.kr,2,2
102882,더미학생02882,3,010-9028-2882,dummy02882@jnu.ac.kr,3,3
102883,더미학생02883,4,010-9028-2883,dummy02883@jnu.ac.kr,4,4
102884,더미학생02884,1,010-9028-2884,dummy02884@jnu.ac.kr,5,5
102885,더미학생02885,2,010-9028-2885,dummy02885@jnu.ac.kr,6,6
102886,더미학생02886,3,010-9028-2886,dummy02886@jnu.ac.kr,1,7
102887,더미학생02887,4,010-9028-2887,dummy02887@jnu.ac.kr,2,8
102888,더미학생02888,1,010-9028-2888,dummy02888@jnu.ac.kr,3,1
102889,더미학생02889,2,010-9028-2889,dummy02889@jnu.ac.kr,4,2
102890,더미학생02890,3,010-9028-2890,dummy02890@jnu.ac.kr,5,3
102891,더미학생02891,4,010-9028-2891,dummy02891@jnu.ac.kr,6,4
102892,더미학생02892,1,010-9028-2892,dummy02892@jnu.ac.kr,1,5
102893,더미학생02893,2,010-9028-2893,dummy02893@jnu.ac.kr,2,6
102894,더미학생02894,3,010-9028-2894,dummy02894@jnu.ac.kr,3,7
102895,더미학생02895,4,010-9028-2895,dummy02895@jnu.ac.kr,4,8
102896,더미학생02896,1,010-9028-2896,dummy02896@jnu.ac.kr,5,1
102897,더미학생02897,2,010-9028-2897,dummy02897@jnu.ac.kr,6,2
102898,더미학생02898,3,010-9028-2898,dummy02898@jnu.ac.kr,1,3
102899,더미학생02899,4,010-9028-2899,dummy02899@jnu.ac.kr,2,4
102900,더미학생02900,1,010-9029-2900,dummy02900@jnu.ac.kr,3,5
102901,더미학생02901,2,010-9029-2901,dummy02901@jnu.ac.kr,4,6
102902,더미학생02902,3,010-9029-2902,dummy02902@jnu.ac.kr,5,7
102903,더미학생02903,4,010-9029-2903,dummy02903@jnu.ac.kr,6,8
102904,더미학생02904,1,010-9029-2904,dummy02904@jnu.ac.kr,1,1
102905,더미학생02905,2,010-9029-2905,dummy02905@jnu.ac.kr,2,2
102906,더미학생02906,3,010-9029-2906,dummy02906@jnu.ac.kr,3,3
102907,더미학생02907,4,010-9029-2907,dummy02907@jnu.ac.kr,4,4
102908,더미학생02908,1,010-9029-2908,dummy02908@jnu.ac.kr,5,5
102909,더미학생02909,2,010-9029-2909,dummy02909@jnu.ac.kr,6,6
102910,더미학생02910,3,010-9029-2910,dummy02910@jnu.ac.kr,1,7
102911,더미학생02911,4,010-9029-2911,dummy02911@jnu.ac.kr,2,8
102912,더미학생02912,1,010-9029-2912,dummy02912@jnu.ac.kr,3,1
102913,더미학생02913,2,010-9029-2913,dummy02913@jnu.ac.kr,4,2
102914,더미학생02914,3,010-9029-2914,dummy02914@jnu.ac.kr,5,3
102915,더미학생02915,4,010-9029-2915,dummy02915@jnu.ac.kr,6,4
102916,더미학생02916,1,010-9029-2916,dummy02916@jnu.ac.kr,1,5
102917,더미학생02917,2,010-9029-2917,dummy02917@jnu.ac.kr,2,6
102918,더미학생02918,3,010-9029-2918,dummy02918@jnu.ac.kr,3,7
102919,더미학생02919,4,010-9029-2919,dummy02919@jnu.ac.kr,4,8
102920,더미학생02920,1,010-9029-2920,dummy02920@jnu.ac.kr,5,1
102921,더미학생02921,2,010-9029-2921,dummy02921@jnu.ac.kr,6,2
102922,더미학생02922,3,010-9029-2922,dummy02922@jnu.ac.kr,1,3
102923,더미학생02923,4,010-9029-2923,dummy02923@jnu.ac.kr,2,4
102924,더미학생02924,1,010-9029-2924,dummy02924@jnu.ac.kr,3,5
102925,더미학생02925,2,010-9029-2925,dummy02925@jnu.ac.kr,4,6
102926,더미학생02926,3,010-9029-2926,dummy02926@jnu.ac.kr,5,7
102927,더미학생02927,4,010-9029-2927,dummy02927@jnu.ac.kr,6,8
102928,더미학생02928,1,010-9029-2928,dummy02928@jnu.ac.kr,1,1
102929,더미학생02929,2,010-9029-2929,dummy02929@jnu.ac.kr,2,2
102930,더미학생02930,3,010-9029-2930,dummy02930@jnu.ac.kr,3,3
102931,더미학생02931,4,010-9029-2931,dummy02931@jnu.ac.kr,4,4
102932,더미학생02932,1,010-9029-2932,dummy02932@jnu.ac.kr,5,5
102933,더미학생02933,2,010-9029-2933,dummy02933@jnu.ac.kr,6,6
102934,더미학생02934,3,010-9029-2934,dummy02934@jnu.ac.kr,1,7
102935,더미학생02935,4,010-9029-2935,dummy02935@jnu.ac.kr,2,8
102936,더미학생02936,1,010-9029-2936,dummy02936@jnu.ac.kr,3,1
102937,더미학생02937,2,010-9029-2937,dummy02937@jnu.ac.kr,4,2
102938,더미학생02938,3,010-9029-2938,dummy02938@jnu.ac.kr,5,3
102939,더미학생02939,4,010-9029-2939,dummy02939@jnu.ac.kr,6,4
102940,더미학생02940,1,010-9029-2940,dummy02940@jnu.ac.kr,1,5
102941,더미학생02941,2,010-9029-2941,dummy02941@jnu.ac.kr,2,6
102942,더미학생02942,3,010-9029-2942,dummy02942@jnu.ac.kr,3,7
102943,더미학생02943,4,010-9029-2943,dummy02943@jnu.ac.kr,4,8
102944,더미학생02944,1,010-9029-2944,dummy02944@jnu.ac.kr,5,1
102945,더미학생02945,2,010-9029-2945,dummy02945@jnu.ac.kr,6,2
102946,더미학생02946,3,010-9029-2946,dummy02946@jnu.ac.kr,1,3
102947,더미학생02947,4,010-9029-2947,dummy02947@jnu.ac.kr,2,4
102948,더미학생02948,1,010-9029-2948,dummy02948@jnu.ac.kr,3,5
102949,더미학생02949,2,010-9029-2949,dummy02949@jnu.ac.kr,4,6
102950,더미학생02950,3,010-9029-2950,dummy02950@jnu.ac.kr,5,7
102951,더미학생02951,4,010-9029-2951,dummy02951@jnu.ac.kr,6,8
102952,더미학생02952,1,010-9029-2952,dummy02952@jnu.ac.kr,1,1
102953,더미학생02953,2,010-9029-2953,dummy02953@jnu.ac.kr,2,2
102954,더미학생02954,3,010-9029-2954,dummy02954@jnu.ac.kr,3,3
102955,더미학생02955,4,010-9029-2955,dummy02955@jnu.ac.kr,4,4
102956,더미학생02956,1,010-9029-2956,dummy02956@jnu.ac.kr,5,5
102957,더미학생02957,2,010-9029-2957,dummy02957@jnu.ac.kr,6,6
102958,더미학생02958,3,010-9029-2958,dummy02958@jnu.ac.kr,1,7
102959,더미학생02959,4,010-9029-2959,dummy02959@jnu.ac.kr,2,8
102960,더미학생02960,1,010-9029-2960,dummy02960@jnu.ac.kr,3,1
102961,더미학생02961,2,010-9029-2961,dummy02961@jnu.ac.kr,4,2
102962,더미학생02962,3,010-9029-2962,dummy02962@jnu.ac.kr,5,3
102963,더미학생02963,4,010-9029-2963,dummy02963@jnu.ac.kr,6,4
102964,더미학생02964,1,010-9029-2964,dummy02964@jnu.ac.kr,1,5
102965,더미학생02965,2,010-9029-2965,dummy02965@jnu.ac.kr,2,6
102966,더미학생02966,3,010-9029-2966,dummy02966@jnu.ac.kr,3,7
102967,더미학생02967,4,010-9029-2967,dummy02967@jnu.ac.kr,4,8
102968,더미학생02968,1,010-9029-2968,dummy02968@jnu.ac.kr,5,1
102969,더미학생02969,2,010-9029-2969,dummy02969@jnu.ac.kr,6,2
102970,더미학생02970,3,010-9029-2970,dummy02970@jnu.ac.kr,1,3
102971,더미학생02971,4,010-9029-2971,dummy02971@jnu.ac.kr,2,4
102972,더미학생02972,1,010-9029-2972,dummy02972@jnu.ac.kr,3,5
102973,더미학생02973,2,010-9029-2973,dummy02973@jnu.ac.kr,4,6
102974,더미학생02974,3,010-9029-2974,dummy02974@jnu.ac.kr,5,7
102975,더미학생02975,4,010-9029-2975,dummy02975@jnu.ac.kr,6,8
102976,더미학생02976,1,010-9029-2976,dummy02976@jnu.ac.kr,1,1
102977,더미학생02977,2,010-9029-2977,dummy02977@jnu.ac.kr,2,2
102978,더미학생02978,3,010-9029-2978,dummy02978@jnu.ac.kr,3,3
102979,더미학생02979,4,010-9029-2979,dummy02979@jnu.ac.kr,4,4
102980,더미학생02980,1,010-9029-2980,dummy02980@jnu.ac.kr,5,5
102981,더미학생02981,2,010-9029-2981,dummy02981@jnu.ac.kr,6,6
102982,더미학생02982,3,010-9029-2982,dummy02982@jnu.ac.kr,1,7
102983,더미학생02983,4,010-9029-2983,dummy02983@jnu.ac.kr,2,8
102984,더미학생02984,1,010-9029-2984,dummy02984@jnu.ac.kr,3,1
102985,더미학생02985,2,010-9029-2985,dummy02985@jnu.ac.kr,4,2
102986,더미학생02986,3,010-9029-2986,dummy02986@jnu.ac.kr,5,3
102987,더미학생02987,4,010-9029-2987,dummy02987@jnu.ac.kr,6,4
102988,더미학생02988,1,010-9029-2988,dummy02988@jnu.ac.kr,1,5
102989,더미학생02989,2,010-9029-2989,dummy02989@jnu.ac.kr,2,6
102990,더미학생02990,3,010-9029-2990,dummy02990@jnu.ac.kr,3,7
102991,더미학생02991,4,010-9029-2991,dummy02991@jnu.ac.kr,4,8
102992,더미학생02992,1,010-9029-2992,dummy02992@jnu.ac.kr,5,1
102993,더미학생02993,2,010-9029-2993,dummy02993@jnu.ac.kr,6,2
102994,더미학생02994,3,010-9029-2994,dummy02994@jnu.ac.kr,1,3
102995,더미학생02995,4,010-9029-2995,dummy02995@jnu.ac.kr,2,4
102996,더미학생02996,1,010-9029-2996,dummy02996@jnu.ac.kr,3,5
102997,더미학생02997,2,010-9029-2997,dummy02997@jnu.ac.kr,4,6
102998,더미학생02998,3,010-9029-2998,dummy02998@jnu.ac.kr,5,7
102999,더미학생02999,4,010-9029-2999,dummy02999@jnu.ac.kr,6,8
103000,더미학생03000,1,010-9030-3000,dummy03000@jnu.ac.kr,1,1
103001,더미학생03001,2,010-9030-3001,dummy03001@jnu.ac.kr,2,2
103002,더미학생03002,3,010-9030-3002,dummy03002@jnu.ac.kr,3,3
103003,더미학생03003,4,010-9030-3003,dummy03003@jnu.ac.kr,4,4
103004,더미학생03004,1,010-9030-3004,dummy03004@jnu.ac.kr,5,5
103005,더미학생03005,2,010-9030-3005,dummy03005@jnu.ac.kr,6,6
103006,더미학생03006,3,010-9030-3006,dummy03006@jnu.ac.kr,1,7
103007,더미학생03007,4,010-9030-3007,dummy03007@jnu.ac.kr,2,8
103008,더미학생03008,1,010-9030-3008,dummy03008@jnu.ac.kr,3,1
103009,더미학생03009,2,010-9030-3009,dummy03009@jnu.ac.kr,4,2
103010,더미학생03010,3,010-9030-3010,dummy03010@jnu.ac.kr,5,3
103011,더미학생03011,4,010-9030-3011,dummy03011@jnu.ac.kr,6,4
103012,더미학생03012,1,010-9030-3012,dummy03012@jnu.ac.kr,1,5
103013,더미학생03013,2,010-9030-3013,dummy03013@jnu.ac.kr,2,6
103014,더미학생03014,3,010-9030-3014,dummy03014@jnu.ac.kr,3,7
103015,더미학생03015,4,010-9030-3015,dummy03015@jnu.ac.kr,4,8
103016,더미학생03016,1,010-9030-3016,dummy03016@jnu.ac.kr,5,1
103017,더미학생03017,2,010-9030-3017,dummy03017@jnu.ac.kr,6,2
103018,더미학생03018,3,010-9030-3018,dummy03018@jnu.ac.kr,1,3
103019,더미학생03019,4,010-9030-3019,dummy03019@jnu.ac.kr,2,4
103020,더미학생03020,1,010-9030-3020,dummy03020@jnu.ac.kr,3,5
103021,더미학생03021,2,010-9030-3021,dummy03021@jnu.ac.kr,4,6
103022,더미학생03022,3,010-9030-3022,dummy03022@jnu.ac.kr,5,7
103023,더미학생03023,4,010-9030-3023,dummy03023@jnu.ac.kr,6,8
103024,더미학생03024,1,010-9030-3024,dummy03024@jnu.ac.kr,1,1
103025,더미학생03025,2,010-9030-3025,dummy03025@jnu.ac.kr,2,2
103026,더미학생03026,3,010-9030-3026,dummy03026@jnu.ac.kr,3,3
103027,더미학생03027,4,010-9030-3027,dummy03027@jnu.ac.kr,4,4
103028,더미학생03028,1,010-9030-3028,dummy03028@jnu.ac.kr,5,5
103029,더미학생03029,2,010-9030-3029,dummy03029@jnu.ac.kr,6,6
103030,더미학생03030,3,010-9030-3030,dummy03030@jnu.ac.kr,1,7
103031,더미학생03031,4,010-9030-3031,dummy03031@jnu.ac.kr,2,8
103032,더미학생03032,1,010-9030-3032,dummy03032@jnu.ac.kr,3,1
103033,더미학생03033,2,010-9030-3033,dummy03033@jnu.ac.kr,4,2
103034,더미학생03034,3,010-9030-3034,dummy03034@jnu.ac.kr,5,3
103035,더미학생03035,4,010-9030-3035,dummy03035@jnu.ac.kr,6,4
103036,더미학생03036,1,010-9030-3036,dummy03036@jnu.ac.kr,1,5
103037,더미학생03037,2,010-9030-3037,dummy03037@jnu.ac.kr,2,6
103038,더미학생03038,3,010-9030-3038,dummy03038@jnu.ac.kr,3,7
103039,더미학생03039,4,010-9030-3039,dummy03039@jnu.ac.kr,4,8
103040,더미학생03040,1,010-9030-3040,dummy03040@jnu.ac.kr,5,1
103041,더미학생03041,2,010-9030-3041,dummy03041@jnu.ac.kr,6,2
103042,더미학생03042,3,010-9030-3042,dummy03042@jnu.ac.kr,1,3
103043,더미학생03043,4,010-9030-3043,dummy03043@jnu.ac.kr,2,4
103044,더미학생03044,1,010-9030-3044,dummy03044@jnu.ac.kr,3,5
103045,더미학생03045,2,010-9030-3045,dummy03045@jnu.ac.kr,4,6
103046,더미학생03046,3,010-9030-3046,dummy03046@jnu.ac.kr,5,7
103047,더미학생03047,4,010-9030-3047,dummy03047@jnu.ac.kr,6,8
103048,더미학생03048,1,010-9030-3048,dummy03048@jnu.ac.kr,1,1
103049,더미학생03049,2,010-9030-3049,dummy03049@jnu.ac.kr,2,2
103050,더미학생03050,3,010-9030-3050,dummy03050@jnu.ac.kr,3,3
103051,더미학생03051,4,010-9030-3051,dummy03051@jnu.ac.kr,4,4
103052,더미학생03052,1,010-9030-3052,dummy03052@jnu.ac.kr,5,5
103053,더미학생03053,2,010-9030-3053,dummy03053@jnu.ac.kr,6,6
103054,더미학생03054,3,010-9030-3054,dummy03054@jnu.ac.kr,1,7
103055,더미학생03055,4,010-9030-3055,dummy03055@jnu.ac.kr,2,8
103056,더미학생03056,1,010-9030-3056,dummy03056@jnu.ac.kr,3,1
103057,더미학생03057,2,010-9030-3057,dummy03057@jnu.ac.kr,4,2
103058,더미학생03058,3,010-9030-3058,dummy03058@jnu.ac.kr,5,3
103059,더미학생03059,4,010-9030-3059,dummy03059@jnu.ac.kr,6,4
103060,더미학생03060,1,010-9030-3060,dummy03060@jnu.ac.kr,1,5
103061,더미학생03061,2,010-9030-3061,dummy03061@jnu.ac.kr,2,6
103062,더미학생03062,3,010-9030-3062,dummy03062@jnu.ac.kr,3,7
103063,더미학생03063,4,010-9030-3063,dummy03063@jnu.ac.kr,4,8
103064,더미학생03064,1,010-9030-3064,dummy03064@jnu.ac.kr,5,1
103065,더미학생03065,2,010-9030-3065,dummy03065@jnu.ac.kr,6,2
103066,더미학생03066,3,010-9030-3066,dummy03066@jnu.ac.kr,1,3
103067,더미학생03067,4,010-9030-3067,dummy03067@jnu.ac.kr,2,4
103068,더미학생03068,1,010-9030-3068,dummy03068@jnu.ac.kr,3,5
103069,더미학생03069,2,010-9030-3069,dummy03069@jnu.ac.kr,4,6
103070,더미학생03070,3,010-9030-3070,dummy03070@jnu.ac.kr,5,7
103071,더미학생03071,4,010-9030-3071,dummy03071@jnu.ac.kr,6,8
103072,더미학생03072,1,010-9030-3072,dummy03072@jnu.ac.kr,1,1
103073,더미학생03073,2,010-9030-3073,dummy03073@jnu.ac.kr,2,2
103074,더미학생03074,3,010-9030-3074,dummy03074@jnu.ac.kr,3,3
103075,더미학생03075,4,010-9030-3075,dummy03075@jnu.ac.kr,4,4
103076,더미학생03076,1,010-9030-3076,dummy03076@jnu.ac.kr,5,5
103077,더미학생03077,2,010-9030-3077,dummy03077@jnu.ac.kr,6,6
103078,더미학생03078,3,010-9030-3078,dummy03078@jnu.ac.kr,1,7
103079,더미학생03079,4,010-9030-3079,dummy03079@jnu.ac.kr,2,8
103080,더미학생03080,1,010-9030-3080,dummy03080@jnu.ac.kr,3,1
103081,더미학생03081,2,010-9030-3081,dummy03081@jnu.ac.kr,4,2
103082,더미학생03082,3,010-9030-3082,dummy03082@jnu.ac.kr,5,3
103083,더미학생03083,4,010-9030-3083,dummy03083@jnu.ac.kr,6,4
103084,더미학생03084,1,010-9030-3084,dummy03084@jnu.ac.kr,1,5
103085,더미학생03085,2,010-9030-3085,dummy03085@jnu.ac.kr,2,6
103086,더미학생03086,3,010-9030-3086,dummy03086@jnu.ac.kr,3,7
103087,더미학생03087,4,010-9030-3087,dummy03087@jnu.ac.kr,4,8
103088,더미학생03088,1,010-9030-3088,dummy03088@jnu.ac.kr,5,1
103089,더미학생03089,2,010-9030-3089,dummy03089@jnu.ac.kr,6,2
103090,더미학생03090,3,010-9030-3090,dummy03090@jnu.ac.kr,1,3
103091,더미학생03091,4,010-9030-3091,dummy03091@jnu.ac.kr,2,4
103092,더미학생03092,1,010-9030-3092,dummy03092@jnu.ac.kr,3,5
103093,더미학생03093,2,010-9030-3093,dummy03093@jnu.ac.kr,4,6
103094,더미학생03094,3,010-9030-3094,dummy03094@jnu.ac.kr,5,7
103095,더미학생03095,4,010-9030-3095,dummy03095@jnu.ac.kr,6,8
103096,더미학생03096,1,010-9030-3096,dummy03096@jnu.ac.kr,1,1
103097,더미학생03097,2,010-9030-3097,dummy03097@jnu.ac.kr,2,2
103098,더미학생03098,3,010-9030-3098,dummy03098@jnu.ac.kr,3,3
103099,더미학생03099,4,010-9030-3099,dummy03099@jnu.ac.kr,4,4
103100,더미학생03100,1,010-9031-3100,dummy03100@jnu.ac.kr,5,5
103101,더미학생03101,2,010-9031-3101,dummy03101@jnu.ac.kr,6,6
103102,더미학생03102,3,010-9031-3102,dummy03102@jnu.ac.kr,1,7
103103,더미학생03103,4,010-9031-3103,dummy03103@jnu.ac.kr,2,8
103104,더미학생03104,1,010-9031-3104,dummy03104@jnu.ac.kr,3,1
103105,더미학생03105,2,010-9031-3105,dummy03105@jnu.ac.kr,4,2
103106,더미학생03106,3,010-9031-3106,dummy03106@jnu.ac.kr,5,3
103107,더미학생03107,4,010-9031-3107,dummy03107@jnu.ac.kr,6,4
103108,더미학생03108,1,010-9031-3108,dummy03108@jnu.ac.kr,1,5
103109,더미학생03109,2,010-9031-3109,dummy03109@jnu.ac.kr,2,6
103110,더미학생03110,3,010-9031-3110,dummy03110@jnu.ac.kr,3,7
103111,더미학생03111,4,010-9031-3111,dummy03111@jnu.ac.kr,4,8
103112,더미학생03112,1,010-9031-3112,dummy03112@jnu.ac.kr,5,1
103113,더미학생03113,2,010-9031-3113,dummy03113@jnu.ac.kr,6,2
103114,더미학생03114,3,010-9031-3114,dummy03114@jnu.ac.kr,1,3
103115,더미학생03115,4,010-9031-3115,dummy03115@jnu.ac.kr,2,4
103116,더미학생03116,1,010-9031-3116,dummy03116@jnu.ac.kr,3,5
103117,더미학생03117,2,010-9031-3117,dummy03117@jnu.ac.kr,4,6
103118,더미학생03118,3,010-9031-3118,dummy03118@jnu.ac.kr,5,7
103119,더미학생03119,4,010-9031-3119,dummy03119@jnu.ac.kr,6,8
103120,더미학생03120,1,010-9031-3120,dummy03120@jnu.ac.kr,1,1
103121,더미학생03121,2,010-9031-3121,dummy03121@jnu.ac.kr,2,2
103122,더미학생03122,3,010-9031-3122,dummy03122@jnu.ac.kr,3,3
103123,더미학생03123,4,010-9031-3123,dummy03123@jnu.ac.kr,4,4
103124,더미학생03124,1,010-9031-3124,dummy03124@jnu.ac.kr,5,5
103125,더미학생03125,2,010-9031-3125,dummy03125@jnu.ac.kr,6,6
103126,더미학생03126,3,010-9031-3126,dummy03126@jnu.ac.kr,1,7
103127,더미학생03127,4,010-9031-3127,dummy03127@jnu.ac.kr,2,8
103128,더미학생03128,1,010-9031-3128,dummy03128@jnu.ac.kr,3,1
103129,더미학생03129,2,010-9031-3129,dummy03129@jnu.ac.kr,4,2
103130,더미학생03130,3,010-9031-3130,dummy03130@jnu.ac.kr,5,3
103131,더미학생03131,4,010-9031-3131,dummy03131@jnu.ac.kr,6,4
103132,더미학생03132,1,010-9031-3132,dummy03132@jnu.ac.kr,1,5
103133,더미학생03133,2,010-9031-3133,dummy03133@jnu.ac.kr,2,6
103134,더미학생03134,3,010-9031-3134,dummy03134@jnu.ac.kr,3,7
103135,더미학생03135,4,010-9031-3135,dummy03135@jnu.ac.kr,4,8
103136,더미학생03136,1,010-9031-3136,dummy03136@jnu.ac.kr,5,1
103137,더미학생03137,2,010-9031-3137,dummy03137@jnu.ac.kr,6,2
103138,더미학생03138,3,010-9031-3138,dummy03138@jnu.ac.kr,1,3
103139,더미학생03139,4,010-9031-3139,dummy03139@jnu.ac.kr,2,4
103140,더미학생03140,1,010-9031-3140,dummy03140@jnu.ac.kr,3,5
103141,더미학생03141,2,010-9031-3141,dummy03141@jnu.ac.kr,4,6
103142,더미학생03142,3,010-9031-3142,dummy03142@jnu.ac.kr,5,7
103143,더미학생03143,4,010-9031-3143,dummy03143@jnu.ac.kr,6,8
103144,더미학생03144,1,010-9031-3144,dummy03144@jnu.ac.kr,1,1
103145,더미학생03145,2,010-9031-3145,dummy03145@jnu.ac.kr,2,2
103146,더미학생03146,3,010-9031-3146,dummy03146@jnu.ac.kr,3,3
103147,더미학생03147,4,010-9031-3147,dummy03147@jnu.ac.kr,4,4
103148,더미학생03148,1,010-9031-3148,dummy03148@jnu.ac.kr,5,5
103149,더미학생03149,2,010-9031-3149,dummy03149@jnu.ac.kr,6,6
103150,더미학생03150,3,010-9031-3150,dummy03150@jnu.ac.kr,1,7
103151,더미학생03151,4,010-9031-3151,dummy03151@jnu.ac.kr,2,8
103152,더미학생03152,1,010-9031-3152,dummy03152@jnu.ac.kr,3,1
103153,더미학생03153,2,010-9031-3153,dummy03153@jnu.ac.kr,4,2
103154,더미학생03154,3,010-9031-3154,dummy03154@jnu.ac.kr,5,3
103155,더미학생03155,4,010-9031-3155,dummy03155@jnu.ac.kr,6,4
103156,더미학생03156,1,010-9031-3156,dummy03156@jnu.ac.kr,1,5
103157,더미학생03157,2,010-9031-3157,dummy03157@jnu.ac.kr,2,6
103158,더미학생03158,3,010-9031-3158,dummy03158@jnu.ac.kr,3,7
103159,더미학생03159,4,010-9031-3159,dummy03159@jnu.ac.kr,4,8
103160,더미학생03160,1,010-9031-3160,dummy03160@jnu.ac.kr,5,1
103161,더미학생03161,2,010-9031-3161,dummy03161@jnu.ac.kr,6,2
103162,더미학생03162,3,010-9031-3162,dummy03162@jnu.ac.kr,1,3
103163,더미학생03163,4,010-9031-3163,dummy03163@jnu.ac.kr,2,4
103164,더미학생03164,1,010-9031-3164,dummy03164@jnu.ac.kr,3,5
103165,더미학생03165,2,010-9031-3165,dummy03165@jnu.ac.kr,4,6
103166,더미학생03166,3,010-9031-3166,dummy03166@jnu.ac.kr,5,7
103167,더미학생03167,4,010-9031-3167,dummy03167@jnu.ac.kr,6,8
103168,더미학생03168,1,010-9031-3168,dummy03168@jnu.ac.kr,1,1
103169,더미학생03169,2,010-9031-3169,dummy03169@jnu.ac.kr,2,2
103170,더미학생03170,3,010-9031-3170,dummy03170@jnu.ac.kr,3,3
103171,더미학생03171,4,010-9031-3171,dummy03171@jnu.ac.kr,4,4
103172,더미학생03172,1,010-9031-3172,dummy03172@jnu.ac.kr,5,5
103173,더미학생03173,2,010-9031-3173,dummy03173@jnu.ac.kr,6,6
103174,더미학생03174,3,010-9031-3174,dummy03174@jnu.ac.kr,1,7
103175,더미학생03175,4,010-9031-3175,dummy03175@jnu.ac.kr,2,8
103176,더미학생03176,1,010-9031-3176,dummy03176@jnu.ac.kr,3,1
103177,더미학생03177,2,010-9031-3177,dummy03177@jnu.ac.kr,4,2
103178,더미학생03178,3,010-9031-3178,dummy03178@jnu.ac.kr,5,3
103179,더미학생03179,4,010-9031-3179,dummy03179@jnu.ac.kr,6,4
103180,더미학생03180,1,010-9031-3180,dummy03180@jnu.ac.kr,1,5
103181,더미학생03181,2,010-9031-3181,dummy03181@jnu.ac.kr,2,6
103182,더미학생03182,3,010-9031-3182,dummy03182@jnu.ac.kr,3,7
103183,더미학생03183,4,010-9031-3183,dummy03183@jnu.ac.kr,4,8
103184,더미학생03184,1,010-9031-3184,dummy03184@jnu.ac.kr,5,1
103185,더미학생03185,2,010-9031-3185,dummy03185@jnu.ac.kr,6,2
103186,더미학생03186,3,010-9031-3186,dummy03186@jnu.ac.kr,1,3
103187,더미학생03187,4,010-9031-3187,dummy03187@jnu.ac.kr,2,4
103188,더미학생03188,1,010-9031-3188,dummy03188@jnu.ac.kr,3,5
103189,더미학생03189,2,010-9031-3189,dummy03189@jnu.ac.kr,4,6
103190,더미학생03190,3,010-9031-3190,dummy03190@jnu.ac.kr,5,7
103191,더미학생03191,4,010-9031-3191,dummy03191@jnu.ac.kr,6,8
103192,더미학생03192,1,010-9031-3192,dummy03192@jnu.ac.kr,1,1
103193,더미학생03193,2,010-9031-3193,dummy03193@jnu.ac.kr,2,2
103194,더미학생03194,3,010-9031-3194,dummy03194@jnu.ac.kr,3,3
103195,더미학생03195,4,010-9031-3195,dummy03195@jnu.ac.kr,4,4
103196,더미학생03196,1,010-9031-3196,dummy03196@jnu.ac.kr,5,5
103197,더미학생03197,2,010-9031-3197,dummy03197@jnu.ac.kr,6,6
103198,더미학생03198,3,010-9031-3198,dummy03198@jnu.ac.kr,1,7
103199,더미학생03199,4,010-9031-3199,dummy03199@jnu.ac.kr,2,8
103200,더미학생03200,1,010-9032-3200,dummy03200@jnu.ac.kr,3,1
103201,더미학생03201,2,010-9032-3201,dummy03201@jnu.ac.kr,4,2
103202,더미학생03202,3,010-9032-3202,dummy03202@jnu.ac.kr,5,3
103203,더미학생03203,4,010-9032-3203,dummy03203@jnu.ac.kr,6,4
103204,더미학생03204,1,010-9032-3204,dummy03204@jnu.ac.kr,1,5
103205,더미학생03205,2,010-9032-3205,dummy03205@jnu.ac.kr,2,6
103206,더미학생03206,3,010-9032-3206,dummy03206@jnu.ac.kr,3,7
103207,더미학생03207,4,010-9032-3207,dummy03207@jnu.ac.kr,4,8
103208,더미학생03208,1,010-9032-3208,dummy03208@jnu.ac.kr,5,1
103209,더미학생03209,2,010-9032-3209,dummy03209@jnu.ac.kr,6,2
103210,더미학생03210,3,010-9032-3210,dummy03210@jnu.ac.kr,1,3
103211,더미학생03211,4,010-9032-3211,dummy03211@jnu.ac.kr,2,4
103212,더미학생03212,1,010-9032-3212,dummy03212@jnu.ac.kr,3,5
103213,더미학생03213,2,010-9032-3213,dummy03213@jnu.ac.kr,4,6
103214,더미학생03214,3,010-9032-3214,dummy03214@jnu.ac.kr,5,7
103215,더미학생03215,4,010-9032-3215,dummy03215@jnu.ac.kr,6,8
103216,더미학생03216,1,010-9032-3216,dummy03216@jnu.ac.kr,1,1
103217,더미학생03217,2,010-9032-3217,dummy03217@jnu.ac.kr,2,2
103218,더미학생03218,3,010-9032-3218,dummy03218@jnu.ac.kr,3,3
103219,더미학생03219,4,010-9032-3219,dummy03219@jnu.ac.kr,4,4
103220,더미학생03220,1,010-9032-3220,dummy03220@jnu.ac.kr,5,5
103221,더미학생03221,2,010-9032-3221,dummy03221@jnu.ac.kr,6,6
103222,더미학생03222,3,010-9032-3222,dummy03222@jnu.ac.kr,1,7
103223,더미학생03223,4,010-9032-3223,dummy03223@jnu.ac.kr,2,8
103224,더미학생03224,1,010-9032-3224,dummy03224@jnu.ac.kr,3,1
103225,더미학생03225,2,010-9032-3225,dummy03225@jnu.ac.kr,4,2
103226,더미학생03226,3,010-9032-3226,dummy03226@jnu.ac.kr,5,3
103227,더미학생03227,4,010-9032-3227,dummy03227@jnu.ac.kr,6,4
103228,더미학생03228,1,010-9032-3228,dummy03228@jnu.ac.kr,1,5
103229,더미학생03229,2,010-9032-3229,dummy03229@jnu.ac.kr,2,6
103230,더미학생03230,3,010-9032-3230,dummy03230@jnu.ac.kr,3,7
103231,더미학생03231,4,010-9032-3231,dummy03231@jnu.ac.kr,4,8
103232,더미학생03232,1,010-9032-3232,dummy03232@jnu.ac.kr,5,1
103233,더미학생03233,2,010-9032-3233,dummy03233@jnu.ac.kr,6,2
103234,더미학생03234,3,010-9032-3234,dummy03234@jnu.ac.kr,1,3
103235,더미학생03235,4,010-9032-3235,dummy03235@jnu.ac.kr,2,4
103236,더미학생03236,1,010-9032-3236,dummy03236@jnu.ac.kr,3,5
103237,더미학생03237,2,010-9032-3237,dummy03237@jnu.ac.kr,4,6
103238,더미학생03238,3,010-9032-3238,dummy03238@jnu.ac.kr,5,7
103239,더미학생03239,4,010-9032-3239,dummy03239@jnu.ac.kr,6,8
103240,더미학생03240,1,010-9032-3240,dummy03240@jnu.ac.kr,1,1
103241,더미학생03241,2,010-9032-3241,dummy03241@jnu.ac.kr,2,2
103242,더미학생03242,3,010-9032-3242,dummy03242@jnu.ac.kr,3,3
103243,더미학생03243,4,010-9032-3243,dummy03243@jnu.ac.kr,4,4
103244,더미학생03244,1,010-9032-3244,dummy03244@jnu.ac.kr,5,5
103245,더미학생03245,2,010-9032-3245,dummy03245@jnu.ac.kr,6,6
103246,더미학생03246,3,010-9032-3246,dummy03246@jnu.ac.kr,1,7
103247,더미학생03247,4,010-9032-3247,dummy03247@jnu.ac.kr,2,8
103248,더미학생03248,1,010-9032-3248,dummy03248@jnu.ac.kr,3,1
103249,더미학생03249,2,010-9032-3249,dummy03249@jnu.ac.kr,4,2
103250,더미학생03250,3,010-9032-3250,dummy03250@jnu.ac.kr,5,3
103251,더미학생03251,4,010-9032-3251,dummy03251@jnu.ac.kr,6,4
103252,더미학생03252,1,010-9032-3252,dummy03252@jnu.ac.kr,1,5
103253,더미학생03253,2,010-9032-3253,dummy03253@jnu.ac.kr,2,6
103254,더미학생03254,3,010-9032-3254,dummy03254@jnu.ac.kr,3,7
103255,더미학생03255,4,010-9032-3255,dummy03255@jnu.ac.kr,4,8
103256,더미학생03256,1,010-9032-3256,dummy03256@jnu.ac.kr,5,1
103257,더미학생03257,2,010-9032-3257,dummy03257@jnu.ac.kr,6,2
103258,더미학생03258,3,010-9032-3258,dummy03258@jnu.ac.kr,1,3
103259,더미학생03259,4,010-9032-3259,dummy03259@jnu.ac.kr,2,4
103260,더미학생03260,1,010-9032-3260,dummy03260@jnu.ac.kr,3,5
103261,더미학생03261,2,010-9032-3261,dummy03261@jnu.ac.kr,4,6
103262,더미학생03262,3,010-9032-3262,dummy03262@jnu.ac.kr,5,7
103263,더미학생03263,4,010-9032-3263,dummy03263@jnu.ac.kr,6,8
103264,더미학생03264,1,010-9032-3264,dummy03264@jnu.ac.kr,1,1
103265,더미학생03265,2,010-9032-3265,dummy03265@jnu.ac.kr,2,2
103266,더미학생03266,3,010-9032-3266,dummy03266@jnu.ac.kr,3,3
103267,더미학생03267,4,010-9032-3267,dummy03267@jnu.ac.kr,4,4
103268,더미학생03268,1,010-9032-3268,dummy03268@jnu.ac.kr,5,5
103269,더미학생03269,2,010-9032-3269,dummy03269@jnu.ac.kr,6,6
103270,더미학생03270,3,010-9032-3270,dummy03270@jnu.ac.kr,1,7
103271,더미학생03271,4,010-9032-3271,dummy03271@jnu.ac.kr,2,8
103272,더미학생03272,1,010-9032-3272,dummy03272@jnu.ac.kr,3,1
103273,더미학생03273,2,010-9032-3273,dummy03273@jnu.ac.kr,4,2
103274,더미학생03274,3,010-9032-3274,dummy03274@jnu.ac.kr,5,3
103275,더미학생03275,4,010-9032-3275,dummy03275@jnu.ac.kr,6,4
103276,더미학생03276,1,010-9032-3276,dummy03276@jnu.ac.kr,1,5
103277,더미학생03277,2,010-9032-3277,dummy03277@jnu.ac.kr,2,6
103278,더미학생03278,3,010-9032-3278,dummy03278@jnu.ac.kr,3,7
103279,더미학생03279,4,010-9032-3279,dummy03279@jnu.ac.kr,4,8
103280,더미학생03280,1,010-9032-3280,dummy03280@jnu.ac.kr,5,1
103281,더미학생03281,2,010-9032-3281,dummy03281@jnu.ac.kr,6,2
103282,더미학생03282,3,010-9032-3282,dummy03282@jnu.ac.kr,1,3
103283,더미학생03283,4,010-9032-3283,dummy03283@jnu.ac.kr,2,4
103284,더미학생03284,1,010-9032-3284,dummy03284@jnu.ac.kr,3,5
103285,더미학생03285,2,010-9032-3285,dummy03285@jnu.ac.kr,4,6
103286,더미학생03286,3,010-9032-3286,dummy03286@jnu.ac.kr,5,7
103287,더미학생03287,4,010-9032-3287,dummy03287@jnu.ac.kr,6,8
103288,더미학생03288,1,010-9032-3288,dummy03288@jnu.ac.kr,1,1
103289,더미학생03289,2,010-9032-3289,dummy03289@jnu.ac.kr,2,2
103290,더미학생03290,3,010-9032-3290,dummy03290@jnu.ac.kr,3,3
103291,더미학생03291,4,010-9032-3291,dummy03291@jnu.ac.kr,4,4
103292,더미학생03292,1,010-9032-3292,dummy03292@jnu.ac.kr,5,5
103293,더미학생03293,2,010-9032-3293,dummy03293@jnu.ac.kr,6,6
103294,더미학생03294,3,010-9032-3294,dummy03294@jnu.ac.kr,1,7
103295,더미학생03295,4,010-9032-3295,dummy03295@jnu.ac.kr,2,8
103296,더미학생03296,1,010-9032-3296,dummy03296@jnu.ac.kr,3,1
103297,더미학생03297,2,010-9032-3297,dummy03297@jnu.ac.kr,4,2
103298,더미학생03298,3,010-9032-3298,dummy03298@jnu.ac.kr,5,3
103299,더미학생03299,4,010-9032-3299,dummy03299@jnu.ac.kr,6,4
103300,더미학생03300,1,010-9033-3300,dummy03300@jnu.ac.kr,1,5
103301,더미학생03301,2,010-9033-3301,dummy03301@jnu.ac.kr,2,6
103302,더미학생03302,3,010-9033-3302,dummy03302@jnu.ac.kr,3,7
103303,더미학생03303,4,010-9033-3303,dummy03303@jnu.ac.kr,4,8
103304,더미학생03304,1,010-9033-3304,dummy03304@jnu.ac.kr,5,1
103305,더미학생03305,2,010-9033-3305,dummy03305@jnu.ac.kr,6,2
103306,더미학생03306,3,010-9033-3306,dummy03306@jnu.ac.kr,1,3
103307,더미학생03307,4,010-9033-3307,dummy03307@jnu.ac.kr,2,4
103308,더미학생03308,1,010-9033-3308,dummy03308@jnu.ac.kr,3,5
103309,더미학생03309,2,010-9033-3309,dummy03309@jnu.ac.kr,4,6
103310,더미학생03310,3,010-9033-3310,dummy03310@jnu.ac.kr,5,7
103311,더미학생03311,4,010-9033-3311,dummy03311@jnu.ac.kr,6,8
103312,더미학생03312,1,010-9033-3312,dummy03312@jnu.ac.kr,1,1
103313,더미학생03313,2,010-9033-3313,dummy03313@jnu.ac.kr,2,2
103314,더미학생03314,3,010-9033-3314,dummy03314@jnu.ac.kr,3,3
103315,더미학생03315,4,010-9033-3315,dummy03315@jnu.ac.kr,4,4
103316,더미학생03316,1,010-9033-3316,dummy03316@jnu.ac.kr,5,5
103317,더미학생03317,2,010-9033-3317,dummy03317@jnu.ac.kr,6,6
103318,더미학생03318,3,010-9033-3318,dummy03318@jnu.ac.kr,1,7
103319,더미학생03319,4,010-9033-3319,dummy03319@jnu.ac.kr,2,8
103320,더미학생03320,1,010-9033-3320,dummy03320@jnu.ac.kr,3,1
103321,더미학생03321,2,010-9033-3321,dummy03321@jnu.ac.kr,4,2
103322,더미학생03322,3,010-9033-3322,dummy03322@jnu.ac.kr,5,3
103323,더미학생03323,4,010-9033-3323,dummy03323@jnu.ac.kr,6,4
103324,더미학생03324,1,010-9033-3324,dummy03324@jnu.ac.kr,1,5
103325,더미학생03325,2,010-9033-3325,dummy03325@jnu.ac.kr,2,6
103326,더미학생03326,3,010-9033-3326,dummy03326@jnu.ac.kr,3,7
103327,더미학생03327,4,010-9033-3327,dummy03327@jnu.ac.kr,4,8
103328,더미학생03328,1,010-9033-3328,dummy03328@jnu.ac.kr,5,1
103329,더미학생03329,2,010-9033-3329,dummy03329@jnu.ac.kr,6,2
103330,더미학생03330,3,010-9033-3330,dummy03330@jnu.ac.kr,1,3
103331,더미학생03331,4,010-9033-3331,dummy03331@jnu.ac.kr,2,4
103332,더미학생03332,1,010-9033-3332,dummy03332@jnu.ac.kr,3,5
103333,더미학생03333,2,010-9033-3333,dummy03333@jnu.ac.kr,4,6
103334,더미학생03334,3,010-9033-3334,dummy03334@jnu.ac.kr,5,7
103335,더미학생03335,4,010-9033-3335,dummy03335@jnu.ac.kr,6,8
103336,더미학생03336,1,010-9033-3336,dummy03336@jnu.ac.kr,1,1
103337,더미학생03337,2,010-9033-3337,dummy03337@jnu.ac.kr,2,2
103338,더미학생03338,3,010-9033-3338,dummy03338@jnu.ac.kr,3,3
103339,더미학생03339,4,010-9033-3339,dummy03339@jnu.ac.kr,4,4
103340,더미학생03340,1,010-9033-3340,dummy03340@jnu.ac.kr,5,5
103341,더미학생03341,2,010-9033-3341,dummy03341@jnu.ac.kr,6,6
103342,더미학생03342,3,010-9033-3342,dummy03342@jnu.ac.kr,1,7
103343,더미학생03343,4,010-9033-3343,dummy03343@jnu.ac.kr,2,8
103344,더미학생03344,1,010-9033-3344,dummy03344@jnu.ac.kr,3,1
103345,더미학생03345,2,010-9033-3345,dummy03345@jnu.ac.kr,4,2
103346,더미학생03346,3,010-9033-3346,dummy03346@jnu.ac.kr,5,3
103347,더미학생03347,4,010-9033-3347,dummy03347@jnu.ac.kr,6,4
103348,더미학생03348,1,010-9033-3348,dummy03348@jnu.ac.kr,1,5
103349,더미학생03349,2,010-9033-3349,dummy03349@jnu.ac.kr,2,6
103350,더미학생03350,3,010-9033-3350,dummy03350@jnu.ac.kr,3,7
103351,더미학생03351,4,010-9033-3351,dummy03351@jnu.ac.kr,4,8
103352,더미학생03352,1,010-9033-3352,dummy03352@jnu.ac.kr,5,1
103353,더미학생03353,2,010-9033-3353,dummy03353@jnu.ac.kr,6,2
103354,더미학생03354,3,010-9033-3354,dummy03354@jnu.ac.kr,1,3
103355,더미학생03355,4,010-9033-3355,dummy03355@jnu.ac.kr,2,4
103356,더미학생03356,1,010-9033-3356,dummy03356@jnu.ac.kr,3,5
103357,더미학생03357,2,010-9033-3357,dummy03357@jnu.ac.kr,4,6
103358,더미학생03358,3,010-9033-3358,dummy03358@jnu.ac.kr,5,7
103359,더미학생03359,4,010-9033-3359,dummy03359@jnu.ac.kr,6,8
103360,더미학생03360,1,010-9033-3360,dummy03360@jnu.ac.kr,1,1
103361,더미학생03361,2,010-9033-3361,dummy03361@jnu.ac.kr,2,2
103362,더미학생03362,3,010-9033-3362,dummy03362@jnu.ac.kr,3,3
103363,더미학생03363,4,010-9033-3363,dummy03363@jnu.ac.kr,4,4
103364,더미학생03364,1,010-9033-3364,dummy03364@jnu.ac.kr,5,5
103365,더미학생03365,2,010-9033-3365,dummy03365@jnu.ac.kr,6,6
103366,더미학생03366,3,010-9033-3366,dummy03366@jnu.ac.kr,1,7
103367,더미학생03367,4,010-9033-3367,dummy03367@jnu.ac.kr,2,8
103368,더미학생03368,1,010-9033-3368,dummy03368@jnu.ac.kr,3,1
103369,더미학생03369,2,010-9033-3369,dummy03369@jnu.ac.kr,4,2
103370,더미학생03370,3,010-9033-3370,dummy03370@jnu.ac.kr,5,3
103371,더미학생03371,4,010-9033-3371,dummy03371@jnu.ac.kr,6,4
103372,더미학생03372,1,010-9033-3372,dummy03372@jnu.ac.kr,1,5
103373,더미학생03373,2,010-9033-3373,dummy03373@jnu.ac.kr,2,6
103374,더미학생03374,3,010-9033-3374,dummy03374@jnu.ac.kr,3,7
103375,더미학생03375,4,010-9033-3375,dummy03375@jnu.ac.kr,4,8
103376,더미학생03376,1,010-9033-3376,dummy03376@jnu.ac.kr,5,1
103377,더미학생03377,2,010-9033-3377,dummy03377@jnu.ac.kr,6,2
103378,더미학생03378,3,010-9033-3378,dummy03378@jnu.ac.kr,1,3
103379,더미학생03379,4,010-9033-3379,dummy03379@jnu.ac.kr,2,4
103380,더미학생03380,1,010-9033-3380,dummy03380@jnu.ac.kr,3,5
103381,더미학생03381,2,010-9033-3381,dummy03381@jnu.ac.kr,4,6
103382,더미학생03382,3,010-9033-3382,dummy03382@jnu.ac.kr,5,7
103383,더미학생03383,4,010-9033-3383,dummy03383@jnu.ac.kr,6,8
103384,더미학생03384,1,010-9033-3384,dummy03384@jnu.ac.kr,1,1
103385,더미학생03385,2,010-9033-3385,dummy03385@jnu.ac.kr,2,2
103386,더미학생03386,3,010-9033-3386,dummy03386@jnu.ac.kr,3,3
103387,더미학생03387,4,010-9033-3387,dummy03387@jnu.ac.kr,4,4
103388,더미학생03388,1,010-9033-3388,dummy03388@jnu.ac.kr,5,5
103389,더미학생03389,2,010-9033-3389,dummy03389@jnu.ac.kr,6,6
103390,더미학생03390,3,010-9033-3390,dummy03390@jnu.ac.kr,1,7
103391,더미학생03391,4,010-9033-3391,dummy03391@jnu.ac.kr,2,8
103392,더미학생03392,1,010-9033-3392,dummy03392@jnu.ac.kr,3,1
103393,더미학생03393,2,010-9033-3393,dummy03393@jnu.ac.kr,4,2
103394,더미학생03394,3,010-9033-3394,dummy03394@jnu.ac.kr,5,3
103395,더미학생03395,4,010-9033-3395,dummy03395@jnu.ac.kr,6,4
103396,더미학생03396,1,010-9033-3396,dummy03396@jnu.ac.kr,1,5
103397,더미학생03397,2,010-9033-3397,dummy03397@jnu.ac.kr,2,6
103398,더미학생03398,3,010-9033-3398,dummy03398@jnu.ac.kr,3,7
103399,더미학생03399,4,010-9033-3399,dummy03399@jnu.ac.kr,4,8
103400,더미학생03400,1,010-9034-3400,dummy03400@jnu.ac.kr,5,1
103401,더미학생03401,2,010-9034-3401,dummy03401@jnu.ac.kr,6,2
103402,더미학생03402,3,010-9034-3402,dummy03402@jnu.ac.kr,1,3
103403,더미학생03403,4,010-9034-3403,dummy03403@jnu.ac.kr,2,4
103404,더미학생03404,1,010-9034-3404,dummy03404@jnu.ac.kr,3,5
103405,더미학생03405,2,010-9034-3405,dummy03405@jnu.ac.kr,4,6
103406,더미학생03406,3,010-9034-3406,dummy03406@jnu.ac.kr,5,7
103407,더미학생03407,4,010-9034-3407,dummy03407@jnu.ac.kr,6,8
103408,더미학생03408,1,010-9034-3408,dummy03408@jnu.ac.kr,1,1
103409,더미학생03409,2,010-9034-3409,dummy03409@jnu.ac.kr,2,2
103410,더미학생03410,3,010-9034-3410,dummy03410@jnu.ac.kr,3,3
103411,더미학생03411,4,010-9034-3411,dummy03411@jnu.ac.kr,4,4
103412,더미학생03412,1,010-9034-3412,dummy03412@jnu.ac.kr,5,5
103413,더미학생03413,2,010-9034-3413,dummy03413@jnu.ac.kr,6,6
103414,더미학생03414,3,010-9034-3414,dummy03414@jnu.ac.kr,1,7
103415,더미학생03415,4,010-9034-3415,dummy03415@jnu.ac.kr,2,8
103416,더미학생03416,1,010-9034-3416,dummy03416@jnu.ac.kr,3,1
103417,더미학생03417,2,010-9034-3417,dummy03417@jnu.ac.kr,4,2
103418,더미학생03418,3,010-9034-3418,dummy03418@jnu.ac.kr,5,3
103419,더미학생03419,4,010-9034-3419,dummy03419@jnu.ac.kr,6,4
103420,더미학생03420,1,010-9034-3420,dummy03420@jnu.ac.kr,1,5
103421,더미학생03421,2,010-9034-3421,dummy03421@jnu.ac.kr,2,6
103422,더미학생03422,3,010-9034-3422,dummy03422@jnu.ac.kr,3,7
103423,더미학생03423,4,010-9034-3423,dummy03423@jnu.ac.kr,4,8
103424,더미학생03424,1,010-9034-3424,dummy03424@jnu.ac.kr,5,1
103425,더미학생03425,2,010-9034-3425,dummy03425@jnu.ac.kr,6,2
103426,더미학생03426,3,010-9034-3426,dummy03426@jnu.ac.kr,1,3
103427,더미학생03427,4,010-9034-3427,dummy03427@jnu.ac.kr,2,4
103428,더미학생03428,1,010-9034-3428,dummy03428@jnu.ac.kr,3,5
103429,더미학생03429,2,010-9034-3429,dummy03429@jnu.ac.kr,4,6
103430,더미학생03430,3,010-9034-3430,dummy03430@jnu.ac.kr,5,7
103431,더미학생03431,4,010-9034-3431,dummy03431@jnu.ac.kr,6,8
103432,더미학생03432,1,010-9034-3432,dummy03432@jnu.ac.kr,1,1
103433,더미학생03433,2,010-9034-3433,dummy03433@jnu.ac.kr,2,2
103434,더미학생03434,3,010-9034-3434,dummy03434@jnu.ac.kr,3,3
103435,더미학생03435,4,010-9034-3435,dummy03435@jnu.ac.kr,4,4
103436,더미학생03436,1,010-9034-3436,dummy03436@jnu.ac.kr,5,5
103437,더미학생03437,2,010-9034-3437,dummy03437@jnu.ac.kr,6,6
103438,더미학생03438,3,010-9034-3438,dummy03438@jnu.ac.kr,1,7
103439,더미학생03439,4,010-9034-3439,dummy03439@jnu.ac.kr,2,8
103440,더미학생03440,1,010-9034-3440,dummy03440@jnu.ac.kr,3,1
103441,더미학생03441,2,010-9034-3441,dummy03441@jnu.ac.kr,4,2
103442,더미학생03442,3,010-9034-3442,dummy03442@jnu.ac.kr,5,3
103443,더미학생03443,4,010-9034-3443,dummy03443@jnu.ac.kr,6,4
103444,더미학생03444,1,010-9034-3444,dummy03444@jnu.ac.kr,1,5
103445,더미학생03445,2,010-9034-3445,dummy03445@jnu.ac.kr,2,6
103446,더미학생03446,3,010-9034-3446,dummy03446@jnu.ac.kr,3,7
103447,더미학생03447,4,010-9034-3447,dummy03447@jnu.ac.kr,4,8
103448,더미학생03448,1,010-9034-3448,dummy03448@jnu.ac.kr,5,1
103449,더미학생03449,2,010-9034-3449,dummy03449@jnu.ac.kr,6,2
103450,더미학생03450,3,010-9034-3450,dummy03450@jnu.ac.kr,1,3
103451,더미학생03451,4,010-9034-3451,dummy03451@jnu.ac.kr,2,4
103452,더미학생03452,1,010-9034-3452,dummy03452@jnu.ac.kr,3,5
103453,더미학생03453,2,010-9034-3453,dummy03453@jnu.ac.kr,4,6
103454,더미학생03454,3,010-9034-3454,dummy03454@jnu.ac.kr,5,7
103455,더미학생03455,4,010-9034-3455,dummy03455@jnu.ac.kr,6,8
103456,더미학생03456,1,010-9034-3456,dummy03456@jnu.ac.kr,1,1
103457,더미학생03457,2,010-9034-3457,dummy03457@jnu.ac.kr,2,2
103458,더미학생03458,3,010-9034-3458,dummy03458@jnu.ac.kr,3,3
103459,더미학생03459,4,010-9034-3459,dummy03459@jnu.ac.kr,4,4
103460,더미학생03460,1,010-9034-3460,dummy03460@jnu.ac.kr,5,5
103461,더미학생03461,2,010-9034-3461,dummy03461@jnu.ac.kr,6,6
103462,더미학생03462,3,010-9034-3462,dummy03462@jnu.ac.kr,1,7
103463,더미학생03463,4,010-9034-3463,dummy03463@jnu.ac.kr,2,8
103464,더미학생03464,1,010-9034-3464,dummy03464@jnu.ac.kr,3,1
103465,더미학생03465,2,010-9034-3465,dummy03465@jnu.ac.kr,4,2
103466,더미학생03466,3,010-9034-3466,dummy03466@jnu.ac.kr,5,3
103467,더미학생03467,4,010-9034-3467,dummy03467@jnu.ac.kr,6,4
103468,더미학생03468,1,010-9034-3468,dummy03468@jnu.ac.kr,1,5
103469,더미학생03469,2,010-9034-3469,dummy03469@jnu.ac.kr,2,6
103470,더미학생03470,3,010-9034-3470,dummy03470@jnu.ac.kr,3,7
103471,더미학생03471,4,010-9034-3471,dummy03471@jnu.ac.kr,4,8
103472,더미학생03472,1,010-9034-3472,dummy03472@jnu.ac.kr,5,1
103473,더미학생03473,2,010-9034-3473,dummy03473@jnu.ac.kr,6,2
103474,더미학생03474,3,010-9034-3474,dummy03474@jnu.ac.kr,1,3
103475,더미학생03475,4,010-9034-3475,dummy03475@jnu.ac.kr,2,4
103476,더미학생03476,1,010-9034-3476,dummy03476@jnu.ac.kr,3,5
103477,더미학생03477,2,010-9034-3477,dummy03477@jnu.ac.kr,4,6
103478,더미학생03478,3,010-9034-3478,dummy03478@jnu.ac.kr,5,7
103479,더미학생03479,4,010-9034-3479,dummy03479@jnu.ac.kr,6,8
103480,더미학생03480,1,010-9034-3480,dummy03480@jnu.ac.kr,1,1
103481,더미학생03481,2,010-9034-3481,dummy03481@jnu.ac.kr,2,2
103482,더미학생03482,3,010-9034-3482,dummy03482@jnu.ac.kr,3,3
103483,더미학생03483,4,010-9034-3483,dummy03483@jnu.ac.kr,4,4
103484,더미학생03484,1,010-9034-3484,dummy03484@jnu.ac.kr,5,5
103485,더미학생03485,2,010-9034-3485,dummy03485@jnu.ac.kr,6,6
103486,더미학생03486,3,010-9034-3486,dummy03486@jnu.ac.kr,1,7
103487,더미학생03487,4,010-9034-3487,dummy03487@jnu.ac.kr,2,8
103488,더미학생03488,1,010-9034-3488,dummy03488@jnu.ac.kr,3,1
103489,더미학생03489,2,010-9034-3489,dummy03489@jnu.ac.kr,4,2
103490,더미학생03490,3,010-9034-3490,dummy03490@jnu.ac.kr,5,3
103491,더미학생03491,4,010-9034-3491,dummy03491@jnu.ac.kr,6,4
103492,더미학생03492,1,010-9034-3492,dummy03492@jnu.ac.kr,1,5
103493,더미학생03493,2,010-9034-3493,dummy03493@jnu.ac.kr,2,6
103494,더미학생03494,3,010-9034-3494,dummy03494@jnu.ac.kr,3,7
103495,더미학생03495,4,010-9034-3495,dummy03495@jnu.ac.kr,4,8
103496,더미학생03496,1,010-9034-3496,dummy03496@jnu.ac.kr,5,1
103497,더미학생03497,2,010-9034-3497,dummy03497@jnu.ac.kr,6,2
103498,더미학생03498,3,010-9034-3498,dummy03498@jnu.ac.kr,1,3
103499,더미학생03499,4,010-9034-3499,dummy03499@jnu.ac.kr,2,4
103500,더미학생03500,1,010-9035-3500,dummy03500@jnu.ac.kr,3,5
103501,더미학생03501,2,010-9035-3501,dummy03501@jnu.ac.kr,4,6
103502,더미학생03502,3,010-9035-3502,dummy03502@jnu.ac.kr,5,7
103503,더미학생03503,4,010-9035-3503,dummy03503@jnu.ac.kr,6,8
103504,더미학생03504,1,010-9035-3504,dummy03504@jnu.ac.kr,1,1
103505,더미학생03505,2,010-9035-3505,dummy03505@jnu.ac.kr,2,2
103506,더미학생03506,3,010-9035-3506,dummy03506@jnu.ac.kr,3,3
103507,더미학생03507,4,010-9035-3507,dummy03507@jnu.ac.kr,4,4
103508,더미학생03508,1,010-9035-3508,dummy03508@jnu.ac.kr,5,5
103509,더미학생03509,2,010-9035-3509,dummy03509@jnu.ac.kr,6,6
103510,더미학생03510,3,010-9035-3510,dummy03510@jnu.ac.kr,1,7
103511,더미학생03511,4,010-9035-3511,dummy03511@jnu.ac.kr,2,8
103512,더미학생03512,1,010-9035-3512,dummy03512@jnu.ac.kr,3,1
103513,더미학생03513,2,010-9035-3513,dummy03513@jnu.ac.kr,4,2
103514,더미학생03514,3,010-9035-3514,dummy03514@jnu.ac.kr,5,3
103515,더미학생03515,4,010-9035-3515,dummy03515@jnu.ac.kr,6,4
103516,더미학생03516,1,010-9035-3516,dummy03516@jnu.ac.kr,1,5
103517,더미학생03517,2,010-9035-3517,dummy03517@jnu.ac.kr,2,6
103518,더미학생03518,3,010-9035-3518,dummy03518@jnu.ac.kr,3,7
103519,더미학생03519,4,010-9035-3519,dummy03519@jnu.ac.kr,4,8
103520,더미학생03520,1,010-9035-3520,dummy03520@jnu.ac.kr,5,1
103521,더미학생03521,2,010-9035-3521,dummy03521@jnu.ac.kr,6,2
103522,더미학생03522,3,010-9035-3522,dummy03522@jnu.ac.kr,1,3
103523,더미학생03523,4,010-9035-3523,dummy03523@jnu.ac.kr,2,4
103524,더미학생03524,1,010-9035-3524,dummy03524@jnu.ac.kr,3,5
103525,더미학생03525,2,010-9035-3525,dummy03525@jnu.ac.kr,4,6
103526,더미학생03526,3,010-9035-3526,dummy03526@jnu.ac.kr,5,7
103527,더미학생03527,4,010-9035-3527,dummy03527@jnu.ac.kr,6,8
103528,더미학생03528,1,010-9035-3528,dummy03528@jnu.ac.kr,1,1
103529,더미학생03529,2,010-9035-3529,dummy03529@jnu.ac.kr,2,2
103530,더미학생03530,3,010-9035-3530,dummy03530@jnu.ac.kr,3,3
103531,더미학생03531,4,010-9035-3531,dummy03531@jnu.ac.kr,4,4
103532,더미학생03532,1,010-9035-3532,dummy03532@jnu.ac.kr,5,5
103533,더미학생03533,2,010-9035-3533,dummy03533@jnu.ac.kr,6,6
103534,더미학생03534,3,010-9035-3534,dummy03534@jnu.ac.kr,1,7
103535,더미학생03535,4,010-9035-3535,dummy03535@jnu.ac.kr,2,8
103536,더미학생03536,1,010-9035-3536,dummy03536@jnu.ac.kr,3,1
103537,더미학생03537,2,010-9035-3537,dummy03537@jnu.ac.kr,4,2
103538,더미학생03538,3,010-9035-3538,dummy03538@jnu.ac.kr,5,3
103539,더미학생03539,4,010-9035-3539,dummy03539@jnu.ac.kr,6,4
103540,더미학생03540,1,010-9035-3540,dummy03540@jnu.ac.kr,1,5
103541,더미학생03541,2,010-9035-3541,dummy03541@jnu.ac.kr,2,6
103542,더미학생03542,3,010-9035-3542,dummy03542@jnu.ac.kr,3,7
103543,더미학생03543,4,010-9035-3543,dummy03543@jnu.ac.kr,4,8
103544,더미학생03544,1,010-9035-3544,dummy03544@jnu.ac.kr,5,1
103545,더미학생03545,2,010-9035-3545,dummy03545@jnu.ac.kr,6,2
103546,더미학생03546,3,010-9035-3546,dummy03546@jnu.ac.kr,1,3
103547,더미학생03547,4,010-9035-3547,dummy03547@jnu.ac.kr,2,4
103548,더미학생03548,1,010-9035-3548,dummy03548@jnu.ac.kr,3,5
103549,더미학생03549,2,010-9035-3549,dummy03549@jnu.ac.kr,4,6
103550,더미학생03550,3,010-9035-3550,dummy03550@jnu.ac.kr,5,7
103551,더미학생03551,4,010-9035-3551,dummy03551@jnu.ac.kr,6,8
103552,더미학생03552,1,010-9035-3552,dummy03552@jnu.ac.kr,1,1
103553,더미학생03553,2,010-9035-3553,dummy03553@jnu.ac.kr,2,2
103554,더미학생03554,3,010-9035-3554,dummy03554@jnu.ac.kr,3,3
103555,더미학생03555,4,010-9035-3555,dummy03555@jnu.ac.kr,4,4
103556,더미학생03556,1,010-9035-3556,dummy03556@jnu.ac.kr,5,5
103557,더미학생03557,2,010-9035-3557,dummy03557@jnu.ac.kr,6,6
103558,더미학생03558,3,010-9035-3558,dummy03558@jnu.ac.kr,1,7
103559,더미학생03559,4,010-9035-3559,dummy03559@jnu.ac.kr,2,8
103560,더미학생03560,1,010-9035-3560,dummy03560@jnu.ac.kr,3,1
103561,더미학생03561,2,010-9035-3561,dummy03561@jnu.ac.kr,4,2
103562,더미학생03562,3,010-9035-3562,dummy03562@jnu.ac.kr,5,3
103563,더미학생03563,4,010-9035-3563,dummy03563@jnu.ac.kr,6,4
103564,더미학생03564,1,010-9035-3564,dummy03564@jnu.ac.kr,1,5
103565,더미학생03565,2,010-9035-3565,dummy03565@jnu.ac.kr,2,6
103566,더미학생03566,3,010-9035-3566,dummy03566@jnu.ac.kr,3,7
103567,더미학생03567,4,010-9035-3567,dummy03567@jnu.ac.kr,4,8
103568,더미학생03568,1,010-9035-3568,dummy03568@jnu.ac.kr,5,1
103569,더미학생03569,2,010-9035-3569,dummy03569@jnu.ac.kr,6,2
103570,더미학생03570,3,010-9035-3570,dummy03570@jnu.ac.kr,1,3
103571,더미학생03571,4,010-9035-3571,dummy03571@jnu.ac.kr,2,4
103572,더미학생03572,1,010-9035-3572,dummy03572@jnu.ac.kr,3,5
103573,더미학생03573,2,010-9035-3573,dummy03573@jnu.ac.kr,4,6
103574,더미학생03574,3,010-9035-3574,dummy03574@jnu.ac.kr,5,7
103575,더미학생03575,4,010-9035-3575,dummy03575@jnu.ac.kr,6,8
103576,더미학생03576,1,010-9035-3576,dummy03576@jnu.ac.kr,1,1
103577,더미학생03577,2,010-9035-3577,dummy03577@jnu.ac.kr,2,2
103578,더미학생03578,3,010-9035-3578,dummy03578@jnu.ac.kr,3,3
103579,더미학생03579,4,010-9035-3579,dummy03579@jnu.ac.kr,4,4
103580,더미학생03580,1,010-9035-3580,dummy03580@jnu.ac.kr,5,5
103581,더미학생03581,2,010-9035-3581,dummy03581@jnu.ac.kr,6,6
103582,더미학생03582,3,010-9035-3582,dummy03582@jnu.ac.kr,1,7
103583,더미학생03583,4,010-9035-3583,dummy03583@jnu.ac.kr,2,8
103584,더미학생03584,1,010-9035-3584,dummy03584@jnu.ac.kr,3,1
103585,더미학생03585,2,010-9035-3585,dummy03585@jnu.ac.kr,4,2
103586,더미학생03586,3,010-9035-3586,dummy03586@jnu.ac.kr,5,3
103587,더미학생03587,4,010-9035-3587,dummy03587@jnu.ac.kr,6,4
103588,더미학생03588,1,010-9035-3588,dummy03588@jnu.ac.kr,1,5
103589,더미학생03589,2,010-9035-3589,dummy03589@jnu.ac.kr,2,6
103590,더미학생03590,3,010-9035-3590,dummy03590@jnu.ac.kr,3,7
103591,더미학생03591,4,010-9035-3591,dummy03591@jnu.ac.kr,4,8
103592,더미학생03592,1,010-9035-3592,dummy03592@jnu.ac.kr,5,1
103593,더미학생03593,2,010-9035-3593,dummy03593@jnu.ac.kr,6,2
103594,더미학생03594,3,010-9035-3594,dummy03594@jnu.ac.kr,1,3
103595,더미학생03595,4,010-9035-3595,dummy03595@jnu.ac.kr,2,4
103596,더미학생03596,1,010-9035-3596,dummy03596@jnu.ac.kr,3,5
103597,더미학생03597,2,010-9035-3597,dummy03597@jnu.ac.kr,4,6
103598,더미학생03598,3,010-9035-3598,dummy03598@jnu.ac.kr,5,7
103599,더미학생03599,4,010-9035-3599,dummy03599@jnu.ac.kr,6,8
103600,더미학생03600,1,010-9036-3600,dummy03600@jnu.ac.kr,1,1
103601,더미학생03601,2,010-9036-3601,dummy03601@jnu.ac.kr,2,2
103602,더미학생03602,3,010-9036-3602,dummy03602@jnu.ac.kr,3,3
103603,더미학생03603,4,010-9036-3603,dummy03603@jnu.ac.kr,4,4
103604,더미학생03604,1,010-9036-3604,dummy03604@jnu.ac.kr,5,5
103605,더미학생03605,2,010-9036-3605,dummy03605@jnu.ac.kr,6,6
103606,더미학생03606,3,010-9036-3606,dummy03606@jnu.ac.kr,1,7
103607,더미학생03607,4,010-9036-3607,dummy03607@jnu.ac.kr,2,8
103608,더미학생03608,1,010-9036-3608,dummy03608@jnu.ac.kr,3,1
103609,더미학생03609,2,010-9036-3609,dummy03609@jnu.ac.kr,4,2
103610,더미학생03610,3,010-9036-3610,dummy03610@jnu.ac.kr,5,3
103611,더미학생03611,4,010-9036-3611,dummy03611@jnu.ac.kr,6,4
103612,더미학생03612,1,010-9036-3612,dummy03612@jnu.ac.kr,1,5
103613,더미학생03613,2,010-9036-3613,dummy03613@jnu.ac.kr,2,6
103614,더미학생03614,3,010-9036-3614,dummy03614@jnu.ac.kr,3,7
103615,더미학생03615,4,010-9036-3615,dummy03615@jnu.ac.kr,4,8
103616,더미학생03616,1,010-9036-3616,dummy03616@jnu.ac.kr,5,1
103617,더미학생03617,2,010-9036-3617,dummy03617@jnu.ac.kr,6,2
103618,더미학생03618,3,010-9036-3618,dummy03618@jnu.ac.kr,1,3
103619,더미학생03619,4,010-9036-3619,dummy03619@jnu.ac.kr,2,4
103620,더미학생03620,1,010-9036-3620,dummy03620@jnu.ac.kr,3,5
103621,더미학생03621,2,010-9036-3621,dummy03621@jnu.ac.kr,4,6
103622,더미학생03622,3,010-9036-3622,dummy03622@jnu.ac.kr,5,7
103623,더미학생03623,4,010-9036-3623,dummy03623@jnu.ac.kr,6,8
103624,더미학생03624,1,010-9036-3624,dummy03624@jnu.ac.kr,1,1
103625,더미학생03625,2,010-9036-3625,dummy03625@jnu.ac.kr,2,2
103626,더미학생03626,3,010-9036-3626,dummy03626@jnu.ac.kr,3,3
103627,더미학생03627,4,010-9036-3627,dummy03627@jnu.ac.kr,4,4
103628,더미학생03628,1,010-9036-3628,dummy03628@jnu.ac.kr,5,5
103629,더미학생03629,2,010-9036-3629,dummy03629@jnu.ac.kr,6,6
103630,더미학생03630,3,010-9036-3630,dummy03630@jnu.ac.kr,1,7
103631,더미학생03631,4,010-9036-3631,dummy03631@jnu.ac.kr,2,8
103632,더미학생03632,1,010-9036-3632,dummy03632@jnu.ac.kr,3,1
103633,더미학생03633,2,010-9036-3633,dummy03633@jnu.ac.kr,4,2
103634,더미학생03634,3,010-9036-3634,dummy03634@jnu.ac.kr,5,3
103635,더미학생03635,4,010-9036-3635,dummy03635@jnu.ac.kr,6,4
103636,더미학생03636,1,010-9036-3636,dummy03636@jnu.ac.kr,1,5
103637,더미학생03637,2,010-9036-3637,dummy03637@jnu.ac.kr,2,6
103638,더미학생03638,3,010-9036-3638,dummy03638@jnu.ac.kr,3,7
103639,더미학생03639,4,010-9036-3639,dummy03639@jnu.ac.kr,4,8
103640,더미학생03640,1,010-9036-3640,dummy03640@jnu.ac.kr,5,1
103641,더미학생03641,2,010-9036-3641,dummy03641@jnu.ac.kr,6,2
103642,더미학생03642,3,010-9036-3642,dummy03642@jnu.ac.kr,1,3
103643,더미학생03643,4,010-9036-3643,dummy03643@jnu.ac.kr,2,4
103644,더미학생03644,1,010-9036-3644,dummy03644@jnu.ac.kr,3,5
103645,더미학생03645,2,010-9036-3645,dummy03645@jnu.ac.kr,4,6
103646,더미학생03646,3,010-9036-3646,dummy03646@jnu.ac.kr,5,7
103647,더미학생03647,4,010-9036-3647,dummy03647@jnu.ac.kr,6,8
103648,더미학생03648,1,010-9036-3648,dummy03648@jnu.ac.kr,1,1
103649,더미학생03649,2,010-9036-3649,dummy03649@jnu.ac.kr,2,2
103650,더미학생03650,3,010-9036-3650,dummy03650@jnu.ac.kr,3,3
103651,더미학생03651,4,010-9036-3651,dummy03651@jnu.ac.kr,4,4
103652,더미학생03652,1,010-9036-3652,dummy03652@jnu.ac.kr,5,5
103653,더미학생03653,2,010-9036-3653,dummy03653@jnu.ac.kr,6,6
103654,더미학생03654,3,010-9036-3654,dummy03654@jnu.ac.kr,1,7
103655,더미학생03655,4,010-9036-3655,dummy03655@jnu.ac.kr,2,8
103656,더미학생03656,1,010-9036-3656,dummy03656@jnu.ac.kr,3,1
103657,더미학생03657,2,010-9036-3657,dummy03657@jnu.ac.kr,4,2
103658,더미학생03658,3,010-9036-3658,dummy03658@jnu.ac.kr,5,3
103659,더미학생03659,4,010-9036-3659,dummy03659@jnu.ac.kr,6,4
103660,더미학생03660,1,010-9036-3660,dummy03660@jnu.ac.kr,1,5
103661,더미학생03661,2,010-9036-3661,dummy03661@jnu.ac.kr,2,6
103662,더미학생03662,3,010-9036-3662,dummy03662@jnu.ac.kr,3,7
103663,더미학생03663,4,010-9036-3663,dummy03663@jnu.ac.kr,4,8
103664,더미학생03664,1,010-9036-3664,dummy03664@jnu.ac.kr,5,1
103665,더미학생03665,2,010-9036-3665,dummy03665@jnu.ac.kr,6,2
103666,더미학생03666,3,010-9036-3666,dummy03666@jnu.ac.kr,1,3
103667,더미학생03667,4,010-9036-3667,dummy03667@jnu.ac.kr,2,4
103668,더미학생03668,1,010-9036-3668,dummy03668@jnu.ac.kr,3,5
103669,더미학생03669,2,010-9036-3669,dummy03669@jnu.ac.kr,4,6
103670,더미학생03670,3,010-9036-3670,dummy03670@jnu.ac.kr,5,7
103671,더미학생03671,4,010-9036-3671,dummy03671@jnu.ac.kr,6,8
103672,더미학생03672,1,010-9036-3672,dummy03672@jnu.ac.kr,1,1
103673,더미학생03673,2,010-9036-3673,dummy03673@jnu.ac.kr,2,2
103674,더미학생03674,3,010-9036-3674,dummy03674@jnu.ac.kr,3,3
103675,더미학생03675,4,010-9036-3675,dummy03675@jnu.ac.kr,4,4
103676,더미학생03676,1,010-9036-3676,dummy03676@jnu.ac.kr,5,5
103677,더미학생03677,2,010-9036-3677,dummy03677@jnu.ac.kr,6,6
103678,더미학생03678,3,010-9036-3678,dummy03678@jnu.ac.kr,1,7
103679,더미학생03679,4,010-9036-3679,dummy03679@jnu.ac.kr,2,8
103680,더미학생03680,1,010-9036-3680,dummy03680@jnu.ac.kr,3,1
103681,더미학생03681,2,010-9036-3681,dummy03681@jnu.ac.kr,4,2
103682,더미학생03682,3,010-9036-3682,dummy03682@jnu.ac.kr,5,3
103683,더미학생03683,4,010-9036-3683,dummy03683@jnu.ac.kr,6,4
103684,더미학생03684,1,010-9036-3684,dummy03684@jnu.ac.kr,1,5
103685,더미학생03685,2,010-9036-3685,dummy03685@jnu.ac.kr,2,6
103686,더미학생03686,3,010-9036-3686,dummy03686@jnu.ac.kr,3,7
103687,더미학생03687,4,010-9036-3687,dummy03687@jnu.ac.kr,4,8
103688,더미학생03688,1,010-9036-3688,dummy03688@jnu.ac.kr,5,1
103689,더미학생03689,2,010-9036-3689,dummy03689@jnu.ac.kr,6,2
103690,더미학생03690,3,010-9036-3690,dummy03690@jnu.ac.kr,1,3
103691,더미학생03691,4,010-9036-3691,dummy03691@jnu.ac.kr,2,4
103692,더미학생03692,1,010-9036-3692,dummy03692@jnu.ac.kr,3,5
103693,더미학생03693,2,010-9036-3693,dummy03693@jnu.ac.kr,4,6
103694,더미학생03694,3,010-9036-3694,dummy03694@jnu.ac.kr,5,7
103695,더미학생03695,4,010-9036-3695,dummy03695@jnu.ac.kr,6,8
103696,더미학생03696,1,010-9036-3696,dummy03696@jnu.ac.kr,1,1
103697,더미학생03697,2,010-9036-3697,dummy03697@jnu.ac.kr,2,2
103698,더미학생03698,3,010-9036-3698,dummy03698@jnu.ac.kr,3,3
103699,더미학생03699,4,010-9036-3699,dummy03699@jnu.ac.kr,4,4
103700,더미학생03700,1,010-9037-3700,dummy03700@jnu.ac.kr,5,5
103701,더미학생03701,2,010-9037-3701,dummy03701@jnu.ac.kr,6,6
103702,더미학생03702,3,010-9037-3702,dummy03702@jnu.ac.kr,1,7
103703,더미학생03703,4,010-9037-3703,dummy03703@jnu.ac.kr,2,8
103704,더미학생03704,1,010-9037-3704,dummy03704@jnu.ac.kr,3,1
103705,더미학생03705,2,010-9037-3705,dummy03705@jnu.ac.kr,4,2
103706,더미학생03706,3,010-9037-3706,dummy03706@jnu.ac.kr,5,3
103707,더미학생03707,4,010-9037-3707,dummy03707@jnu.ac.kr,6,4
103708,더미학생03708,1,010-9037-3708,dummy03708@jnu.ac.kr,1,5
103709,더미학생03709,2,010-9037-3709,dummy03709@jnu.ac.kr,2,6
103710,더미학생03710,3,010-9037-3710,dummy03710@jnu.ac.kr,3,7
103711,더미학생03711,4,010-9037-3711,dummy03711@jnu.ac.kr,4,8
103712,더미학생03712,1,010-9037-3712,dummy03712@jnu.ac.kr,5,1
103713,더미학생03713,2,010-9037-3713,dummy03713@jnu.ac.kr,6,2
103714,더미학생03714,3,010-9037-3714,dummy03714@jnu.ac.kr,1,3
103715,더미학생03715,4,010-9037-3715,dummy03715@jnu.ac.kr,2,4
103716,더미학생03716,1,010-9037-3716,dummy03716@jnu.ac.kr,3,5
103717,더미학생03717,2,010-9037-3717,dummy03717@jnu.ac.kr,4,6
103718,더미학생03718,3,010-9037-3718,dummy03718@jnu.ac.kr,5,7
103719,더미학생03719,4,010-9037-3719,dummy03719@jnu.ac.kr,6,8
103720,더미학생03720,1,010-9037-3720,dummy03720@jnu.ac.kr,1,1
103721,더미학생03721,2,010-9037-3721,dummy03721@jnu.ac.kr,2,2
103722,더미학생03722,3,010-9037-3722,dummy03722@jnu.ac.kr,3,3
103723,더미학생03723,4,010-9037-3723,dummy03723@jnu.ac.kr,4,4
103724,더미학생03724,1,010-9037-3724,dummy03724@jnu.ac.kr,5,5
103725,더미학생03725,2,010-9037-3725,dummy03725@jnu.ac.kr,6,6
103726,더미학생03726,3,010-9037-3726,dummy03726@jnu.ac.kr,1,7
103727,더미학생03727,4,010-9037-3727,dummy03727@jnu.ac.kr,2,8
103728,더미학생03728,1,010-9037-3728,dummy03728@jnu.ac.kr,3,1
103729,더미학생03729,2,010-9037-3729,dummy03729@jnu.ac.kr,4,2
103730,더미학생03730,3,010-9037-3730,dummy03730@jnu.ac.kr,5,3
103731,더미학생03731,4,010-9037-3731,dummy03731@jnu.ac.kr,6,4
103732,더미학생03732,1,010-9037-3732,dummy03732@jnu.ac.kr,1,5
103733,더미학생03733,2,010-9037-3733,dummy03733@jnu.ac.kr,2,6
103734,더미학생03734,3,010-9037-3734,dummy03734@jnu.ac.kr,3,7
103735,더미학생03735,4,010-9037-3735,dummy03735@jnu.ac.kr,4,8
103736,더미학생03736,1,010-9037-3736,dummy03736@jnu.ac.kr,5,1
103737,더미학생03737,2,010-9037-3737,dummy03737@jnu.ac.kr,6,2
103738,더미학생03738,3,010-9037-3738,dummy03738@jnu.ac.kr,1,3
103739,더미학생03739,4,010-9037-3739,dummy03739@jnu.ac.kr,2,4
103740,더미학생03740,1,010-9037-3740,dummy03740@jnu.ac.kr,3,5
103741,더미학생03741,2,010-9037-3741,dummy03741@jnu.ac.kr,4,6
103742,더미학생03742,3,010-9037-3742,dummy03742@jnu.ac.kr,5,7
103743,더미학생03743,4,010-9037-3743,dummy03743@jnu.ac.kr,6,8
103744,더미학생03744,1,010-9037-3744,dummy03744@jnu.ac.kr,1,1
103745,더미학생03745,2,010-9037-3745,dummy03745@jnu.ac.kr,2,2
103746,더미학생03746,3,010-9037-3746,dummy03746@jnu.ac.kr,3,3
103747,더미학생03747,4,010-9037-3747,dummy03747@jnu.ac.kr,4,4
103748,더미학생03748,1,010-9037-3748,dummy03748@jnu.ac.kr,5,5
103749,더미학생03749,2,010-9037-3749,dummy03749@jnu.ac.kr,6,6
103750,더미학생03750,3,010-9037-3750,dummy03750@jnu.ac.kr,1,7
103751,더미학생03751,4,010-9037-3751,dummy03751@jnu.ac.kr,2,8
103752,더미학생03752,1,010-9037-3752,dummy03752@jnu.ac.kr,3,1
103753,더미학생03753,2,010-9037-3753,dummy03753@jnu.ac.kr,4,2
103754,더미학생03754,3,010-9037-3754,dummy03754@jnu.ac.kr,5,3
103755,더미학생03755,4,010-9037-3755,dummy03755@jnu.ac.kr,6,4
103756,더미학생03756,1,010-9037-3756,dummy03756@jnu.ac.kr,1,5
103757,더미학생03757,2,010-9037-3757,dummy03757@jnu.ac.kr,2,6
103758,더미학생03758,3,010-9037-3758,dummy03758@jnu.ac.kr,3,7
103759,더미학생03759,4,010-9037-3759,dummy03759@jnu.ac.kr,4,8
103760,더미학생03760,1,010-9037-3760,dummy03760@jnu.ac.kr,5,1
103761,더미학생03761,2,010-9037-3761,dummy03761@jnu.ac.kr,6,2
103762,더미학생03762,3,010-9037-3762,dummy03762@jnu.ac.kr,1,3
103763,더미학생03763,4,010-9037-3763,dummy03763@jnu.ac.kr,2,4
103764,더미학생03764,1,010-9037-3764,dummy03764@jnu.ac.kr,3,5
103765,더미학생03765,2,010-9037-3765,dummy03765@jnu.ac.kr,4,6
103766,더미학생03766,3,010-9037-3766,dummy03766@jnu.ac.kr,5,7
103767,더미학생03767,4,010-9037-3767,dummy03767@jnu.ac.kr,6,8
103768,더미학생03768,1,010-9037-3768,dummy03768@jnu.ac.kr,1,1
103769,더미학생03769,2,010-9037-3769,dummy03769@jnu.ac.kr,2,2
103770,더미학생03770,3,010-9037-3770,dummy03770@jnu.ac.kr,3,3
103771,더미학생03771,4,010-9037-3771,dummy03771@jnu.ac.kr,4,4
103772,더미학생03772,1,010-9037-3772,dummy03772@jnu.ac.kr,5,5
103773,더미학생03773,2,010-9037-3773,dummy03773@jnu.ac.kr,6,6
103774,더미학생03774,3,010-9037-3774,dummy03774@jnu.ac.kr,1,7
103775,더미학생03775,4,010-9037-3775,dummy03775@jnu.ac.kr,2,8
103776,더미학생03776,1,010-9037-3776,dummy03776@jnu.ac.kr,3,1
103777,더미학생03777,2,010-9037-3777,dummy03777@jnu.ac.kr,4,2
103778,더미학생03778,3,010-9037-3778,dummy03778@jnu.ac.kr,5,3
103779,더미학생03779,4,010-9037-3779,dummy03779@jnu.ac.kr,6,4
103780,더미학생03780,1,010-9037-3780,dummy03780@jnu.ac.kr,1,5
103781,더미학생03781,2,010-9037-3781,dummy03781@jnu.ac.kr,2,6
103782,더미학생03782,3,010-9037-3782,dummy03782@jnu.ac.kr,3,7
103783,더미학생03783,4,010-9037-3783,dummy03783@jnu.ac.kr,4,8
103784,더미학생03784,1,010-9037-3784,dummy03784@jnu.ac.kr,5,1
103785,더미학생03785,2,010-9037-3785,dummy03785@jnu.ac.kr,6,2
103786,더미학생03786,3,010-9037-3786,dummy03786@jnu.ac.kr,1,3
103787,더미학생03787,4,010-9037-3787,dummy03787@jnu.ac.kr,2,4
103788,더미학생03788,1,010-9037-3788,dummy03788@jnu.ac.kr,3,5
103789,더미학생03789,2,010-9037-3789,dummy03789@jnu.ac.kr,4,6
103790,더미학생03790,3,010-9037-3790,dummy03790@jnu.ac.kr,5,7
103791,더미학생03791,4,010-9037-3791,dummy03791@jnu.ac.kr,6,8
103792,더미학생03792,1,010-9037-3792,dummy03792@jnu.ac.kr,1,1
103793,더미학생03793,2,010-9037-3793,dummy03793@jnu.ac.kr,2,2
103794,더미학생03794,3,010-9037-3794,dummy03794@jnu.ac.kr,3,3
103795,더미학생03795,4,010-9037-3795,dummy03795@jnu.ac.kr,4,4
103796,더미학생03796,1,010-9037-3796,dummy03796@jnu.ac.kr,5,5
103797,더미학생03797,2,010-9037-3797,dummy03797@jnu.ac.kr,6,6
103798,더미학생03798,3,010-9037-3798,dummy03798@jnu.ac.kr,1,7
103799,더미학생03799,4,010-9037-3799,dummy03799@jnu.ac.kr,2,8
103800,더미학생03800,1,010-9038-3800,dummy03800@jnu.ac.kr,3,1
103801,더미학생03801,2,010-9038-3801,dummy03801@jnu.ac.kr,4,2
103802,더미학생03802,3,010-9038-3802,dummy03802@jnu.ac.kr,5,3
103803,더미학생03803,4,010-9038-3803,dummy03803@jnu.ac.kr,6,4
103804,더미학생03804,1,010-9038-3804,dummy03804@jnu.ac.kr,1,5
103805,더미학생03805,2,010-9038-3805,dummy03805@jnu.ac.kr,2,6
103806,더미학생03806,3,010-9038-3806,dummy03806@jnu.ac.kr,3,7
103807,더미학생03807,4,010-9038-3807,dummy03807@jnu.ac.kr,4,8
103808,더미학생03808,1,010-9038-3808,dummy03808@jnu.ac.kr,5,1
103809,더미학생03809,2,010-9038-3809,dummy03809@jnu.ac.kr,6,2
103810,더미학생03810,3,010-9038-3810,dummy03810@jnu.ac.kr,1,3
103811,더미학생03811,4,010-9038-3811,dummy03811@jnu.ac.kr,2,4
103812,더미학생03812,1,010-9038-3812,dummy03812@jnu.ac.kr,3,5
103813,더미학생03813,2,010-9038-3813,dummy03813@jnu.ac.kr,4,6
103814,더미학생03814,3,010-9038-3814,dummy03814@jnu.ac.kr,5,7
103815,더미학생03815,4,010-9038-3815,dummy03815@jnu.ac.kr,6,8
103816,더미학생03816,1,010-9038-3816,dummy03816@jnu.ac.kr,1,1
103817,더미학생03817,2,010-9038-3817,dummy03817@jnu.ac.kr,2,2
103818,더미학생03818,3,010-9038-3818,dummy03818@jnu.ac.kr,3,3
103819,더미학생03819,4,010-9038-3819,dummy03819@jnu.ac.kr,4,4
103820,더미학생03820,1,010-9038-3820,dummy03820@jnu.ac.kr,5,5
103821,더미학생03821,2,010-9038-3821,dummy03821@jnu.ac.kr,6,6
103822,더미학생03822,3,010-9038-3822,dummy03822@jnu.ac.kr,1,7
103823,더미학생03823,4,010-9038-3823,dummy03823@jnu.ac.kr,2,8
103824,더미학생03824,1,010-9038-3824,dummy03824@jnu.ac.kr,3,1
103825,더미학생03825,2,010-9038-3825,dummy03825@jnu.ac.kr,4,2
103826,더미학생03826,3,010-9038-3826,dummy03826@jnu.ac.kr,5,3
103827,더미학생03827,4,010-9038-3827,dummy03827@jnu.ac.kr,6,4
103828,더미학생03828,1,010-9038-3828,dummy03828@jnu.ac.kr,1,5
103829,더미학생03829,2,010-9038-3829,dummy03829@jnu.ac.kr,2,6
103830,더미학생03830,3,010-9038-3830,dummy03830@jnu.ac.kr,3,7
103831,더미학생03831,4,010-9038-3831,dummy03831@jnu.ac.kr,4,8
103832,더미학생03832,1,010-9038-3832,dummy03832@jnu.ac.kr,5,1
103833,더미학생03833,2,010-9038-3833,dummy03833@jnu.ac.kr,6,2
103834,더미학생03834,3,010-9038-3834,dummy03834@jnu.ac.kr,1,3
103835,더미학생03835,4,010-9038-3835,dummy03835@jnu.ac.kr,2,4
103836,더미학생03836,1,010-9038-3836,dummy03836@jnu.ac.kr,3,5
103837,더미학생03837,2,010-9038-3837,dummy03837@jnu.ac.kr,4,6
103838,더미학생03838,3,010-9038-3838,dummy03838@jnu.ac.kr,5,7
103839,더미학생03839,4,010-9038-3839,dummy03839@jnu.ac.kr,6,8
103840,더미학생03840,1,010-9038-3840,dummy03840@jnu.ac.kr,1,1
103841,더미학생03841,2,010-9038-3841,dummy03841@jnu.ac.kr,2,2
103842,더미학생03842,3,010-9038-3842,dummy03842@jnu.ac.kr,3,3
103843,더미학생03843,4,010-9038-3843,dummy03843@jnu.ac.kr,4,4
103844,더미학생03844,1,010-9038-3844,dummy03844@jnu.ac.kr,5,5
103845,더미학생03845,2,010-9038-3845,dummy03845@jnu.ac.kr,6,6
103846,더미학생03846,3,010-9038-3846,dummy03846@jnu.ac.kr,1,7
103847,더미학생03847,4,010-9038-3847,dummy03847@jnu.ac.kr,2,8
103848,더미학생03848,1,010-9038-3848,dummy03848@jnu.ac.kr,3,1
103849,더미학생03849,2,010-9038-3849,dummy03849@jnu.ac.kr,4,2
103850,더미학생03850,3,010-9038-3850,dummy03850@jnu.ac.kr,5,3
103851,더미학생03851,4,010-9038-3851,dummy03851@jnu.ac.kr,6,4
103852,더미학생03852,1,010-9038-3852,dummy03852@jnu.ac.kr,1,5
103853,더미학생03853,2,010-9038-3853,dummy03853@jnu.ac.kr,2,6
103854,더미학생03854,3,010-9038-3854,dummy03854@jnu.ac.kr,3,7
103855,더미학생03855,4,010-9038-3855,dummy03855@jnu.ac.kr,4,8
103856,더미학생03856,1,010-9038-3856,dummy03856@jnu.ac.kr,5,1
103857,더미학생03857,2,010-9038-3857,dummy03857@jnu.ac.kr,6,2
103858,더미학생03858,3,010-9038-3858,dummy03858@jnu.ac.kr,1,3
103859,더미학생03859,4,010-9038-3859,dummy03859@jnu.ac.kr,2,4
103860,더미학생03860,1,010-9038-3860,dummy03860@jnu.ac.kr,3,5
103861,더미학생03861,2,010-9038-3861,dummy03861@jnu.ac.kr,4,6
103862,더미학생03862,3,010-9038-3862,dummy03862@jnu.ac.kr,5,7
103863,더미학생03863,4,010-9038-3863,dummy03863@jnu.ac.kr,6,8
103864,더미학생03864,1,010-9038-3864,dummy03864@jnu.ac.kr,1,1
103865,더미학생03865,2,010-9038-3865,dummy03865@jnu.ac.kr,2,2
103866,더미학생03866,3,010-9038-3866,dummy03866@jnu.ac.kr,3,3
103867,더미학생03867,4,010-9038-3867,dummy03867@jnu.ac.kr,4,4
103868,더미학생03868,1,010-9038-3868,dummy03868@jnu.ac.kr,5,5
103869,더미학생03869,2,010-9038-3869,dummy03869@jnu.ac.kr,6,6
103870,더미학생03870,3,010-9038-3870,dummy03870@jnu.ac.kr,1,7
103871,더미학생03871,4,010-9038-3871,dummy03871@jnu.ac.kr,2,8
103872,더미학생03872,1,010-9038-3872,dummy03872@jnu.ac.kr,3,1
103873,더미학생03873,2,010-9038-3873,dummy03873@jnu.ac.kr,4,2
103874,더미학생03874,3,010-9038-3874,dummy03874@jnu.ac.kr,5,3
103875,더미학생03875,4,010-9038-3875,dummy03875@jnu.ac.kr,6,4
103876,더미학생03876,1,010-9038-3876,dummy03876@jnu.ac.kr,1,5
103877,더미학생03877,2,010-9038-3877,dummy03877@jnu.ac.kr,2,6
103878,더미학생03878,3,010-9038-3878,dummy03878@jnu.ac.kr,3,7
103879,더미학생03879,4,010-9038-3879,dummy03879@jnu.ac.kr,4,8
103880,더미학생03880,1,010-9038-3880,dummy03880@jnu.ac.kr,5,1
103881,더미학생03881,2,010-9038-3881,dummy03881@jnu.ac.kr,6,2
103882,더미학생03882,3,010-9038-3882,dummy03882@jnu.ac.kr,1,3
103883,더미학생03883,4,010-9038-3883,dummy03883@jnu.ac.kr,2,4
103884,더미학생03884,1,010-9038-3884,dummy03884@jnu.ac.kr,3,5
103885,더미학생03885,2,010-9038-3885,dummy03885@jnu.ac.kr,4,6
103886,더미학생03886,3,010-9038-3886,dummy03886@jnu.ac.kr,5,7
103887,더미학생03887,4,010-9038-3887,dummy03887@jnu.ac.kr,6,8
103888,더미학생03888,1,010-9038-3888,dummy03888@jnu.ac.kr,1,1
103889,더미학생03889,2,010-9038-3889,dummy03889@jnu.ac.kr,2,2
103890,더미학생03890,3,010-9038-3890,dummy03890@jnu.ac.kr,3,3
103891,더미학생03891,4,010-9038-3891,dummy03891@jnu.ac.kr,4,4
103892,더미학생03892,1,010-9038-3892,dummy03892@jnu.ac.kr,5,5
103893,더미학생03893,2,010-9038-3893,dummy03893@jnu.ac.kr,6,6
103894,더미학생03894,3,010-9038-3894,dummy03894@jnu.ac.kr,1,7
103895,더미학생03895,4,010-9038-3895,dummy03895@jnu.ac.kr,2,8
103896,더미학생03896,1,010-9038-3896,dummy03896@jnu.ac.kr,3,1
103897,더미학생03897,2,010-9038-3897,dummy03897@jnu.ac.kr,4,2
103898,더미학생03898,3,010-9038-3898,dummy03898@jnu.ac.kr,5,3
103899,더미학생03899,4,010-9038-3899,dummy03899@jnu.ac.kr,6,4
103900,더미학생03900,1,010-9039-3900,dummy03900@jnu.ac.kr,1,5
103901,더미학생03901,2,010-9039-3901,dummy03901@jnu.ac.kr,2,6
103902,더미학생03902,3,010-9039-3902,dummy03902@jnu.ac.kr,3,7
103903,더미학생03903,4,010-9039-3903,dummy03903@jnu.ac.kr,4,8
103904,더미학생03904,1,010-9039-3904,dummy03904@jnu.ac.kr,5,1
103905,더미학생03905,2,010-9039-3905,dummy03905@jnu.ac.kr,6,2
103906,더미학생03906,3,010-9039-3906,dummy03906@jnu.ac.kr,1,3
103907,더미학생03907,4,010-9039-3907,dummy03907@jnu.ac.kr,2,4
103908,더미학생03908,1,010-9039-3908,dummy03908@jnu.ac.kr,3,5
103909,더미학생03909,2,010-9039-3909,dummy03909@jnu.ac.kr,4,6
103910,더미학생03910,3,010-9039-3910,dummy03910@jnu.ac.kr,5,7
103911,더미학생03911,4,010-9039-3911,dummy03911@jnu.ac.kr,6,8
103912,더미학생03912,1,010-9039-3912,dummy03912@jnu.ac.kr,1,1
103913,더미학생03913,2,010-9039-3913,dummy03913@jnu.ac.kr,2,2
103914,더미학생03914,3,010-9039-3914,dummy03914@jnu.ac.kr,3,3
103915,더미학생03915,4,010-9039-3915,dummy03915@jnu.ac.kr,4,4
103916,더미학생03916,1,010-9039-3916,dummy03916@jnu.ac.kr,5,5
103917,더미학생03917,2,010-9039-3917,dummy03917@jnu.ac.kr,6,6
103918,더미학생03918,3,010-9039-3918,dummy03918@jnu.ac.kr,1,7
103919,더미학생03919,4,010-9039-3919,dummy03919@jnu.ac.kr,2,8
103920,더미학생03920,1,010-9039-3920,dummy03920@jnu.ac.kr,3,1
103921,더미학생03921,2,010-9039-3921,dummy03921@jnu.ac.kr,4,2
103922,더미학생03922,3,010-9039-3922,dummy03922@jnu.ac.kr,5,3
103923,더미학생03923,4,010-9039-3923,dummy03923@jnu.ac.kr,6,4
103924,더미학생03924,1,010-9039-3924,dummy03924@jnu.ac.kr,1,5
103925,더미학생03925,2,010-9039-3925,dummy03925@jnu.ac.kr,2,6
103926,더미학생03926,3,010-9039-3926,dummy03926@jnu.ac.kr,3,7
103927,더미학생03927,4,010-9039-3927,dummy03927@jnu.ac.kr,4,8
103928,더미학생03928,1,010-9039-3928,dummy03928@jnu.ac.kr,5,1
103929,더미학생03929,2,010-9039-3929,dummy03929@jnu.ac.kr,6,2
103930,더미학생03930,3,010-9039-3930,dummy03930@jnu.ac.kr,1,3
103931,더미학생03931,4,010-9039-3931,dummy03931@jnu.ac.kr,2,4
103932,더미학생03932,1,010-9039-3932,dummy03932@jnu.ac.kr,3,5
103933,더미학생03933,2,010-9039-3933,dummy03933@jnu.ac.kr,4,6
103934,더미학생03934,3,010-9039-3934,dummy03934@jnu.ac.kr,5,7
103935,더미학생03935,4,010-9039-3935,dummy03935@jnu.ac.kr,6,8
103936,더미학생03936,1,010-9039-3936,dummy03936@jnu.ac.kr,1,1
103937,더미학생03937,2,010-9039-3937,dummy03937@jnu.ac.kr,2,2
103938,더미학생03938,3,010-9039-3938,dummy03938@jnu.ac.kr,3,3
103939,더미학생03939,4,010-9039-3939,dummy03939@jnu.ac.kr,4,4
103940,더미학생03940,1,010-9039-3940,dummy03940@jnu.ac.kr,5,5
103941,더미학생03941,2,010-9039-3941,dummy03941@jnu.ac.kr,6,6
103942,더미학생03942,3,010-9039-3942,dummy03942@jnu.ac.kr,1,7
103943,더미학생03943,4,010-9039-3943,dummy03943@jnu.ac.kr,2,8
103944,더미학생03944,1,010-9039-3944,dummy03944@jnu.ac.kr,3,1
103945,더미학생03945,2,010-9039-3945,dummy03945@jnu.ac.kr,4,2
103946,더미학생03946,3,010-9039-3946,dummy03946@jnu.ac.kr,5,3
103947,더미학생03947,4,010-9039-3947,dummy03947@jnu.ac.kr,6,4
103948,더미학생03948,1,010-9039-3948,dummy03948@jnu.ac.kr,1,5
103949,더미학생03949,2,010-9039-3949,dummy03949@jnu.ac.kr,2,6
103950,더미학생03950,3,010-9039-3950,dummy03950@jnu.ac.kr,3,7
103951,더미학생03951,4,010-9039-3951,dummy03951@jnu.ac.kr,4,8
103952,더미학생03952,1,010-9039-3952,dummy03952@jnu.ac.kr,5,1
103953,더미학생03953,2,010-9039-3953,dummy03953@jnu.ac.kr,6,2
103954,더미학생03954,3,010-9039-3954,dummy03954@jnu.ac.kr,1,3
103955,더미학생03955,4,010-9039-3955,dummy03955@jnu.ac.kr,2,4
103956,더미학생03956,1,010-9039-3956,dummy03956@jnu.ac.kr,3,5
103957,더미학생03957,2,010-9039-3957,dummy03957@jnu.ac.kr,4,6
103958,더미학생03958,3,010-9039-3958,dummy03958@jnu.ac.kr,5,7
103959,더미학생03959,4,010-9039-3959,dummy03959@jnu.ac.kr,6,8
103960,더미학생03960,1,010-9039-3960,dummy03960@jnu.ac.kr,1,1
103961,더미학생03961,2,010-9039-3961,dummy03961@jnu.ac.kr,2,2
103962,더미학생03962,3,010-9039-3962,dummy03962@jnu.ac.kr,3,3
103963,더미학생03963,4,010-9039-3963,dummy03963@jnu.ac.kr,4,4
103964,더미학생03964,1,010-9039-3964,dummy03964@jnu.ac.kr,5,5
103965,더미학생03965,2,010-9039-3965,dummy03965@jnu.ac.kr,6,6
103966,더미학생03966,3,010-9039-3966,dummy03966@jnu.ac.kr,1,7
103967,더미학생03967,4,010-9039-3967,dummy03967@jnu.ac.kr,2,8
103968,더미학생03968,1,010-9039-3968,dummy03968@jnu.ac.kr,3,1
103969,더미학생03969,2,010-9039-3969,dummy03969@jnu.ac.kr,4,2
103970,더미학생03970,3,010-9039-3970,dummy03970@jnu.ac.kr,5,3
103971,더미학생03971,4,010-9039-3971,dummy03971@jnu.ac.kr,6,4
103972,더미학생03972,1,010-9039-3972,dummy03972@jnu.ac.kr,1,5
103973,더미학생03973,2,010-9039-3973,dummy03973@jnu.ac.kr,2,6
103974,더미학생03974,3,010-9039-3974,dummy03974@jnu.ac.kr,3,7
103975,더미학생03975,4,010-9039-3975,dummy03975@jnu.ac.kr,4,8
103976,더미학생03976,1,010-9039-3976,dummy03976@jnu.ac.kr,5,1
103977,더미학생03977,2,010-9039-3977,dummy03977@jnu.ac.kr,6,2
103978,더미학생03978,3,010-9039-3978,dummy03978@jnu.ac.kr,1,3
103979,더미학생03979,4,010-9039-3979,dummy03979@jnu.ac.kr,2,4
103980,더미학생03980,1,010-9039-3980,dummy03980@jnu.ac.kr,3,5
103981,더미학생03981,2,010-9039-3981,dummy03981@jnu.ac.kr,4,6
103982,더미학생03982,3,010-9039-3982,dummy03982@jnu.ac.kr,5,7
103983,더미학생03983,4,010-9039-3983,dummy03983@jnu.ac.kr,6,8
103984,더미학생03984,1,010-9039-3984,dummy03984@jnu.ac.kr,1,1
103985,더미학생03985,2,010-9039-3985,dummy03985@jnu.ac.kr,2,2
103986,더미학생03986,3,010-9039-3986,dummy03986@jnu.ac.kr,3,3
103987,더미학생03987,4,010-9039-3987,dummy03987@jnu.ac.kr,4,4
103988,더미학생03988,1,010-9039-3988,dummy03988@jnu.ac.kr,5,5
103989,더미학생03989,2,010-9039-3989,dummy03989@jnu.ac.kr,6,6
103990,더미학생03990,3,010-9039-3990,dummy03990@jnu.ac.kr,1,7
103991,더미학생03991,4,010-9039-3991,dummy03991@jnu.ac.kr,2,8
103992,더미학생03992,1,010-9039-3992,dummy03992@jnu.ac.kr,3,1
103993,더미학생03993,2,010-9039-3993,dummy03993@jnu.ac.kr,4,2
103994,더미학생03994,3,010-9039-3994,dummy03994@jnu.ac.kr,5,3
103995,더미학생03995,4,010-9039-3995,dummy03995@jnu.ac.kr,6,4
103996,더미학생03996,1,010-9039-3996,dummy03996@jnu.ac.kr,1,5
103997,더미학생03997,2,010-9039-3997,dummy03997@jnu.ac.kr,2,6
103998,더미학생03998,3,010-9039-3998,dummy03998@jnu.ac.kr,3,7
103999,더미학생03999,4,010-9039-3999,dummy03999@jnu.ac.kr,4,8
104000,더미학생04000,1,010-9040-4000,dummy04000@jnu.ac.kr,5,1
104001,더미학생04001,2,010-9040-4001,dummy04001@jnu.ac.kr,6,2
104002,더미학생04002,3,010-9040-4002,dummy04002@jnu.ac.kr,1,3
104003,더미학생04003,4,010-9040-4003,dummy04003@jnu.ac.kr,2,4
104004,더미학생04004,1,010-9040-4004,dummy04004@jnu.ac.kr,3,5
104005,더미학생04005,2,010-9040-4005,dummy04005@jnu.ac.kr,4,6
104006,더미학생04006,3,010-9040-4006,dummy04006@jnu.ac.kr,5,7
104007,더미학생04007,4,010-9040-4007,dummy04007@jnu.ac.kr,6,8
104008,더미학생04008,1,010-9040-4008,dummy04008@jnu.ac.kr,1,1
104009,더미학생04009,2,010-9040-4009,dummy04009@jnu.ac.kr,2,2
104010,더미학생04010,3,010-9040-4010,dummy04010@jnu.ac.kr,3,3
104011,더미학생04011,4,010-9040-4011,dummy04011@jnu.ac.kr,4,4
104012,더미학생04012,1,010-9040-4012,dummy04012@jnu.ac.kr,5,5
104013,더미학생04013,2,010-9040-4013,dummy04013@jnu.ac.kr,6,6
104014,더미학생04014,3,010-9040-4014,dummy04014@jnu.ac.kr,1,7
104015,더미학생04015,4,010-9040-4015,dummy04015@jnu.ac.kr,2,8
104016,더미학생04016,1,010-9040-4016,dummy04016@jnu.ac.kr,3,1
104017,더미학생04017,2,010-9040-4017,dummy04017@jnu.ac.kr,4,2
104018,더미학생04018,3,010-9040-4018,dummy04018@jnu.ac.kr,5,3
104019,더미학생04019,4,010-9040-4019,dummy04019@jnu.ac.kr,6,4
104020,더미학생04020,1,010-9040-4020,dummy04020@jnu.ac.kr,1,5
104021,더미학생04021,2,010-9040-4021,dummy04021@jnu.ac.kr,2,6
104022,더미학생04022,3,010-9040-4022,dummy04022@jnu.ac.kr,3,7
104023,더미학생04023,4,010-9040-4023,dummy04023@jnu.ac.kr,4,8
104024,더미학생04024,1,010-9040-4024,dummy04024@jnu.ac.kr,5,1
104025,더미학생04025,2,010-9040-4025,dummy04025@jnu.ac.kr,6,2
104026,더미학생04026,3,010-9040-4026,dummy04026@jnu.ac.kr,1,3
104027,더미학생04027,4,010-9040-4027,dummy04027@jnu.ac.kr,2,4
104028,더미학생04028,1,010-9040-4028,dummy04028@jnu.ac.kr,3,5
104029,더미학생04029,2,010-9040-4029,dummy04029@jnu.ac.kr,4,6
104030,더미학생04030,3,010-9040-4030,dummy04030@jnu.ac.kr,5,7
104031,더미학생04031,4,010-9040-4031,dummy04031@jnu.ac.kr,6,8
104032,더미학생04032,1,010-9040-4032,dummy04032@jnu.ac.kr,1,1
104033,더미학생04033,2,010-9040-4033,dummy04033@jnu.ac.kr,2,2
104034,더미학생04034,3,010-9040-4034,dummy04034@jnu.ac.kr,3,3
104035,더미학생04035,4,010-9040-4035,dummy04035@jnu.ac.kr,4,4
104036,더미학생04036,1,010-9040-4036,dummy04036@jnu.ac.kr,5,5
104037,더미학생04037,2,010-9040-4037,dummy04037@jnu.ac.kr,6,6
104038,더미학생04038,3,010-9040-4038,dummy04038@jnu.ac.kr,1,7
104039,더미학생04039,4,010-9040-4039,dummy04039@jnu.ac.kr,2,8
104040,더미학생04040,1,010-9040-4040,dummy04040@jnu.ac.kr,3,1
104041,더미학생04041,2,010-9040-4041,dummy04041@jnu.ac.kr,4,2
104042,더미학생04042,3,010-9040-4042,dummy04042@jnu.ac.kr,5,3
104043,더미학생04043,4,010-9040-4043,dummy04043@jnu.ac.kr,6,4
104044,더미학생04044,1,010-9040-4044,dummy04044@jnu.ac.kr,1,5
104045,더미학생04045,2,010-9040-4045,dummy04045@jnu.ac.kr,2,6
104046,더미학생04046,3,010-9040-4046,dummy04046@jnu.ac.kr,3,7
104047,더미학생04047,4,010-9040-4047,dummy04047@jnu.ac.kr,4,8
104048,더미학생04048,1,010-9040-4048,dummy04048@jnu.ac.kr,5,1
104049,더미학생04049,2,010-9040-4049,dummy04049@jnu.ac.kr,6,2
104050,더미학생04050,3,010-9040-4050,dummy04050@jnu.ac.kr,1,3
104051,더미학생04051,4,010-9040-4051,dummy04051@jnu.ac.kr,2,4
104052,더미학생04052,1,010-9040-4052,dummy04052@jnu.ac.kr,3,5
104053,더미학생04053,2,010-9040-4053,dummy04053@jnu.ac.kr,4,6
104054,더미학생04054,3,010-9040-4054,dummy04054@jnu.ac.kr,5,7
104055,더미학생04055,4,010-9040-4055,dummy04055@jnu.ac.kr,6,8
104056,더미학생04056,1,010-9040-4056,dummy04056@jnu.ac.kr,1,1
104057,더미학생04057,2,010-9040-4057,dummy04057@jnu.ac.kr,2,2
104058,더미학생04058,3,010-9040-4058,dummy04058@jnu.ac.kr,3,3
104059,더미학생04059,4,010-9040-4059,dummy04059@jnu.ac.kr,4,4
104060,더미학생04060,1,010-9040-4060,dummy04060@jnu.ac.kr,5,5
104061,더미학생04061,2,010-9040-4061,dummy04061@jnu.ac.kr,6,6
104062,더미학생04062,3,010-9040-4062,dummy04062@jnu.ac.kr,1,7
104063,더미학생04063,4,010-9040-4063,dummy04063@jnu.ac.kr,2,8
104064,더미학생04064,1,010-9040-4064,dummy04064@jnu.ac.kr,3,1
104065,더미학생04065,2,010-9040-4065,dummy04065@jnu.ac.kr,4,2
104066,더미학생04066,3,010-9040-4066,dummy04066@jnu.ac.kr,5,3
104067,더미학생04067,4,010-9040-4067,dummy04067@jnu.ac.kr,6,4
104068,더미학생04068,1,010-9040-4068,dummy04068@jnu.ac.kr,1,5
104069,더미학생04069,2,010-9040-4069,dummy04069@jnu.ac.kr,2,6
104070,더미학생04070,3,010-9040-4070,dummy04070@jnu.ac.kr,3,7
104071,더미학생04071,4,010-9040-4071,dummy04071@jnu.ac.kr,4,8
104072,더미학생04072,1,010-9040-4072,dummy04072@jnu.ac.kr,5,1
104073,더미학생04073,2,010-9040-4073,dummy04073@jnu.ac.kr,6,2
104074,더미학생04074,3,010-9040-4074,dummy04074@jnu.ac.kr,1,3
104075,더미학생04075,4,010-9040-4075,dummy04075@jnu.ac.kr,2,4
104076,더미학생04076,1,010-9040-4076,dummy04076@jnu.ac.kr,3,5
104077,더미학생04077,2,010-9040-4077,dummy04077@jnu.ac.kr,4,6
104078,더미학생04078,3,010-9040-4078,dummy04078@jnu.ac.kr,5,7
104079,더미학생04079,4,010-9040-4079,dummy04079@jnu.ac.kr,6,8
104080,더미학생04080,1,010-9040-4080,dummy04080@jnu.ac.kr,1,1
104081,더미학생04081,2,010-9040-4081,dummy04081@jnu.ac.kr,2,2
104082,더미학생04082,3,010-9040-4082,dummy04082@jnu.ac.kr,3,3
104083,더미학생04083,4,010-9040-4083,dummy04083@jnu.ac.kr,4,4
104084,더미학생04084,1,010-9040-4084,dummy04084@jnu.ac.kr,5,5
104085,더미학생04085,2,010-9040-4085,dummy04085@jnu.ac.kr,6,6
104086,더미학생04086,3,010-9040-4086,dummy04086@jnu.ac.kr,1,7
104087,더미학생04087,4,010-9040-4087,dummy04087@jnu.ac.kr,2,8
104088,더미학생04088,1,010-9040-4088,dummy04088@jnu.ac.kr,3,1
104089,더미학생04089,2,010-9040-4089,dummy04089@jnu.ac.kr,4,2
104090,더미학생04090,3,010-9040-4090,dummy04090@jnu.ac.kr,5,3
104091,더미학생04091,4,010-9040-4091,dummy04091@jnu.ac.kr,6,4
104092,더미학생04092,1,010-9040-4092,dummy04092@jnu.ac.kr,1,5
104093,더미학생04093,2,010-9040-4093,dummy04093@jnu.ac.kr,2,6
104094,더미학생04094,3,010-9040-4094,dummy04094@jnu.ac.kr,3,7
104095,더미학생04095,4,010-9040-4095,dummy04095@jnu.ac.kr,4,8
104096,더미학생04096,1,010-9040-4096,dummy04096@jnu.ac.kr,5,1
104097,더미학생04097,2,010-9040-4097,dummy04097@jnu.ac.kr,6,2
104098,더미학생04098,3,010-9040-4098,dummy04098@jnu.ac.kr,1,3
104099,더미학생04099,4,010-9040-4099,dummy04099@jnu.ac.kr,2,4
104100,더미학생04100,1,010-9041-4100,dummy04100@jnu.ac.kr,3,5
104101,더미학생04101,2,010-9041-4101,dummy04101@jnu.ac.kr,4,6
104102,더미학생04102,3,010-9041-4102,dummy04102@jnu.ac.kr,5,7
104103,더미학생04103,4,010-9041-4103,dummy04103@jnu.ac.kr,6,8
104104,더미학생04104,1,010-9041-4104,dummy04104@jnu.ac.kr,1,1
104105,더미학생04105,2,010-9041-4105,dummy04105@jnu.ac.kr,2,2
104106,더미학생04106,3,010-9041-4106,dummy04106@jnu.ac.kr,3,3
104107,더미학생04107,4,010-9041-4107,dummy04107@jnu.ac.kr,4,4
104108,더미학생04108,1,010-9041-4108,dummy04108@jnu.ac.kr,5,5
104109,더미학생04109,2,010-9041-4109,dummy04109@jnu.ac.kr,6,6
104110,더미학생04110,3,010-9041-4110,dummy04110@jnu.ac.kr,1,7
104111,더미학생04111,4,010-9041-4111,dummy04111@jnu.ac.kr,2,8
104112,더미학생04112,1,010-9041-4112,dummy04112@jnu.ac.kr,3,1
104113,더미학생04113,2,010-9041-4113,dummy04113@jnu.ac.kr,4,2
104114,더미학생04114,3,010-9041-4114,dummy04114@jnu.ac.kr,5,3
104115,더미학생04115,4,010-9041-4115,dummy04115@jnu.ac.kr,6,4
104116,더미학생04116,1,010-9041-4116,dummy04116@jnu.ac.kr,1,5
104117,더미학생04117,2,010-9041-4117,dummy04117@jnu.ac.kr,2,6
104118,더미학생04118,3,010-9041-4118,dummy04118@jnu.ac.kr,3,7
104119,더미학생04119,4,010-9041-4119,dummy04119@jnu.ac.kr,4,8
104120,더미학생04120,1,010-9041-4120,dummy04120@jnu.ac.kr,5,1
104121,더미학생04121,2,010-9041-4121,dummy04121@jnu.ac.kr,6,2
104122,더미학생04122,3,010-9041-4122,dummy04122@jnu.ac.kr,1,3
104123,더미학생04123,4,010-9041-4123,dummy04123@jnu.ac.kr,2,4
104124,더미학생04124,1,010-9041-4124,dummy04124@jnu.ac.kr,3,5
104125,더미학생04125,2,010-9041-4125,dummy04125@jnu.ac.kr,4,6
104126,더미학생04126,3,010-9041-4126,dummy04126@jnu.ac.kr,5,7
104127,더미학생04127,4,010-9041-4127,dummy04127@jnu.ac.kr,6,8
104128,더미학생04128,1,010-9041-4128,dummy04128@jnu.ac.kr,1,1
104129,더미학생04129,2,010-9041-4129,dummy04129@jnu.ac.kr,2,2
104130,더미학생04130,3,010-9041-4130,dummy04130@jnu.ac.kr,3,3
104131,더미학생04131,4,010-9041-4131,dummy04131@jnu.ac.kr,4,4
104132,더미학생04132,1,010-9041-4132,dummy04132@jnu.ac.kr,5,5
104133,더미학생04133,2,010-9041-4133,dummy04133@jnu.ac.kr,6,6
104134,더미학생04134,3,010-9041-4134,dummy04134@jnu.ac.kr,1,7
104135,더미학생04135,4,010-9041-4135,dummy04135@jnu.ac.kr,2,8
104136,더미학생04136,1,010-9041-4136,dummy04136@jnu.ac.kr,3,1
104137,더미학생04137,2,010-9041-4137,dummy04137@jnu.ac.kr,4,2
104138,더미학생04138,3,010-9041-4138,dummy04138@jnu.ac.kr,5,3
104139,더미학생04139,4,010-9041-4139,dummy04139@jnu.ac.kr,6,4
104140,더미학생04140,1,010-9041-4140,dummy04140@jnu.ac.kr,1,5
104141,더미학생04141,2,010-9041-4141,dummy04141@jnu.ac.kr,2,6
104142,더미학생04142,3,010-9041-4142,dummy04142@jnu.ac.kr,3,7
104143,더미학생04143,4,010-9041-4143,dummy04143@jnu.ac.kr,4,8
104144,더미학생04144,1,010-9041-4144,dummy04144@jnu.ac.kr,5,1
104145,더미학생04145,2,010-9041-4145,dummy04145@jnu.ac.kr,6,2
104146,더미학생04146,3,010-9041-4146,dummy04146@jnu.ac.kr,1,3
104147,더미학생04147,4,010-9041-4147,dummy04147@jnu.ac.kr,2,4
104148,더미학생04148,1,010-9041-4148,dummy04148@jnu.ac.kr,3,5
104149,더미학생04149,2,010-9041-4149,dummy04149@jnu.ac.kr,4,6
104150,더미학생04150,3,010-9041-4150,dummy04150@jnu.ac.kr,5,7
104151,더미학생04151,4,010-9041-4151,dummy04151@jnu.ac.kr,6,8
104152,더미학생04152,1,010-9041-4152,dummy04152@jnu.ac.kr,1,1
104153,더미학생04153,2,010-9041-4153,dummy04153@jnu.ac.kr,2,2
104154,더미학생04154,3,010-9041-4154,dummy04154@jnu.ac.kr,3,3
104155,더미학생04155,4,010-9041-4155,dummy04155@jnu.ac.kr,4,4
104156,더미학생04156,1,010-9041-4156,dummy04156@jnu.ac.kr,5,5
104157,더미학생04157,2,010-9041-4157,dummy04157@jnu.ac.kr,6,6
104158,더미학생04158,3,010-9041-4158,dummy04158@jnu.ac.kr,1,7
104159,더미학생04159,4,010-9041-4159,dummy04159@jnu.ac.kr,2,8
104160,더미학생04160,1,010-9041-4160,dummy04160@jnu.ac.kr,3,1
104161,더미학생04161,2,010-9041-4161,dummy04161@jnu.ac.kr,4,2
104162,더미학생04162,3,010-9041-4162,dummy04162@jnu.ac.kr,5,3
104163,더미학생04163,4,010-9041-4163,dummy04163@jnu.ac.kr,6,4
104164,더미학생04164,1,010-9041-4164,dummy04164@jnu.ac.kr,1,5
104165,더미학생04165,2,010-9041-4165,dummy04165@jnu.ac.kr,2,6
104166,더미학생04166,3,010-9041-4166,dummy04166@jnu.ac.kr,3,7
104167,더미학생04167,4,010-9041-4167,dummy04167@jnu.ac.kr,4,8
104168,더미학생04168,1,010-9041-4168,dummy04168@jnu.ac.kr,5,1
104169,더미학생04169,2,010-9041-4169,dummy04169@jnu.ac.kr,6,2
104170,더미학생04170,3,010-9041-4170,dummy04170@jnu.ac.kr,1,3
104171,더미학생04171,4,010-9041-4171,dummy04171@jnu.ac.kr,2,4
104172,더미학생04172,1,010-9041-4172,dummy04172@jnu.ac.kr,3,5
104173,더미학생04173,2,010-9041-4173,dummy04173@jnu.ac.kr,4,6
104174,더미학생04174,3,010-9041-4174,dummy04174@jnu.ac.kr,5,7
104175,더미학생04175,4,010-9041-4175,dummy04175@jnu.ac.kr,6,8
104176,더미학생04176,1,010-9041-4176,dummy04176@jnu.ac.kr,1,1
104177,더미학생04177,2,010-9041-4177,dummy04177@jnu.ac.kr,2,2
104178,더미학생04178,3,010-9041-4178,dummy04178@jnu.ac.kr,3,3
104179,더미학생04179,4,010-9041-4179,dummy04179@jnu.ac.kr,4,4
104180,더미학생04180,1,010-9041-4180,dummy04180@jnu.ac.kr,5,5
104181,더미학생04181,2,010-9041-4181,dummy04181@jnu.ac.kr,6,6
104182,더미학생04182,3,010-9041-4182,dummy04182@jnu.ac.kr,1,7
104183,더미학생04183,4,010-9041-4183,dummy04183@jnu.ac.kr,2,8
104184,더미학생04184,1,010-9041-4184,dummy04184@jnu.ac.kr,3,1
104185,더미학생04185,2,010-9041-4185,dummy04185@jnu.ac.kr,4,2
104186,더미학생04186,3,010-9041-4186,dummy04186@jnu.ac.kr,5,3
104187,더미학생04187,4,010-9041-4187,dummy04187@jnu.ac.kr,6,4
104188,더미학생04188,1,010-9041-4188,dummy04188@jnu.ac.kr,1,5
104189,더미학생04189,2,010-9041-4189,dummy04189@jnu.ac.kr,2,6
104190,더미학생04190,3,010-9041-4190,dummy04190@jnu.ac.kr,3,7
104191,더미학생04191,4,010-9041-4191,dummy04191@jnu.ac.kr,4,8
104192,더미학생04192,1,010-9041-4192,dummy04192@jnu.ac.kr,5,1
104193,더미학생04193,2,010-9041-4193,dummy04193@jnu.ac.kr,6,2
104194,더미학생04194,3,010-9041-4194,dummy04194@jnu.ac.kr,1,3
104195,더미학생04195,4,010-9041-4195,dummy04195@jnu.ac.kr,2,4
104196,더미학생04196,1,010-9041-4196,dummy04196@jnu.ac.kr,3,5
104197,더미학생04197,2,010-9041-4197,dummy04197@jnu.ac.kr,4,6
104198,더미학생04198,3,010-9041-4198,dummy04198@jnu.ac.kr,5,7
104199,더미학생04199,4,010-9041-4199,dummy04199@jnu.ac.kr,6,8
104200,더미학생04200,1,010-9042-4200,dummy04200@jnu.ac.kr,1,1
104201,더미학생04201,2,010-9042-4201,dummy04201@jnu.ac.kr,2,2
104202,더미학생04202,3,010-9042-4202,dummy04202@jnu.ac.kr,3,3
104203,더미학생04203,4,010-9042-4203,dummy04203@jnu.ac.kr,4,4
104204,더미학생04204,1,010-9042-4204,dummy04204@jnu.ac.kr,5,5
104205,더미학생04205,2,010-9042-4205,dummy04205@jnu.ac.kr,6,6
104206,더미학생04206,3,010-9042-4206,dummy04206@jnu.ac.kr,1,7
104207,더미학생04207,4,010-9042-4207,dummy04207@jnu.ac.kr,2,8
104208,더미학생04208,1,010-9042-4208,dummy04208@jnu.ac.kr,3,1
104209,더미학생04209,2,010-9042-4209,dummy04209@jnu.ac.kr,4,2
104210,더미학생04210,3,010-9042-4210,dummy04210@jnu.ac.kr,5,3
104211,더미학생04211,4,010-9042-4211,dummy04211@jnu.ac.kr,6,4
104212,더미학생04212,1,010-9042-4212,dummy04212@jnu.ac.kr,1,5
104213,더미학생04213,2,010-9042-4213,dummy04213@jnu.ac.kr,2,6
104214,더미학생04214,3,010-9042-4214,dummy04214@jnu.ac.kr,3,7
104215,더미학생04215,4,010-9042-4215,dummy04215@jnu.ac.kr,4,8
104216,더미학생04216,1,010-9042-4216,dummy04216@jnu.ac.kr,5,1
104217,더미학생04217,2,010-9042-4217,dummy04217@jnu.ac.kr,6,2
104218,더미학생04218,3,010-9042-4218,dummy04218@jnu.ac.kr,1,3
104219,더미학생04219,4,010-9042-4219,dummy04219@jnu.ac.kr,2,4
104220,더미학생04220,1,010-9042-4220,dummy04220@jnu.ac.kr,3,5
104221,더미학생04221,2,010-9042-4221,dummy04221@jnu.ac.kr,4,6
104222,더미학생04222,3,010-9042-4222,dummy04222@jnu.ac.kr,5,7
104223,더미학생04223,4,010-9042-4223,dummy04223@jnu.ac.kr,6,8
104224,더미학생04224,1,010-9042-4224,dummy04224@jnu.ac.kr,1,1
104225,더미학생04225,2,010-9042-4225,dummy04225@jnu.ac.kr,2,2
104226,더미학생04226,3,010-9042-4226,dummy04226@jnu.ac.kr,3,3
104227,더미학생04227,4,010-9042-4227,dummy04227@jnu.ac.kr,4,4
104228,더미학생04228,1,010-9042-4228,dummy04228@jnu.ac.kr,5,5
104229,더미학생04229,2,010-9042-4229,dummy04229@jnu.ac.kr,6,6
104230,더미학생04230,3,010-9042-4230,dummy04230@jnu.ac.kr,1,7
104231,더미학생04231,4,010-9042-4231,dummy04231@jnu.ac.kr,2,8
104232,더미학생04232,1,010-9042-4232,dummy04232@jnu.ac.kr,3,1
104233,더미학생04233,2,010-9042-4233,dummy04233@jnu.ac.kr,4,2
104234,더미학생04234,3,010-9042-4234,dummy04234@jnu.ac.kr,5,3
104235,더미학생04235,4,010-9042-4235,dummy04235@jnu.ac.kr,6,4
104236,더미학생04236,1,010-9042-4236,dummy04236@jnu.ac.kr,1,5
104237,더미학생04237,2,010-9042-4237,dummy04237@jnu.ac.kr,2,6
104238,더미학생04238,3,010-9042-4238,dummy04238@jnu.ac.kr,3,7
104239,더미학생04239,4,010-9042-4239,dummy04239@jnu.ac.kr,4,8
104240,더미학생04240,1,010-9042-4240,dummy04240@jnu.ac.kr,5,1
104241,더미학생04241,2,010-9042-4241,dummy04241@jnu.ac.kr,6,2
104242,더미학생04242,3,010-9042-4242,dummy04242@jnu.ac.kr,1,3
104243,더미학생04243,4,010-9042-4243,dummy04243@jnu.ac.kr,2,4
104244,더미학생04244,1,010-9042-4244,dummy04244@jnu.ac.kr,3,5
104245,더미학생04245,2,010-9042-4245,dummy04245@jnu.ac.kr,4,6
104246,더미학생04246,3,010-9042-4246,dummy04246@jnu.ac.kr,5,7
104247,더미학생04247,4,010-9042-4247,dummy04247@jnu.ac.kr,6,8
104248,더미학생04248,1,010-9042-4248,dummy04248@jnu.ac.kr,1,1
104249,더미학생04249,2,010-9042-4249,dummy04249@jnu.ac.kr,2,2
104250,더미학생04250,3,010-9042-4250,dummy04250@jnu.ac.kr,3,3
104251,더미학생04251,4,010-9042-4251,dummy04251@jnu.ac.kr,4,4
104252,더미학생04252,1,010-9042-4252,dummy04252@jnu.ac.kr,5,5
104253,더미학생04253,2,010-9042-4253,dummy04253@jnu.ac.kr,6,6
104254,더미학생04254,3,010-9042-4254,dummy04254@jnu.ac.kr,1,7
104255,더미학생04255,4,010-9042-4255,dummy04255@jnu.ac.kr,2,8
104256,더미학생04256,1,010-9042-4256,dummy04256@jnu.ac.kr,3,1
104257,더미학생04257,2,010-9042-4257,dummy04257@jnu.ac.kr,4,2
104258,더미학생04258,3,010-9042-4258,dummy04258@jnu.ac.kr,5,3
104259,더미학생04259,4,010-9042-4259,dummy04259@jnu.ac.kr,6,4
104260,더미학생04260,1,010-9042-4260,dummy04260@jnu.ac.kr,1,5
104261,더미학생04261,2,010-9042-4261,dummy04261@jnu.ac.kr,2,6
104262,더미학생04262,3,010-9042-4262,dummy04262@jnu.ac.kr,3,7
104263,더미학생04263,4,010-9042-4263,dummy04263@jnu.ac.kr,4,8
104264,더미학생04264,1,010-9042-4264,dummy04264@jnu.ac.kr,5,1
104265,더미학생04265,2,010-9042-4265,dummy04265@jnu.ac.kr,6,2
104266,더미학생04266,3,010-9042-4266,dummy04266@jnu.ac.kr,1,3
104267,더미학생04267,4,010-9042-4267,dummy04267@jnu.ac.kr,2,4
104268,더미학생04268,1,010-9042-4268,dummy04268@jnu.ac.kr,3,5
104269,더미학생04269,2,010-9042-4269,dummy04269@jnu.ac.kr,4,6
104270,더미학생04270,3,010-9042-4270,dummy04270@jnu.ac.kr,5,7
104271,더미학생04271,4,010-9042-4271,dummy04271@jnu.ac.kr,6,8
104272,더미학생04272,1,010-9042-4272,dummy04272@jnu.ac.kr,1,1
104273,더미학생04273,2,010-9042-4273,dummy04273@jnu.ac.kr,2,2
104274,더미학생04274,3,010-9042-4274,dummy04274@jnu.ac.kr,3,3
104275,더미학생04275,4,010-9042-4275,dummy04275@jnu.ac.kr,4,4
104276,더미학생04276,1,010-9042-4276,dummy04276@jnu.ac.kr,5,5
104277,더미학생04277,2,010-9042-4277,dummy04277@jnu.ac.kr,6,6
104278,더미학생04278,3,010-9042-4278,dummy04278@jnu.ac.kr,1,7
104279,더미학생04279,4,010-9042-4279,dummy04279@jnu.ac.kr,2,8
104280,더미학생04280,1,010-9042-4280,dummy04280@jnu.ac.kr,3,1
104281,더미학생04281,2,010-9042-4281,dummy04281@jnu.ac.kr,4,2
104282,더미학생04282,3,010-9042-4282,dummy04282@jnu.ac.kr,5,3
104283,더미학생04283,4,010-9042-4283,dummy04283@jnu.ac.kr,6,4
104284,더미학생04284,1,010-9042-4284,dummy04284@jnu.ac.kr,1,5
104285,더미학생04285,2,010-9042-4285,dummy04285@jnu.ac.kr,2,6
104286,더미학생04286,3,010-9042-4286,dummy04286@jnu.ac.kr,3,7
104287,더미학생04287,4,010-9042-4287,dummy04287@jnu.ac.kr,4,8
104288,더미학생04288,1,010-9042-4288,dummy04288@jnu.ac.kr,5,1
104289,더미학생04289,2,010-9042-4289,dummy04289@jnu.ac.kr,6,2
104290,더미학생04290,3,010-9042-4290,dummy04290@jnu.ac.kr,1,3
104291,더미학생04291,4,010-9042-4291,dummy04291@jnu.ac.kr,2,4
104292,더미학생04292,1,010-9042-4292,dummy04292@jnu.ac.kr,3,5
104293,더미학생04293,2,010-9042-4293,dummy04293@jnu.ac.kr,4,6
104294,더미학생04294,3,010-9042-4294,dummy04294@jnu.ac.kr,5,7
104295,더미학생04295,4,010-9042-4295,dummy04295@jnu.ac.kr,6,8
104296,더미학생04296,1,010-9042-4296,dummy04296@jnu.ac.kr,1,1
104297,더미학생04297,2,010-9042-4297,dummy04297@jnu.ac.kr,2,2
104298,더미학생04298,3,010-9042-4298,dummy04298@jnu.ac.kr,3,3
104299,더미학생04299,4,010-9042-4299,dummy04299@jnu.ac.kr,4,4
104300,더미학생04300,1,010-9043-4300,dummy04300@jnu.ac.kr,5,5
104301,더미학생04301,2,010-9043-4301,dummy04301@jnu.ac.kr,6,6
104302,더미학생04302,3,010-9043-4302,dummy04302@jnu.ac.kr,1,7
104303,더미학생04303,4,010-9043-4303,dummy04303@jnu.ac.kr,2,8
104304,더미학생04304,1,010-9043-4304,dummy04304@jnu.ac.kr,3,1
104305,더미학생04305,2,010-9043-4305,dummy04305@jnu.ac.kr,4,2
104306,더미학생04306,3,010-9043-4306,dummy04306@jnu.ac.kr,5,3
104307,더미학생04307,4,010-9043-4307,dummy04307@jnu.ac.kr,6,4
104308,더미학생04308,1,010-9043-4308,dummy04308@jnu.ac.kr,1,5
104309,더미학생04309,2,010-9043-4309,dummy04309@jnu.ac.kr,2,6
104310,더미학생04310,3,010-9043-4310,dummy04310@jnu.ac.kr,3,7
104311,더미학생04311,4,010-9043-4311,dummy04311@jnu.ac.kr,4,8
104312,더미학생04312,1,010-9043-4312,dummy04312@jnu.ac.kr,5,1
104313,더미학생04313,2,010-9043-4313,dummy04313@jnu.ac.kr,6,2
104314,더미학생04314,3,010-9043-4314,dummy04314@jnu.ac.kr,1,3
104315,더미학생04315,4,010-9043-4315,dummy04315@jnu.ac.kr,2,4
104316,더미학생04316,1,010-9043-4316,dummy04316@jnu.ac.kr,3,5
104317,더미학생04317,2,010-9043-4317,dummy04317@jnu.ac.kr,4,6
104318,더미학생04318,3,010-9043-4318,dummy04318@jnu.ac.kr,5,7
104319,더미학생04319,4,010-9043-4319,dummy04319@jnu.ac.kr,6,8
104320,더미학생04320,1,010-9043-4320,dummy04320@jnu.ac.kr,1,1
104321,더미학생04321,2,010-9043-4321,dummy04321@jnu.ac.kr,2,2
104322,더미학생04322,3,010-9043-4322,dummy04322@jnu.ac.kr,3,3
104323,더미학생04323,4,010-9043-4323,dummy04323@jnu.ac.kr,4,4
104324,더미학생04324,1,010-9043-4324,dummy04324@jnu.ac.kr,5,5
104325,더미학생04325,2,010-9043-4325,dummy04325@jnu.ac.kr,6,6
104326,더미학생04326,3,010-9043-4326,dummy04326@jnu.ac.kr,1,7
104327,더미학생04327,4,010-9043-4327,dummy04327@jnu.ac.kr,2,8
104328,더미학생04328,1,010-9043-4328,dummy04328@jnu.ac.kr,3,1
104329,더미학생04329,2,010-9043-4329,dummy04329@jnu.ac.kr,4,2
104330,더미학생04330,3,010-9043-4330,dummy04330@jnu.ac.kr,5,3
104331,더미학생04331,4,010-9043-4331,dummy04331@jnu.ac.kr,6,4
104332,더미학생04332,1,010-9043-4332,dummy04332@jnu.ac.kr,1,5
104333,더미학생04333,2,010-9043-4333,dummy04333@jnu.ac.kr,2,6
104334,더미학생04334,3,010-9043-4334,dummy04334@jnu.ac.kr,3,7
104335,더미학생04335,4,010-9043-4335,dummy04335@jnu.ac.kr,4,8
104336,더미학생04336,1,010-9043-4336,dummy04336@jnu.ac.kr,5,1
104337,더미학생04337,2,010-9043-4337,dummy04337@jnu.ac.kr,6,2
104338,더미학생04338,3,010-9043-4338,dummy04338@jnu.ac.kr,1,3
104339,더미학생04339,4,010-9043-4339,dummy04339@jnu.ac.kr,2,4
104340,더미학생04340,1,010-9043-4340,dummy04340@jnu.ac.kr,3,5
104341,더미학생04341,2,010-9043-4341,dummy04341@jnu.ac.kr,4,6
104342,더미학생04342,3,010-9043-4342,dummy04342@jnu.ac.kr,5,7
104343,더미학생04343,4,010-9043-4343,dummy04343@jnu.ac.kr,6,8
104344,더미학생04344,1,010-9043-4344,dummy04344@jnu.ac.kr,1,1
104345,더미학생04345,2,010-9043-4345,dummy04345@jnu.ac.kr,2,2
104346,더미학생04346,3,010-9043-4346,dummy04346@jnu.ac.kr,3,3
104347,더미학생04347,4,010-9043-4347,dummy04347@jnu.ac.kr,4,4
104348,더미학생04348,1,010-9043-4348,dummy04348@jnu.ac.kr,5,5
104349,더미학생04349,2,010-9043-4349,dummy04349@jnu.ac.kr,6,6
104350,더미학생04350,3,010-9043-4350,dummy04350@jnu.ac.kr,1,7
104351,더미학생04351,4,010-9043-4351,dummy04351@jnu.ac.kr,2,8
104352,더미학생04352,1,010-9043-4352,dummy04352@jnu.ac.kr,3,1
104353,더미학생04353,2,010-9043-4353,dummy04353@jnu.ac.kr,4,2
104354,더미학생04354,3,010-9043-4354,dummy04354@jnu.ac.kr,5,3
104355,더미학생04355,4,010-9043-4355,dummy04355@jnu.ac.kr,6,4
104356,더미학생04356,1,010-9043-4356,dummy04356@jnu.ac.kr,1,5
104357,더미학생04357,2,010-9043-4357,dummy04357@jnu.ac.kr,2,6
104358,더미학생04358,3,010-9043-4358,dummy04358@jnu.ac.kr,3,7
104359,더미학생04359,4,010-9043-4359,dummy04359@jnu.ac.kr,4,8
104360,더미학생04360,1,010-9043-4360,dummy04360@jnu.ac.kr,5,1
104361,더미학생04361,2,010-9043-4361,dummy04361@jnu.ac.kr,6,2
104362,더미학생04362,3,010-9043-4362,dummy04362@jnu.ac.kr,1,3
104363,더미학생04363,4,010-9043-4363,dummy04363@jnu.ac.kr,2,4
104364,더미학생04364,1,010-9043-4364,dummy04364@jnu.ac.kr,3,5
104365,더미학생04365,2,010-9043-4365,dummy04365@jnu.ac.kr,4,6
104366,더미학생04366,3,010-9043-4366,dummy04366@jnu.ac.kr,5,7
104367,더미학생04367,4,010-9043-4367,dummy04367@jnu.ac.kr,6,8
104368,더미학생04368,1,010-9043-4368,dummy04368@jnu.ac.kr,1,1
104369,더미학생04369,2,010-9043-4369,dummy04369@jnu.ac.kr,2,2
104370,더미학생04370,3,010-9043-4370,dummy04370@jnu.ac.kr,3,3
104371,더미학생04371,4,010-9043-4371,dummy04371@jnu.ac.kr,4,4
104372,더미학생04372,1,010-9043-4372,dummy04372@jnu.ac.kr,5,5
104373,더미학생04373,2,010-9043-4373,dummy04373@jnu.ac.kr,6,6
104374,더미학생04374,3,010-9043-4374,dummy04374@jnu.ac.kr,1,7
104375,더미학생04375,4,010-9043-4375,dummy04375@jnu.ac.kr,2,8
104376,더미학생04376,1,010-9043-4376,dummy04376@jnu.ac.kr,3,1
104377,더미학생04377,2,010-9043-4377,dummy04377@jnu.ac.kr,4,2
104378,더미학생04378,3,010-9043-4378,dummy04378@jnu.ac.kr,5,3
104379,더미학생04379,4,010-9043-4379,dummy04379@jnu.ac.kr,6,4
104380,더미학생04380,1,010-9043-4380,dummy04380@jnu.ac.kr,1,5
104381,더미학생04381,2,010-9043-4381,dummy04381@jnu.ac.kr,2,6
104382,더미학생04382,3,010-9043-4382,dummy04382@jnu.ac.kr,3,7
104383,더미학생04383,4,010-9043-4383,dummy04383@jnu.ac.kr,4,8
104384,더미학생04384,1,010-9043-4384,dummy04384@jnu.ac.kr,5,1
104385,더미학생04385,2,010-9043-4385,dummy04385@jnu.ac.kr,6,2
104386,더미학생04386,3,010-9043-4386,dummy04386@jnu.ac.kr,1,3
104387,더미학생04387,4,010-9043-4387,dummy04387@jnu.ac.kr,2,4
104388,더미학생04388,1,010-9043-4388,dummy04388@jnu.ac.kr,3,5
104389,더미학생04389,2,010-9043-4389,dummy04389@jnu.ac.kr,4,6
104390,더미학생04390,3,010-9043-4390,dummy04390@jnu.ac.kr,5,7
104391,더미학생04391,4,010-9043-4391,dummy04391@jnu.ac.kr,6,8
104392,더미학생04392,1,010-9043-4392,dummy04392@jnu.ac.kr,1,1
104393,더미학생04393,2,010-9043-4393,dummy04393@jnu.ac.kr,2,2
104394,더미학생04394,3,010-9043-4394,dummy04394@jnu.ac.kr,3,3
104395,더미학생04395,4,010-9043-4395,dummy04395@jnu.ac.kr,4,4
104396,더미학생04396,1,010-9043-4396,dummy04396@jnu.ac.kr,5,5
104397,더미학생04397,2,010-9043-4397,dummy04397@jnu.ac.kr,6,6
104398,더미학생04398,3,010-9043-4398,dummy04398@jnu.ac.kr,1,7
104399,더미학생04399,4,010-9043-4399,dummy04399@jnu.ac.kr,2,8
104400,더미학생04400,1,010-9044-4400,dummy04400@jnu.ac.kr,3,1
104401,더미학생04401,2,010-9044-4401,dummy04401@jnu.ac.kr,4,2
104402,더미학생04402,3,010-9044-4402,dummy04402@jnu.ac.kr,5,3
104403,더미학생04403,4,010-9044-4403,dummy04403@jnu.ac.kr,6,4
104404,더미학생04404,1,010-9044-4404,dummy04404@jnu.ac.kr,1,5
104405,더미학생04405,2,010-9044-4405,dummy04405@jnu.ac.kr,2,6
104406,더미학생04406,3,010-9044-4406,dummy04406@jnu.ac.kr,3,7
104407,더미학생04407,4,010-9044-4407,dummy04407@jnu.ac.kr,4,8
104408,더미학생04408,1,010-9044-4408,dummy04408@jnu.ac.kr,5,1
104409,더미학생04409,2,010-9044-4409,dummy04409@jnu.ac.kr,6,2
104410,더미학생04410,3,010-9044-4410,dummy04410@jnu.ac.kr,1,3
104411,더미학생04411,4,010-9044-4411,dummy04411@jnu.ac.kr,2,4
104412,더미학생04412,1,010-9044-4412,dummy04412@jnu.ac.kr,3,5
104413,더미학생04413,2,010-9044-4413,dummy04413@jnu.ac.kr,4,6
104414,더미학생04414,3,010-9044-4414,dummy04414@jnu.ac.kr,5,7
104415,더미학생04415,4,010-9044-4415,dummy04415@jnu.ac.kr,6,8
104416,더미학생04416,1,010-9044-4416,dummy04416@jnu.ac.kr,1,1
104417,더미학생04417,2,010-9044-4417,dummy04417@jnu.ac.kr,2,2
104418,더미학생04418,3,010-9044-4418,dummy04418@jnu.ac.kr,3,3
104419,더미학생04419,4,010-9044-4419,dummy04419@jnu.ac.kr,4,4
104420,더미학생04420,1,010-9044-4420,dummy04420@jnu.ac.kr,5,5
104421,더미학생04421,2,010-9044-4421,dummy04421@jnu.ac.kr,6,6
104422,더미학생04422,3,010-9044-4422,dummy04422@jnu.ac.kr,1,7
104423,더미학생04423,4,010-9044-4423,dummy04423@jnu.ac.kr,2,8
104424,더미학생04424,1,010-9044-4424,dummy04424@jnu.ac.kr,3,1
104425,더미학생04425,2,010-9044-4425,dummy04425@jnu.ac.kr,4,2
104426,더미학생04426,3,010-9044-4426,dummy04426@jnu.ac.kr,5,3
104427,더미학생04427,4,010-9044-4427,dummy04427@jnu.ac.kr,6,4
104428,더미학생04428,1,010-9044-4428,dummy04428@jnu.ac.kr,1,5
104429,더미학생04429,2,010-9044-4429,dummy04429@jnu.ac.kr,2,6
104430,더미학생04430,3,010-9044-4430,dummy04430@jnu.ac.kr,3,7
104431,더미학생04431,4,010-9044-4431,dummy04431@jnu.ac.kr,4,8
104432,더미학생04432,1,010-9044-4432,dummy04432@jnu.ac.kr,5,1
104433,더미학생04433,2,010-9044-4433,dummy04433@jnu.ac.kr,6,2
104434,더미학생04434,3,010-9044-4434,dummy04434@jnu.ac.kr,1,3
104435,더미학생04435,4,010-9044-4435,dummy04435@jnu.ac.kr,2,4
104436,더미학생04436,1,010-9044-4436,dummy04436@jnu.ac.kr,3,5
104437,더미학생04437,2,010-9044-4437,dummy04437@jnu.ac.kr,4,6
104438,더미학생04438,3,010-9044-4438,dummy04438@jnu.ac.kr,5,7
104439,더미학생04439,4,010-9044-4439,dummy04439@jnu.ac.kr,6,8
104440,더미학생04440,1,010-9044-4440,dummy04440@jnu.ac.kr,1,1
104441,더미학생04441,2,010-9044-4441,dummy04441@jnu.ac.kr,2,2
104442,더미학생04442,3,010-9044-4442,dummy04442@jnu.ac.kr,3,3
104443,더미학생04443,4,010-9044-4443,dummy04443@jnu.ac.kr,4,4
104444,더미학생04444,1,010-9044-4444,dummy04444@jnu.ac.kr,5,5
104445,더미학생04445,2,010-9044-4445,dummy04445@jnu.ac.kr,6,6
104446,더미학생04446,3,010-9044-4446,dummy04446@jnu.ac.kr,1,7
104447,더미학생04447,4,010-9044-4447,dummy04447@jnu.ac.kr,2,8
104448,더미학생04448,1,010-9044-4448,dummy04448@jnu.ac.kr,3,1
104449,더미학생04449,2,010-9044-4449,dummy04449@jnu.ac.kr,4,2
104450,더미학생04450,3,010-9044-4450,dummy04450@jnu.ac.kr,5,3
104451,더미학생04451,4,010-9044-4451,dummy04451@jnu.ac.kr,6,4
104452,더미학생04452,1,010-9044-4452,dummy04452@jnu.ac.kr,1,5
104453,더미학생04453,2,010-9044-4453,dummy04453@jnu.ac.kr,2,6
104454,더미학생04454,3,010-9044-4454,dummy04454@jnu.ac.kr,3,7
104455,더미학생04455,4,010-9044-4455,dummy04455@jnu.ac.kr,4,8
104456,더미학생04456,1,010-9044-4456,dummy04456@jnu.ac.kr,5,1
104457,더미학생04457,2,010-9044-4457,dummy04457@jnu.ac.kr,6,2
104458,더미학생04458,3,010-9044-4458,dummy04458@jnu.ac.kr,1,3
104459,더미학생04459,4,010-9044-4459,dummy04459@jnu.ac.kr,2,4
104460,더미학생04460,1,010-9044-4460,dummy04460@jnu.ac.kr,3,5
104461,더미학생04461,2,010-9044-4461,dummy04461@jnu.ac.kr,4,6
104462,더미학생04462,3,010-9044-4462,dummy04462@jnu.ac.kr,5,7
104463,더미학생04463,4,010-9044-4463,dummy04463@jnu.ac.kr,6,8
104464,더미학생04464,1,010-9044-4464,dummy04464@jnu.ac.kr,1,1
104465,더미학생04465,2,010-9044-4465,dummy04465@jnu.ac.kr,2,2
104466,더미학생04466,3,010-9044-4466,dummy04466@jnu.ac.kr,3,3
104467,더미학생04467,4,010-9044-4467,dummy04467@jnu.ac.kr,4,4
104468,더미학생04468,1,010-9044-4468,dummy04468@jnu.ac.kr,5,5
104469,더미학생04469,2,010-9044-4469,dummy04469@jnu.ac.kr,6,6
104470,더미학생04470,3,010-9044-4470,dummy04470@jnu.ac.kr,1,7
104471,더미학생04471,4,010-9044-4471,dummy04471@jnu.ac.kr,2,8
104472,더미학생04472,1,010-9044-4472,dummy04472@jnu.ac.kr,3,1
104473,더미학생04473,2,010-9044-4473,dummy04473@jnu.ac.kr,4,2
104474,더미학생04474,3,010-9044-4474,dummy04474@jnu.ac.kr,5,3
104475,더미학생04475,4,010-9044-4475,dummy04475@jnu.ac.kr,6,4
104476,더미학생04476,1,010-9044-4476,dummy04476@jnu.ac.kr,1,5
104477,더미학생04477,2,010-9044-4477,dummy04477@jnu.ac.kr,2,6
104478,더미학생04478,3,010-9044-4478,dummy04478@jnu.ac.kr,3,7
104479,더미학생04479,4,010-9044-4479,dummy04479@jnu.ac.kr,4,8
104480,더미학생04480,1,010-9044-4480,dummy04480@jnu.ac.kr,5,1
104481,더미학생04481,2,010-9044-4481,dummy04481@jnu.ac.kr,6,2
104482,더미학생04482,3,010-9044-4482,dummy04482@jnu.ac.kr,1,3
104483,더미학생04483,4,010-9044-4483,dummy04483@jnu.ac.kr,2,4
104484,더미학생04484,1,010-9044-4484,dummy04484@jnu.ac.kr,3,5
104485,더미학생04485,2,010-9044-4485,dummy04485@jnu.ac.kr,4,6
104486,더미학생04486,3,010-9044-4486,dummy04486@jnu.ac.kr,5,7
104487,더미학생04487,4,010-9044-4487,dummy04487@jnu.ac.kr,6,8
104488,더미학생04488,1,010-9044-4488,dummy04488@jnu.ac.kr,1,1
104489,더미학생04489,2,010-9044-4489,dummy04489@jnu.ac.kr,2,2
104490,더미학생04490,3,010-9044-4490,dummy04490@jnu.ac.kr,3,3
104491,더미학생04491,4,010-9044-4491,dummy04491@jnu.ac.kr,4,4
104492,더미학생04492,1,010-9044-4492,dummy04492@jnu.ac.kr,5,5
104493,더미학생04493,2,010-9044-4493,dummy04493@jnu.ac.kr,6,6
104494,더미학생04494,3,010-9044-4494,dummy04494@jnu.ac.kr,1,7
104495,더미학생04495,4,010-9044-4495,dummy04495@jnu.ac.kr,2,8
104496,더미학생04496,1,010-9044-4496,dummy04496@jnu.ac.kr,3,1
104497,더미학생04497,2,010-9044-4497,dummy04497@jnu.ac.kr,4,2
104498,더미학생04498,3,010-9044-4498,dummy04498@jnu.ac.kr,5,3
104499,더미학생04499,4,010-9044-4499,dummy04499@jnu.ac.kr,6,4
104500,더미학생04500,1,010-9045-4500,dummy04500@jnu.ac.kr,1,5
104501,더미학생04501,2,010-9045-4501,dummy04501@jnu.ac.kr,2,6
104502,더미학생04502,3,010-9045-4502,dummy04502@jnu.ac.kr,3,7
104503,더미학생04503,4,010-9045-4503,dummy04503@jnu.ac.kr,4,8
104504,더미학생04504,1,010-9045-4504,dummy04504@jnu.ac.kr,5,1
104505,더미학생04505,2,010-9045-4505,dummy04505@jnu.ac.kr,6,2
104506,더미학생04506,3,010-9045-4506,dummy04506@jnu.ac.kr,1,3
104507,더미학생04507,4,010-9045-4507,dummy04507@jnu.ac.kr,2,4
104508,더미학생04508,1,010-9045-4508,dummy04508@jnu.ac.kr,3,5
104509,더미학생04509,2,010-9045-4509,dummy04509@jnu.ac.kr,4,6
104510,더미학생04510,3,010-9045-4510,dummy04510@jnu.ac.kr,5,7
104511,더미학생04511,4,010-9045-4511,dummy04511@jnu.ac.kr,6,8
104512,더미학생04512,1,010-9045-4512,dummy04512@jnu.ac.kr,1,1
104513,더미학생04513,2,010-9045-4513,dummy04513@jnu.ac.kr,2,2
104514,더미학생04514,3,010-9045-4514,dummy04514@jnu.ac.kr,3,3
104515,더미학생04515,4,010-9045-4515,dummy04515@jnu.ac.kr,4,4
104516,더미학생04516,1,010-9045-4516,dummy04516@jnu.ac.kr,5,5
104517,더미학생04517,2,010-9045-4517,dummy04517@jnu.ac.kr,6,6
104518,더미학생04518,3,010-9045-4518,dummy04518@jnu.ac.kr,1,7
104519,더미학생04519,4,010-9045-4519,dummy04519@jnu.ac.kr,2,8
104520,더미학생04520,1,010-9045-4520,dummy04520@jnu.ac.kr,3,1
104521,더미학생04521,2,010-9045-4521,dummy04521@jnu.ac.kr,4,2
104522,더미학생04522,3,010-9045-4522,dummy04522@jnu.ac.kr,5,3
104523,더미학생04523,4,010-9045-4523,dummy04523@jnu.ac.kr,6,4
104524,더미학생04524,1,010-9045-4524,dummy04524@jnu.ac.kr,1,5
104525,더미학생04525,2,010-9045-4525,dummy04525@jnu.ac.kr,2,6
104526,더미학생04526,3,010-9045-4526,dummy04526@jnu.ac.kr,3,7
104527,더미학생04527,4,010-9045-4527,dummy04527@jnu.ac.kr,4,8
104528,더미학생04528,1,010-9045-4528,dummy04528@jnu.ac.kr,5,1
104529,더미학생04529,2,010-9045-4529,dummy04529@jnu.ac.kr,6,2
104530,더미학생04530,3,010-9045-4530,dummy04530@jnu.ac.kr,1,3
104531,더미학생04531,4,010-9045-4531,dummy04531@jnu.ac.kr,2,4
104532,더미학생04532,1,010-9045-4532,dummy04532@jnu.ac.kr,3,5
104533,더미학생04533,2,010-9045-4533,dummy04533@jnu.ac.kr,4,6
104534,더미학생04534,3,010-9045-4534,dummy04534@jnu.ac.kr,5,7
104535,더미학생04535,4,010-9045-4535,dummy04535@jnu.ac.kr,6,8
104536,더미학생04536,1,010-9045-4536,dummy04536@jnu.ac.kr,1,1
104537,더미학생04537,2,010-9045-4537,dummy04537@jnu.ac.kr,2,2
104538,더미학생04538,3,010-9045-4538,dummy04538@jnu.ac.kr,3,3
104539,더미학생04539,4,010-9045-4539,dummy04539@jnu.ac.kr,4,4
104540,더미학생04540,1,010-9045-4540,dummy04540@jnu.ac.kr,5,5
104541,더미학생04541,2,010-9045-4541,dummy04541@jnu.ac.kr,6,6
104542,더미학생04542,3,010-9045-4542,dummy04542@jnu.ac.kr,1,7
104543,더미학생04543,4,010-9045-4543,dummy04543@jnu.ac.kr,2,8
104544,더미학생04544,1,010-9045-4544,dummy04544@jnu.ac.kr,3,1
104545,더미학생04545,2,010-9045-4545,dummy04545@jnu.ac.kr,4,2
104546,더미학생04546,3,010-9045-4546,dummy04546@jnu.ac.kr,5,3
104547,더미학생04547,4,010-9045-4547,dummy04547@jnu.ac.kr,6,4
104548,더미학생04548,1,010-9045-4548,dummy04548@jnu.ac.kr,1,5
104549,더미학생04549,2,010-9045-4549,dummy04549@jnu.ac.kr,2,6
104550,더미학생04550,3,010-9045-4550,dummy04550@jnu.ac.kr,3,7
104551,더미학생04551,4,010-9045-4551,dummy04551@jnu.ac.kr,4,8
104552,더미학생04552,1,010-9045-4552,dummy04552@jnu.ac.kr,5,1
104553,더미학생04553,2,010-9045-4553,dummy04553@jnu.ac.kr,6,2
104554,더미학생04554,3,010-9045-4554,dummy04554@jnu.ac.kr,1,3
104555,더미학생04555,4,010-9045-4555,dummy04555@jnu.ac.kr,2,4
104556,더미학생04556,1,010-9045-4556,dummy04556@jnu.ac.kr,3,5
104557,더미학생04557,2,010-9045-4557,dummy04557@jnu.ac.kr,4,6
104558,더미학생04558,3,010-9045-4558,dummy04558@jnu.ac.kr,5,7
104559,더미학생04559,4,010-9045-4559,dummy04559@jnu.ac.kr,6,8
104560,더미학생04560,1,010-9045-4560,dummy04560@jnu.ac.kr,1,1
104561,더미학생04561,2,010-9045-4561,dummy04561@jnu.ac.kr,2,2
104562,더미학생04562,3,010-9045-4562,dummy04562@jnu.ac.kr,3,3
104563,더미학생04563,4,010-9045-4563,dummy04563@jnu.ac.kr,4,4
104564,더미학생04564,1,010-9045-4564,dummy04564@jnu.ac.kr,5,5
104565,더미학생04565,2,010-9045-4565,dummy04565@jnu.ac.kr,6,6
104566,더미학생04566,3,010-9045-4566,dummy04566@jnu.ac.kr,1,7
104567,더미학생04567,4,010-9045-4567,dummy04567@jnu.ac.kr,2,8
104568,더미학생04568,1,010-9045-4568,dummy04568@jnu.ac.kr,3,1
104569,더미학생04569,2,010-9045-4569,dummy04569@jnu.ac.kr,4,2
104570,더미학생04570,3,010-9045-4570,dummy04570@jnu.ac.kr,5,3
104571,더미학생04571,4,010-9045-4571,dummy04571@jnu.ac.kr,6,4
104572,더미학생04572,1,010-9045-4572,dummy04572@jnu.ac.kr,1,5
104573,더미학생04573,2,010-9045-4573,dummy04573@jnu.ac.kr,2,6
104574,더미학생04574,3,010-9045-4574,dummy04574@jnu.ac.kr,3,7
104575,더미학생04575,4,010-9045-4575,dummy04575@jnu.ac.kr,4,8
104576,더미학생04576,1,010-9045-4576,dummy04576@jnu.ac.kr,5,1
104577,더미학생04577,2,010-9045-4577,dummy04577@jnu.ac.kr,6,2
104578,더미학생04578,3,010-9045-4578,dummy04578@jnu.ac.kr,1,3
104579,더미학생04579,4,010-9045-4579,dummy04579@jnu.ac.kr,2,4
104580,더미학생04580,1,010-9045-4580,dummy04580@jnu.ac.kr,3,5
104581,더미학생04581,2,010-9045-4581,dummy04581@jnu.ac.kr,4,6
104582,더미학생04582,3,010-9045-4582,dummy04582@jnu.ac.kr,5,7
104583,더미학생04583,4,010-9045-4583,dummy04583@jnu.ac.kr,6,8
104584,더미학생04584,1,010-9045-4584,dummy04584@jnu.ac.kr,1,1
104585,더미학생04585,2,010-9045-4585,dummy04585@jnu.ac.kr,2,2
104586,더미학생04586,3,010-9045-4586,dummy04586@jnu.ac.kr,3,3
104587,더미학생04587,4,010-9045-4587,dummy04587@jnu.ac.kr,4,4
104588,더미학생04588,1,010-9045-4588,dummy04588@jnu.ac.kr,5,5
104589,더미학생04589,2,010-9045-4589,dummy04589@jnu.ac.kr,6,6
104590,더미학생04590,3,010-9045-4590,dummy04590@jnu.ac.kr,1,7
104591,더미학생04591,4,010-9045-4591,dummy04591@jnu.ac.kr,2,8
104592,더미학생04592,1,010-9045-4592,dummy04592@jnu.ac.kr,3,1
104593,더미학생04593,2,010-9045-4593,dummy04593@jnu.ac.kr,4,2
104594,더미학생04594,3,010-9045-4594,dummy04594@jnu.ac.kr,5,3
104595,더미학생04595,4,010-9045-4595,dummy04595@jnu.ac.kr,6,4
104596,더미학생04596,1,010-9045-4596,dummy04596@jnu.ac.kr,1,5
104597,더미학생04597,2,010-9045-4597,dummy04597@jnu.ac.kr,2,6
104598,더미학생04598,3,010-9045-4598,dummy04598@jnu.ac.kr,3,7
104599,더미학생04599,4,010-9045-4599,dummy04599@jnu.ac.kr,4,8
104600,더미학생04600,1,010-9046-4600,dummy04600@jnu.ac.kr,5,1
104601,더미학생04601,2,010-9046-4601,dummy04601@jnu.ac.kr,6,2
104602,더미학생04602,3,010-9046-4602,dummy04602@jnu.ac.kr,1,3
104603,더미학생04603,4,010-9046-4603,dummy04603@jnu.ac.kr,2,4
104604,더미학생04604,1,010-9046-4604,dummy04604@jnu.ac.kr,3,5
104605,더미학생04605,2,010-9046-4605,dummy04605@jnu.ac.kr,4,6
104606,더미학생04606,3,010-9046-4606,dummy04606@jnu.ac.kr,5,7
104607,더미학생04607,4,010-9046-4607,dummy04607@jnu.ac.kr,6,8
104608,더미학생04608,1,010-9046-4608,dummy04608@jnu.ac.kr,1,1
104609,더미학생04609,2,010-9046-4609,dummy04609@jnu.ac.kr,2,2
104610,더미학생04610,3,010-9046-4610,dummy04610@jnu.ac.kr,3,3
104611,더미학생04611,4,010-9046-4611,dummy04611@jnu.ac.kr,4,4
104612,더미학생04612,1,010-9046-4612,dummy04612@jnu.ac.kr,5,5
104613,더미학생04613,2,010-9046-4613,dummy04613@jnu.ac.kr,6,6
104614,더미학생04614,3,010-9046-4614,dummy04614@jnu.ac.kr,1,7
104615,더미학생04615,4,010-9046-4615,dummy04615@jnu.ac.kr,2,8
104616,더미학생04616,1,010-9046-4616,dummy04616@jnu.ac.kr,3,1
104617,더미학생04617,2,010-9046-4617,dummy04617@jnu.ac.kr,4,2
104618,더미학생04618,3,010-9046-4618,dummy04618@jnu.ac.kr,5,3
104619,더미학생04619,4,010-9046-4619,dummy04619@jnu.ac.kr,6,4
104620,더미학생04620,1,010-9046-4620,dummy04620@jnu.ac.kr,1,5
104621,더미학생04621,2,010-9046-4621,dummy04621@jnu.ac.kr,2,6
104622,더미학생04622,3,010-9046-4622,dummy04622@jnu.ac.kr,3,7
104623,더미학생04623,4,010-9046-4623,dummy04623@jnu.ac.kr,4,8
104624,더미학생04624,1,010-9046-4624,dummy04624@jnu.ac.kr,5,1
104625,더미학생04625,2,010-9046-4625,dummy04625@jnu.ac.kr,6,2
104626,더미학생04626,3,010-9046-4626,dummy04626@jnu.ac.kr,1,3
104627,더미학생04627,4,010-9046-4627,dummy04627@jnu.ac.kr,2,4
104628,더미학생04628,1,010-9046-4628,dummy04628@jnu.ac.kr,3,5
104629,더미학생04629,2,010-9046-4629,dummy04629@jnu.ac.kr,4,6
104630,더미학생04630,3,010-9046-4630,dummy04630@jnu.ac.kr,5,7
104631,더미학생04631,4,010-9046-4631,dummy04631@jnu.ac.kr,6,8
104632,더미학생04632,1,010-9046-4632,dummy04632@jnu.ac.kr,1,1
104633,더미학생04633,2,010-9046-4633,dummy04633@jnu.ac.kr,2,2
104634,더미학생04634,3,010-9046-4634,dummy04634@jnu.ac.kr,3,3
104635,더미학생04635,4,010-9046-4635,dummy04635@jnu.ac.kr,4,4
104636,더미학생04636,1,010-9046-4636,dummy04636@jnu.ac.kr,5,5
104637,더미학생04637,2,010-9046-4637,dummy04637@jnu.ac.kr,6,6
104638,더미학생04638,3,010-9046-4638,dummy04638@jnu.ac.kr,1,7
104639,더미학생04639,4,010-9046-4639,dummy04639@jnu.ac.kr,2,8
104640,더미학생04640,1,010-9046-4640,dummy04640@jnu.ac.kr,3,1
104641,더미학생04641,2,010-9046-4641,dummy04641@jnu.ac.kr,4,2
104642,더미학생04642,3,010-9046-4642,dummy04642@jnu.ac.kr,5,3
104643,더미학생04643,4,010-9046-4643,dummy04643@jnu.ac.kr,6,4
104644,더미학생04644,1,010-9046-4644,dummy04644@jnu.ac.kr,1,5
104645,더미학생04645,2,010-9046-4645,dummy04645@jnu.ac.kr,2,6
104646,더미학생04646,3,010-9046-4646,dummy04646@jnu.ac.kr,3,7
104647,더미학생04647,4,010-9046-4647,dummy04647@jnu.ac.kr,4,8
104648,더미학생04648,1,010-9046-4648,dummy04648@jnu.ac.kr,5,1
104649,더미학생04649,2,010-9046-4649,dummy04649@jnu.ac.kr,6,2
104650,더미학생04650,3,010-9046-4650,dummy04650@jnu.ac.kr,1,3
104651,더미학생04651,4,010-9046-4651,dummy04651@jnu.ac.kr,2,4
104652,더미학생04652,1,010-9046-4652,dummy04652@jnu.ac.kr,3,5
104653,더미학생04653,2,010-9046-4653,dummy04653@jnu.ac.kr,4,6
104654,더미학생04654,3,010-9046-4654,dummy04654@jnu.ac.kr,5,7
104655,더미학생04655,4,010-9046-4655,dummy04655@jnu.ac.kr,6,8
104656,더미학생04656,1,010-9046-4656,dummy04656@jnu.ac.kr,1,1
104657,더미학생04657,2,010-9046-4657,dummy04657@jnu.ac.kr,2,2
104658,더미학생04658,3,010-9046-4658,dummy04658@jnu.ac.kr,3,3
104659,더미학생04659,4,010-9046-4659,dummy04659@jnu.ac.kr,4,4
104660,더미학생04660,1,010-9046-4660,dummy04660@jnu.ac.kr,5,5
104661,더미학생04661,2,010-9046-4661,dummy04661@jnu.ac.kr,6,6
104662,더미학생04662,3,010-9046-4662,dummy04662@jnu.ac.kr,1,7
104663,더미학생04663,4,010-9046-4663,dummy04663@jnu.ac.kr,2,8
104664,더미학생04664,1,010-9046-4664,dummy04664@jnu.ac.kr,3,1
104665,더미학생04665,2,010-9046-4665,dummy04665@jnu.ac.kr,4,2
104666,더미학생04666,3,010-9046-4666,dummy04666@jnu.ac.kr,5,3
104667,더미학생04667,4,010-9046-4667,dummy04667@jnu.ac.kr,6,4
104668,더미학생04668,1,010-9046-4668,dummy04668@jnu.ac.kr,1,5
104669,더미학생04669,2,010-9046-4669,dummy04669@jnu.ac.kr,2,6
104670,더미학생04670,3,010-9046-4670,dummy04670@jnu.ac.kr,3,7
104671,더미학생04671,4,010-9046-4671,dummy04671@jnu.ac.kr,4,8
104672,더미학생04672,1,010-9046-4672,dummy04672@jnu.ac.kr,5,1
104673,더미학생04673,2,010-9046-4673,dummy04673@jnu.ac.kr,6,2
104674,더미학생04674,3,010-9046-4674,dummy04674@jnu.ac.kr,1,3
104675,더미학생04675,4,010-9046-4675,dummy04675@jnu.ac.kr,2,4
104676,더미학생04676,1,010-9046-4676,dummy04676@jnu.ac.kr,3,5
104677,더미학생04677,2,010-9046-4677,dummy04677@jnu.ac.kr,4,6
104678,더미학생04678,3,010-9046-4678,dummy04678@jnu.ac.kr,5,7
104679,더미학생04679,4,010-9046-4679,dummy04679@jnu.ac.kr,6,8
104680,더미학생04680,1,010-9046-4680,dummy04680@jnu.ac.kr,1,1
104681,더미학생04681,2,010-9046-4681,dummy04681@jnu.ac.kr,2,2
104682,더미학생04682,3,010-9046-4682,dummy04682@jnu.ac.kr,3,3
104683,더미학생04683,4,010-9046-4683,dummy04683@jnu.ac.kr,4,4
104684,더미학생04684,1,010-9046-4684,dummy04684@jnu.ac.kr,5,5
104685,더미학생04685,2,010-9046-4685,dummy04685@jnu.ac.kr,6,6
104686,더미학생04686,3,010-9046-4686,dummy04686@jnu.ac.kr,1,7
104687,더미학생04687,4,010-9046-4687,dummy04687@jnu.ac.kr,2,8
104688,더미학생04688,1,010-9046-4688,dummy04688@jnu.ac.kr,3,1
104689,더미학생04689,2,010-9046-4689,dummy04689@jnu.ac.kr,4,2
104690,더미학생04690,3,010-9046-4690,dummy04690@jnu.ac.kr,5,3
104691,더미학생04691,4,010-9046-4691,dummy04691@jnu.ac.kr,6,4
104692,더미학생04692,1,010-9046-4692,dummy04692@jnu.ac.kr,1,5
104693,더미학생04693,2,010-9046-4693,dummy04693@jnu.ac.kr,2,6
104694,더미학생04694,3,010-9046-4694,dummy04694@jnu.ac.kr,3,7
104695,더미학생04695,4,010-9046-4695,dummy04695@jnu.ac.kr,4,8
104696,더미학생04696,1,010-9046-4696,dummy04696@jnu.ac.kr,5,1
104697,더미학생04697,2,010-9046-4697,dummy04697@jnu.ac.kr,6,2
104698,더미학생04698,3,010-9046-4698,dummy04698@jnu.ac.kr,1,3
104699,더미학생04699,4,010-9046-4699,dummy04699@jnu.ac.kr,2,4
104700,더미학생04700,1,010-9047-4700,dummy04700@jnu.ac.kr,3,5
104701,더미학생04701,2,010-9047-4701,dummy04701@jnu.ac.kr,4,6
104702,더미학생04702,3,010-9047-4702,dummy04702@jnu.ac.kr,5,7
104703,더미학생04703,4,010-9047-4703,dummy04703@jnu.ac.kr,6,8
104704,더미학생04704,1,010-9047-4704,dummy04704@jnu.ac.kr,1,1
104705,더미학생04705,2,010-9047-4705,dummy04705@jnu.ac.kr,2,2
104706,더미학생04706,3,010-9047-4706,dummy04706@jnu.ac.kr,3,3
104707,더미학생04707,4,010-9047-4707,dummy04707@jnu.ac.kr,4,4
104708,더미학생04708,1,010-9047-4708,dummy04708@jnu.ac.kr,5,5
104709,더미학생04709,2,010-9047-4709,dummy04709@jnu.ac.kr,6,6
104710,더미학생04710,3,010-9047-4710,dummy04710@jnu.ac.kr,1,7
104711,더미학생04711,4,010-9047-4711,dummy04711@jnu.ac.kr,2,8
104712,더미학생04712,1,010-9047-4712,dummy04712@jnu.ac.kr,3,1
104713,더미학생04713,2,010-9047-4713,dummy04713@jnu.ac.kr,4,2
104714,더미학생04714,3,010-9047-4714,dummy04714@jnu.ac.kr,5,3
104715,더미학생04715,4,010-9047-4715,dummy04715@jnu.ac.kr,6,4
104716,더미학생04716,1,010-9047-4716,dummy04716@jnu.ac.kr,1,5
104717,더미학생04717,2,010-9047-4717,dummy04717@jnu.ac.kr,2,6
104718,더미학생04718,3,010-9047-4718,dummy04718@jnu.ac.kr,3,7
104719,더미학생04719,4,010-9047-4719,dummy04719@jnu.ac.kr,4,8
104720,더미학생04720,1,010-9047-4720,dummy04720@jnu.ac.kr,5,1
104721,더미학생04721,2,010-9047-4721,dummy04721@jnu.ac.kr,6,2
104722,더미학생04722,3,010-9047-4722,dummy04722@jnu.ac.kr,1,3
104723,더미학생04723,4,010-9047-4723,dummy04723@jnu.ac.kr,2,4
104724,더미학생04724,1,010-9047-4724,dummy04724@jnu.ac.kr,3,5
104725,더미학생04725,2,010-9047-4725,dummy04725@jnu.ac.kr,4,6
104726,더미학생04726,3,010-9047-4726,dummy04726@jnu.ac.kr,5,7
104727,더미학생04727,4,010-9047-4727,dummy04727@jnu.ac.kr,6,8
104728,더미학생04728,1,010-9047-4728,dummy04728@jnu.ac.kr,1,1
104729,더미학생04729,2,010-9047-4729,dummy04729@jnu.ac.kr,2,2
104730,더미학생04730,3,010-9047-4730,dummy04730@jnu.ac.kr,3,3
104731,더미학생04731,4,010-9047-4731,dummy04731@jnu.ac.kr,4,4
104732,더미학생04732,1,010-9047-4732,dummy04732@jnu.ac.kr,5,5
104733,더미학생04733,2,010-9047-4733,dummy04733@jnu.ac.kr,6,6
104734,더미학생04734,3,010-9047-4734,dummy04734@jnu.ac.kr,1,7
104735,더미학생04735,4,010-9047-4735,dummy04735@jnu.ac.kr,2,8
104736,더미학생04736,1,010-9047-4736,dummy04736@jnu.ac.kr,3,1
104737,더미학생04737,2,010-9047-4737,dummy04737@jnu.ac.kr,4,2
104738,더미학생04738,3,010-9047-4738,dummy04738@jnu.ac.kr,5,3
104739,더미학생04739,4,010-9047-4739,dummy04739@jnu.ac.kr,6,4
104740,더미학생04740,1,010-9047-4740,dummy04740@jnu.ac.kr,1,5
104741,더미학생04741,2,010-9047-4741,dummy04741@jnu.ac.kr,2,6
104742,더미학생04742,3,010-9047-4742,dummy04742@jnu.ac.kr,3,7
104743,더미학생04743,4,010-9047-4743,dummy04743@jnu.ac.kr,4,8
104744,더미학생04744,1,010-9047-4744,dummy04744@jnu.ac.kr,5,1
104745,더미학생04745,2,010-9047-4745,dummy04745@jnu.ac.kr,6,2
104746,더미학생04746,3,010-9047-4746,dummy04746@jnu.ac.kr,1,3
104747,더미학생04747,4,010-9047-4747,dummy04747@jnu.ac.kr,2,4
104748,더미학생04748,1,010-9047-4748,dummy04748@jnu.ac.kr,3,5
104749,더미학생04749,2,010-9047-4749,dummy04749@jnu.ac.kr,4,6
104750,더미학생04750,3,010-9047-4750,dummy04750@jnu.ac.kr,5,7
104751,더미학생04751,4,010-9047-4751,dummy04751@jnu.ac.kr,6,8
104752,더미학생04752,1,010-9047-4752,dummy04752@jnu.ac.kr,1,1
104753,더미학생04753,2,010-9047-4753,dummy04753@jnu.ac.kr,2,2
104754,더미학생04754,3,010-9047-4754,dummy04754@jnu.ac.kr,3,3
104755,더미학생04755,4,010-9047-4755,dummy04755@jnu.ac.kr,4,4
104756,더미학생04756,1,010-9047-4756,dummy04756@jnu.ac.kr,5,5
104757,더미학생04757,2,010-9047-4757,dummy04757@jnu.ac.kr,6,6
104758,더미학생04758,3,010-9047-4758,dummy04758@jnu.ac.kr,1,7
104759,더미학생04759,4,010-9047-4759,dummy04759@jnu.ac.kr,2,8
104760,더미학생04760,1,010-9047-4760,dummy04760@jnu.ac.kr,3,1
104761,더미학생04761,2,010-9047-4761,dummy04761@jnu.ac.kr,4,2
104762,더미학생04762,3,010-9047-4762,dummy04762@jnu.ac.kr,5,3
104763,더미학생04763,4,010-9047-4763,dummy04763@jnu.ac.kr,6,4
104764,더미학생04764,1,010-9047-4764,dummy04764@jnu.ac.kr,1,5
104765,더미학생04765,2,010-9047-4765,dummy04765@jnu.ac.kr,2,6
104766,더미학생04766,3,010-9047-4766,dummy04766@jnu.ac.kr,3,7
104767,더미학생04767,4,010-9047-4767,dummy04767@jnu.ac.kr,4,8
104768,더미학생04768,1,010-9047-4768,dummy04768@jnu.ac.kr,5,1
104769,더미학생04769,2,010-9047-4769,dummy04769@jnu.ac.kr,6,2
104770,더미학생04770,3,010-9047-4770,dummy04770@jnu.ac.kr,1,3
104771,더미학생04771,4,010-9047-4771,dummy04771@jnu.ac.kr,2,4
104772,더미학생04772,1,010-9047-4772,dummy04772@jnu.ac.kr,3,5
104773,더미학생04773,2,010-9047-4773,dummy04773@jnu.ac.kr,4,6
104774,더미학생04774,3,010-9047-4774,dummy04774@jnu.ac.kr,5,7
104775,더미학생04775,4,010-9047-4775,dummy04775@jnu.ac.kr,6,8
104776,더미학생04776,1,010-9047-4776,dummy04776@jnu.ac.kr,1,1
104777,더미학생04777,2,010-9047-4777,dummy04777@jnu.ac.kr,2,2
104778,더미학생04778,3,010-9047-4778,dummy04778@jnu.ac.kr,3,3
104779,더미학생04779,4,010-9047-4779,dummy04779@jnu.ac.kr,4,4
104780,더미학생04780,1,010-9047-4780,dummy04780@jnu.ac.kr,5,5
104781,더미학생04781,2,010-9047-4781,dummy04781@jnu.ac.kr,6,6
104782,더미학생04782,3,010-9047-4782,dummy04782@jnu.ac.kr,1,7
104783,더미학생04783,4,010-9047-4783,dummy04783@jnu.ac.kr,2,8
104784,더미학생04784,1,010-9047-4784,dummy04784@jnu.ac.kr,3,1
104785,더미학생04785,2,010-9047-4785,dummy04785@jnu.ac.kr,4,2
104786,더미학생04786,3,010-9047-4786,dummy04786@jnu.ac.kr,5,3
104787,더미학생04787,4,010-9047-4787,dummy04787@jnu.ac.kr,6,4
104788,더미학생04788,1,010-9047-4788,dummy04788@jnu.ac.kr,1,5
104789,더미학생04789,2,010-9047-4789,dummy04789@jnu.ac.kr,2,6
104790,더미학생04790,3,010-9047-4790,dummy04790@jnu.ac.kr,3,7
104791,더미학생04791,4,010-9047-4791,dummy04791@jnu.ac.kr,4,8
104792,더미학생04792,1,010-9047-4792,dummy04792@jnu.ac.kr,5,1
104793,더미학생04793,2,010-9047-4793,dummy04793@jnu.ac.kr,6,2
104794,더미학생04794,3,010-9047-4794,dummy04794@jnu.ac.kr,1,3
104795,더미학생04795,4,010-9047-4795,dummy04795@jnu.ac.kr,2,4
104796,더미학생04796,1,010-9047-4796,dummy04796@jnu.ac.kr,3,5
104797,더미학생04797,2,010-9047-4797,dummy04797@jnu.ac.kr,4,6
104798,더미학생04798,3,010-9047-4798,dummy04798@jnu.ac.kr,5,7
104799,더미학생04799,4,010-9047-4799,dummy04799@jnu.ac.kr,6,8
104800,더미학생04800,1,010-9048-4800,dummy04800@jnu.ac.kr,1,1
104801,더미학생04801,2,010-9048-4801,dummy04801@jnu.ac.kr,2,2
104802,더미학생04802,3,010-9048-4802,dummy04802@jnu.ac.kr,3,3
104803,더미학생04803,4,010-9048-4803,dummy04803@jnu.ac.kr,4,4
104804,더미학생04804,1,010-9048-4804,dummy04804@jnu.ac.kr,5,5
104805,더미학생04805,2,010-9048-4805,dummy04805@jnu.ac.kr,6,6
104806,더미학생04806,3,010-9048-4806,dummy04806@jnu.ac.kr,1,7
104807,더미학생04807,4,010-9048-4807,dummy04807@jnu.ac.kr,2,8
104808,더미학생04808,1,010-9048-4808,dummy04808@jnu.ac.kr,3,1
104809,더미학생04809,2,010-9048-4809,dummy04809@jnu.ac.kr,4,2
104810,더미학생04810,3,010-9048-4810,dummy04810@jnu.ac.kr,5,3
104811,더미학생04811,4,010-9048-4811,dummy04811@jnu.ac.kr,6,4
104812,더미학생04812,1,010-9048-4812,dummy04812@jnu.ac.kr,1,5
104813,더미학생04813,2,010-9048-4813,dummy04813@jnu.ac.kr,2,6
104814,더미학생04814,3,010-9048-4814,dummy04814@jnu.ac.kr,3,7
104815,더미학생04815,4,010-9048-4815,dummy04815@jnu.ac.kr,4,8
104816,더미학생04816,1,010-9048-4816,dummy04816@jnu.ac.kr,5,1
104817,더미학생04817,2,010-9048-4817,dummy04817@jnu.ac.kr,6,2
104818,더미학생04818,3,010-9048-4818,dummy04818@jnu.ac.kr,1,3
104819,더미학생04819,4,010-9048-4819,dummy04819@jnu.ac.kr,2,4
104820,더미학생04820,1,010-9048-4820,dummy04820@jnu.ac.kr,3,5
104821,더미학생04821,2,010-9048-4821,dummy04821@jnu.ac.kr,4,6
104822,더미학생04822,3,010-9048-4822,dummy04822@jnu.ac.kr,5,7
104823,더미학생04823,4,010-9048-4823,dummy04823@jnu.ac.kr,6,8
104824,더미학생04824,1,010-9048-4824,dummy04824@jnu.ac.kr,1,1
104825,더미학생04825,2,010-9048-4825,dummy04825@jnu.ac.kr,2,2
104826,더미학생04826,3,010-9048-4826,dummy04826@jnu.ac.kr,3,3
104827,더미학생04827,4,010-9048-4827,dummy04827@jnu.ac.kr,4,4
104828,더미학생04828,1,010-9048-4828,dummy04828@jnu.ac.kr,5,5
104829,더미학생04829,2,010-9048-4829,dummy04829@jnu.ac.kr,6,6
104830,더미학생04830,3,010-9048-4830,dummy04830@jnu.ac.kr,1,7
104831,더미학생04831,4,010-9048-4831,dummy04831@jnu.ac.kr,2,8
104832,더미학생04832,1,010-9048-4832,dummy04832@jnu.ac.kr,3,1
104833,더미학생04833,2,010-9048-4833,dummy04833@jnu.ac.kr,4,2
104834,더미학생04834,3,010-9048-4834,dummy04834@jnu.ac.kr,5,3
104835,더미학생04835,4,010-9048-4835,dummy04835@jnu.ac.kr,6,4
104836,더미학생04836,1,010-9048-4836,dummy04836@jnu.ac.kr,1,5
104837,더미학생04837,2,010-9048-4837,dummy04837@jnu.ac.kr,2,6
104838,더미학생04838,3,010-9048-4838,dummy04838@jnu.ac.kr,3,7
104839,더미학생04839,4,010-9048-4839,dummy04839@jnu.ac.kr,4,8
104840,더미학생04840,1,010-9048-4840,dummy04840@jnu.ac.kr,5,1
104841,더미학생04841,2,010-9048-4841,dummy04841@jnu.ac.kr,6,2
104842,더미학생04842,3,010-9048-4842,dummy04842@jnu.ac.kr,1,3
104843,더미학생04843,4,010-9048-4843,dummy04843@jnu.ac.kr,2,4
104844,더미학생04844,1,010-9048-4844,dummy04844@jnu.ac.kr,3,5
104845,더미학생04845,2,010-9048-4845,dummy04845@jnu.ac.kr,4,6
104846,더미학생04846,3,010-9048-4846,dummy04846@jnu.ac.kr,5,7
104847,더미학생04847,4,010-9048-4847,dummy04847@jnu.ac.kr,6,8
104848,더미학생04848,1,010-9048-4848,dummy04848@jnu.ac.kr,1,1
104849,더미학생04849,2,010-9048-4849,dummy04849@jnu.ac.kr,2,2
104850,더미학생04850,3,010-9048-4850,dummy04850@jnu.ac.kr,3,3
104851,더미학생04851,4,010-9048-4851,dummy04851@jnu.ac.kr,4,4
104852,더미학생04852,1,010-9048-4852,dummy04852@jnu.ac.kr,5,5
104853,더미학생04853,2,010-9048-4853,dummy04853@jnu.ac.kr,6,6
104854,더미학생04854,3,010-9048-4854,dummy04854@jnu.ac.kr,1,7
104855,더미학생04855,4,010-9048-4855,dummy04855@jnu.ac.kr,2,8
104856,더미학생04856,1,010-9048-4856,dummy04856@jnu.ac.kr,3,1
104857,더미학생04857,2,010-9048-4857,dummy04857@jnu.ac.kr,4,2
104858,더미학생04858,3,010-9048-4858,dummy04858@jnu.ac.kr,5,3
104859,더미학생04859,4,010-9048-4859,dummy04859@jnu.ac.kr,6,4
104860,더미학생04860,1,010-9048-4860,dummy04860@jnu.ac.kr,1,5
104861,더미학생04861,2,010-9048-4861,dummy04861@jnu.ac.kr,2,6
104862,더미학생04862,3,010-9048-4862,dummy04862@jnu.ac.kr,3,7
104863,더미학생04863,4,010-9048-4863,dummy04863@jnu.ac.kr,4,8
104864,더미학생04864,1,010-9048-4864,dummy04864@jnu.ac.kr,5,1
104865,더미학생04865,2,010-9048-4865,dummy04865@jnu.ac.kr,6,2
104866,더미학생04866,3,010-9048-4866,dummy04866@jnu.ac.kr,1,3
104867,더미학생04867,4,010-9048-4867,dummy04867@jnu.ac.kr,2,4
104868,더미학생04868,1,010-9048-4868,dummy04868@jnu.ac.kr,3,5
104869,더미학생04869,2,010-9048-4869,dummy04869@jnu.ac.kr,4,6
104870,더미학생04870,3,010-9048-4870,dummy04870@jnu.ac.kr,5,7
104871,더미학생04871,4,010-9048-4871,dummy04871@jnu.ac.kr,6,8
104872,더미학생04872,1,010-9048-4872,dummy04872@jnu.ac.kr,1,1
104873,더미학생04873,2,010-9048-4873,dummy04873@jnu.ac.kr,2,2
104874,더미학생04874,3,010-9048-4874,dummy04874@jnu.ac.kr,3,3
104875,더미학생04875,4,010-9048-4875,dummy04875@jnu.ac.kr,4,4
104876,더미학생04876,1,010-9048-4876,dummy04876@jnu.ac.kr,5,5
104877,더미학생04877,2,010-9048-4877,dummy04877@jnu.ac.kr,6,6
104878,더미학생04878,3,010-9048-4878,dummy04878@jnu.ac.kr,1,7
104879,더미학생04879,4,010-9048-4879,dummy04879@jnu.ac.kr,2,8
104880,더미학생04880,1,010-9048-4880,dummy04880@jnu.ac.kr,3,1
104881,더미학생04881,2,010-9048-4881,dummy04881@jnu.ac.kr,4,2
104882,더미학생04882,3,010-9048-4882,dummy04882@jnu.ac.kr,5,3
104883,더미학생04883,4,010-9048-4883,dummy04883@jnu.ac.kr,6,4
104884,더미학생04884,1,010-9048-4884,dummy04884@jnu.ac.kr,1,5
104885,더미학생04885,2,010-9048-4885,dummy04885@jnu.ac.kr,2,6
104886,더미학생04886,3,010-9048-4886,dummy04886@jnu.ac.kr,3,7
104887,더미학생04887,4,010-9048-4887,dummy04887@jnu.ac.kr,4,8
104888,더미학생04888,1,010-9048-4888,dummy04888@jnu.ac.kr,5,1
104889,더미학생04889,2,010-9048-4889,dummy04889@jnu.ac.kr,6,2
104890,더미학생04890,3,010-9048-4890,dummy04890@jnu.ac.kr,1,3
104891,더미학생04891,4,010-9048-4891,dummy04891@jnu.ac.kr,2,4
104892,더미학생04892,1,010-9048-4892,dummy04892@jnu.ac.kr,3,5
104893,더미학생04893,2,010-9048-4893,dummy04893@jnu.ac.kr,4,6
104894,더미학생04894,3,010-9048-4894,dummy04894@jnu.ac.kr,5,7
104895,더미학생04895,4,010-9048-4895,dummy04895@jnu.ac.kr,6,8
104896,더미학생04896,1,010-9048-4896,dummy04896@jnu.ac.kr,1,1
104897,더미학생04897,2,010-9048-4897,dummy04897@jnu.ac.kr,2,2
104898,더미학생04898,3,010-9048-4898,dummy04898@jnu.ac.kr,3,3
104899,더미학생04899,4,010-9048-4899,dummy04899@jnu.ac.kr,4,4
104900,더미학생04900,1,010-9049-4900,dummy04900@jnu.ac.kr,5,5
104901,더미학생04901,2,010-9049-4901,dummy04901@jnu.ac.kr,6,6
104902,더미학생04902,3,010-9049-4902,dummy04902@jnu.ac.kr,1,7
104903,더미학생04903,4,010-9049-4903,dummy04903@jnu.ac.kr,2,8
104904,더미학생04904,1,010-9049-4904,dummy04904@jnu.ac.kr,3,1
104905,더미학생04905,2,010-9049-4905,dummy04905@jnu.ac.kr,4,2
104906,더미학생04906,3,010-9049-4906,dummy04906@jnu.ac.kr,5,3
104907,더미학생04907,4,010-9049-4907,dummy04907@jnu.ac.kr,6,4
104908,더미학생04908,1,010-9049-4908,dummy04908@jnu.ac.kr,1,5
104909,더미학생04909,2,010-9049-4909,dummy04909@jnu.ac.kr,2,6
104910,더미학생04910,3,010-9049-4910,dummy04910@jnu.ac.kr,3,7
104911,더미학생04911,4,010-9049-4911,dummy04911@jnu.ac.kr,4,8
104912,더미학생04912,1,010-9049-4912,dummy04912@jnu.ac.kr,5,1
104913,더미학생04913,2,010-9049-4913,dummy04913@jnu.ac.kr,6,2
104914,더미학생04914,3,010-9049-4914,dummy04914@jnu.ac.kr,1,3
104915,더미학생04915,4,010-9049-4915,dummy04915@jnu.ac.kr,2,4
104916,더미학생04916,1,010-9049-4916,dummy04916@jnu.ac.kr,3,5
104917,더미학생04917,2,010-9049-4917,dummy04917@jnu.ac.kr,4,6
104918,더미학생04918,3,010-9049-4918,dummy04918@jnu.ac.kr,5,7
104919,더미학생04919,4,010-9049-4919,dummy04919@jnu.ac.kr,6,8
104920,더미학생04920,1,010-9049-4920,dummy04920@jnu.ac.kr,1,1
104921,더미학생04921,2,010-9049-4921,dummy04921@jnu.ac.kr,2,2
104922,더미학생04922,3,010-9049-4922,dummy04922@jnu.ac.kr,3,3
104923,더미학생04923,4,010-9049-4923,dummy04923@jnu.ac.kr,4,4
104924,더미학생04924,1,010-9049-4924,dummy04924@jnu.ac.kr,5,5
104925,더미학생04925,2,010-9049-4925,dummy04925@jnu.ac.kr,6,6
104926,더미학생04926,3,010-9049-4926,dummy04926@jnu.ac.kr,1,7
104927,더미학생04927,4,010-9049-4927,dummy04927@jnu.ac.kr,2,8
104928,더미학생04928,1,010-9049-4928,dummy04928@jnu.ac.kr,3,1
104929,더미학생04929,2,010-9049-4929,dummy04929@jnu.ac.kr,4,2
104930,더미학생04930,3,010-9049-4930,dummy04930@jnu.ac.kr,5,3
104931,더미학생04931,4,010-9049-4931,dummy04931@jnu.ac.kr,6,4
104932,더미학생04932,1,010-9049-4932,dummy04932@jnu.ac.kr,1,5
104933,더미학생04933,2,010-9049-4933,dummy04933@jnu.ac.kr,2,6
104934,더미학생04934,3,010-9049-4934,dummy04934@jnu.ac.kr,3,7
104935,더미학생04935,4,010-9049-4935,dummy04935@jnu.ac.kr,4,8
104936,더미학생04936,1,010-9049-4936,dummy04936@jnu.ac.kr,5,1
104937,더미학생04937,2,010-9049-4937,dummy04937@jnu.ac.kr,6,2
104938,더미학생04938,3,010-9049-4938,dummy04938@jnu.ac.kr,1,3
104939,더미학생04939,4,010-9049-4939,dummy04939@jnu.ac.kr,2,4
104940,더미학생04940,1,010-9049-4940,dummy04940@jnu.ac.kr,3,5
104941,더미학생04941,2,010-9049-4941,dummy04941@jnu.ac.kr,4,6
104942,더미학생04942,3,010-9049-4942,dummy04942@jnu.ac.kr,5,7
104943,더미학생04943,4,010-9049-4943,dummy04943@jnu.ac.kr,6,8
104944,더미학생04944,1,010-9049-4944,dummy04944@jnu.ac.kr,1,1
104945,더미학생04945,2,010-9049-4945,dummy04945@jnu.ac.kr,2,2
104946,더미학생04946,3,010-9049-4946,dummy04946@jnu.ac.kr,3,3
104947,더미학생04947,4,010-9049-4947,dummy04947@jnu.ac.kr,4,4
104948,더미학생04948,1,010-9049-4948,dummy04948@jnu.ac.kr,5,5
104949,더미학생04949,2,010-9049-4949,dummy04949@jnu.ac.kr,6,6
104950,더미학생04950,3,010-9049-4950,dummy04950@jnu.ac.kr,1,7
104951,더미학생04951,4,010-9049-4951,dummy04951@jnu.ac.kr,2,8
104952,더미학생04952,1,010-9049-4952,dummy04952@jnu.ac.kr,3,1
104953,더미학생04953,2,010-9049-4953,dummy04953@jnu.ac.kr,4,2
104954,더미학생04954,3,010-9049-4954,dummy04954@jnu.ac.kr,5,3
104955,더미학생04955,4,010-9049-4955,dummy04955@jnu.ac.kr,6,4
104956,더미학생04956,1,010-9049-4956,dummy04956@jnu.ac.kr,1,5
104957,더미학생04957,2,010-9049-4957,dummy04957@jnu.ac.kr,2,6
104958,더미학생04958,3,010-9049-4958,dummy04958@jnu.ac.kr,3,7
104959,더미학생04959,4,010-9049-4959,dummy04959@jnu.ac.kr,4,8
104960,더미학생04960,1,010-9049-4960,dummy04960@jnu.ac.kr,5,1
104961,더미학생04961,2,010-9049-4961,dummy04961@jnu.ac.kr,6,2
104962,더미학생04962,3,010-9049-4962,dummy04962@jnu.ac.kr,1,3
104963,더미학생04963,4,010-9049-4963,dummy04963@jnu.ac.kr,2,4
104964,더미학생04964,1,010-9049-4964,dummy04964@jnu.ac.kr,3,5
104965,더미학생04965,2,010-9049-4965,dummy04965@jnu.ac.kr,4,6
104966,더미학생04966,3,010-9049-4966,dummy04966@jnu.ac.kr,5,7
104967,더미학생04967,4,010-9049-4967,dummy04967@jnu.ac.kr,6,8
104968,더미학생04968,1,010-9049-4968,dummy04968@jnu.ac.kr,1,1
104969,더미학생04969,2,010-9049-4969,dummy04969@jnu.ac.kr,2,2
104970,더미학생04970,3,010-9049-4970,dummy04970@jnu.ac.kr,3,3
104971,더미학생04971,4,010-9049-4971,dummy04971@jnu.ac.kr,4,4
104972,더미학생04972,1,010-9049-4972,dummy04972@jnu.ac.kr,5,5
104973,더미학생04973,2,010-9049-4973,dummy04973@jnu.ac.kr,6,6
104974,더미학생04974,3,010-9049-4974,dummy04974@jnu.ac.kr,1,7
104975,더미학생04975,4,010-9049-4975,dummy04975@jnu.ac.kr,2,8
104976,더미학생04976,1,010-9049-4976,dummy04976@jnu.ac.kr,3,1
104977,더미학생04977,2,010-9049-4977,dummy04977@jnu.ac.kr,4,2
104978,더미학생04978,3,010-9049-4978,dummy04978@jnu.ac.kr,5,3
104979,더미학생04979,4,010-9049-4979,dummy04979@jnu.ac.kr,6,4
104980,더미학생04980,1,010-9049-4980,dummy04980@jnu.ac.kr,1,5
104981,더미학생04981,2,010-9049-4981,dummy04981@jnu.ac.kr,2,6
104982,더미학생04982,3,010-9049-4982,dummy04982@jnu.ac.kr,3,7
104983,더미학생04983,4,010-9049-4983,dummy04983@jnu.ac.kr,4,8
104984,더미학생04984,1,010-9049-4984,dummy04984@jnu.ac.kr,5,1
104985,더미학생04985,2,010-9049-4985,dummy04985@jnu.ac.kr,6,2
104986,더미학생04986,3,010-9049-4986,dummy04986@jnu.ac.kr,1,3
104987,더미학생04987,4,010-9049-4987,dummy04987@jnu.ac.kr,2,4
104988,더미학생04988,1,010-9049-4988,dummy04988@jnu.ac.kr,3,5
104989,더미학생04989,2,010-9049-4989,dummy04989@jnu.ac.kr,4,6
104990,더미학생04990,3,010-9049-4990,dummy04990@jnu.ac.kr,5,7
104991,더미학생04991,4,010-9049-4991,dummy04991@jnu.ac.kr,6,8
104992,더미학생04992,1,010-9049-4992,dummy04992@jnu.ac.kr,1,1
104993,더미학생04993,2,010-9049-4993,dummy04993@jnu.ac.kr,2,2
104994,더미학생04994,3,010-9049-4994,dummy04994@jnu.ac.kr,3,3
104995,더미학생04995,4,010-9049-4995,dummy04995@jnu.ac.kr,4,4
104996,더미학생04996,1,010-9049-4996,dummy04996@jnu.ac.kr,5,5
104997,더미학생04997,2,010-9049-4997,dummy04997@jnu.ac.kr,6,6
104998,더미학생04998,3,010-9049-4998,dummy04998@jnu.ac.kr,1,7
104999,더미학생04999,4,010-9049-4999,dummy04999@jnu.ac.kr,2,8
105000,더미학생05000,1,010-9050-5000,dummy05000@jnu.ac.kr,3,1
105001,더미학생05001,2,010-9050-5001,dummy05001@jnu.ac.kr,4,2
105002,더미학생05002,3,010-9050-5002,dummy05002@jnu.ac.kr,5,3
105003,더미학생05003,4,010-9050-5003,dummy05003@jnu.ac.kr,6,4
105004,더미학생05004,1,010-9050-5004,dummy05004@jnu.ac.kr,1,5
105005,더미학생05005,2,010-9050-5005,dummy05005@jnu.ac.kr,2,6
105006,더미학생05006,3,010-9050-5006,dummy05006@jnu.ac.kr,3,7
105007,더미학생05007,4,010-9050-5007,dummy05007@jnu.ac.kr,4,8
105008,더미학생05008,1,010-9050-5008,dummy05008@jnu.ac.kr,5,1
105009,더미학생05009,2,010-9050-5009,dummy05009@jnu.ac.kr,6,2
105010,더미학생05010,3,010-9050-5010,dummy05010@jnu.ac.kr,1,3
105011,더미학생05011,4,010-9050-5011,dummy05011@jnu.ac.kr,2,4
105012,더미학생05012,1,010-9050-5012,dummy05012@jnu.ac.kr,3,5
105013,더미학생05013,2,010-9050-5013,dummy05013@jnu.ac.kr,4,6
105014,더미학생05014,3,010-9050-5014,dummy05014@jnu.ac.kr,5,7
105015,더미학생05015,4,010-9050-5015,dummy05015@jnu.ac.kr,6,8
105016,더미학생05016,1,010-9050-5016,dummy05016@jnu.ac.kr,1,1
105017,더미학생05017,2,010-9050-5017,dummy05017@jnu.ac.kr,2,2
105018,더미학생05018,3,010-9050-5018,dummy05018@jnu.ac.kr,3,3
105019,더미학생05019,4,010-9050-5019,dummy05019@jnu.ac.kr,4,4
105020,더미학생05020,1,010-9050-5020,dummy05020@jnu.ac.kr,5,5
105021,더미학생05021,2,010-9050-5021,dummy05021@jnu.ac.kr,6,6
105022,더미학생05022,3,010-9050-5022,dummy05022@jnu.ac.kr,1,7
105023,더미학생05023,4,010-9050-5023,dummy05023@jnu.ac.kr,2,8
105024,더미학생05024,1,010-9050-5024,dummy05024@jnu.ac.kr,3,1
105025,더미학생05025,2,010-9050-5025,dummy05025@jnu.ac.kr,4,2
105026,더미학생05026,3,010-9050-5026,dummy05026@jnu.ac.kr,5,3
105027,더미학생05027,4,010-9050-5027,dummy05027@jnu.ac.kr,6,4
105028,더미학생05028,1,010-9050-5028,dummy05028@jnu.ac.kr,1,5
105029,더미학생05029,2,010-9050-5029,dummy05029@jnu.ac.kr,2,6
105030,더미학생05030,3,010-9050-5030,dummy05030@jnu.ac.kr,3,7
105031,더미학생05031,4,010-9050-5031,dummy05031@jnu.ac.kr,4,8
105032,더미학생05032,1,010-9050-5032,dummy05032@jnu.ac.kr,5,1
105033,더미학생05033,2,010-9050-5033,dummy05033@jnu.ac.kr,6,2
105034,더미학생05034,3,010-9050-5034,dummy05034@jnu.ac.kr,1,3
105035,더미학생05035,4,010-9050-5035,dummy05035@jnu.ac.kr,2,4
105036,더미학생05036,1,010-9050-5036,dummy05036@jnu.ac.kr,3,5
105037,더미학생05037,2,010-9050-5037,dummy05037@jnu.ac.kr,4,6
105038,더미학생05038,3,010-9050-5038,dummy05038@jnu.ac.kr,5,7
105039,더미학생05039,4,010-9050-5039,dummy05039@jnu.ac.kr,6,8
105040,더미학생05040,1,010-9050-5040,dummy05040@jnu.ac.kr,1,1
105041,더미학생05041,2,010-9050-5041,dummy05041@jnu.ac.kr,2,2
105042,더미학생05042,3,010-9050-5042,dummy05042@jnu.ac.kr,3,3
105043,더미학생05043,4,010-9050-5043,dummy05043@jnu.ac.kr,4,4
105044,더미학생05044,1,010-9050-5044,dummy05044@jnu.ac.kr,5,5
105045,더미학생05045,2,010-9050-5045,dummy05045@jnu.ac.kr,6,6
105046,더미학생05046,3,010-9050-5046,dummy05046@jnu.ac.kr,1,7
105047,더미학생05047,4,010-9050-5047,dummy05047@jnu.ac.kr,2,8
105048,더미학생05048,1,010-9050-5048,dummy05048@jnu.ac.kr,3,1
105049,더미학생05049,2,010-9050-5049,dummy05049@jnu.ac.kr,4,2
105050,더미학생05050,3,010-9050-5050,dummy05050@jnu.ac.kr,5,3
105051,더미학생05051,4,010-9050-5051,dummy05051@jnu.ac.kr,6,4
105052,더미학생05052,1,010-9050-5052,dummy05052@jnu.ac.kr,1,5
105053,더미학생05053,2,010-9050-5053,dummy05053@jnu.ac.kr,2,6
105054,더미학생05054,3,010-9050-5054,dummy05054@jnu.ac.kr,3,7
105055,더미학생05055,4,010-9050-5055,dummy05055@jnu.ac.kr,4,8
105056,더미학생05056,1,010-9050-5056,dummy05056@jnu.ac.kr,5,1
105057,더미학생05057,2,010-9050-5057,dummy05057@jnu.ac.kr,6,2
105058,더미학생05058,3,010-9050-5058,dummy05058@jnu.ac.kr,1,3
105059,더미학생05059,4,010-9050-5059,dummy05059@jnu.ac.kr,2,4
105060,더미학생05060,1,010-9050-5060,dummy05060@jnu.ac.kr,3,5
105061,더미학생05061,2,010-9050-5061,dummy05061@jnu.ac.kr,4,6
105062,더미학생05062,3,010-9050-5062,dummy05062@jnu.ac.kr,5,7
105063,더미학생05063,4,010-9050-5063,dummy05063@jnu.ac.kr,6,8
105064,더미학생05064,1,010-9050-5064,dummy05064@jnu.ac.kr,1,1
105065,더미학생05065,2,010-9050-5065,dummy05065@jnu.ac.kr,2,2
105066,더미학생05066,3,010-9050-5066,dummy05066@jnu.ac.kr,3,3
105067,더미학생05067,4,010-9050-5067,dummy05067@jnu.ac.kr,4,4
105068,더미학생05068,1,010-9050-5068,dummy05068@jnu.ac.kr,5,5
105069,더미학생05069,2,010-9050-5069,dummy05069@jnu.ac.kr,6,6
105070,더미학생05070,3,010-9050-5070,dummy05070@jnu.ac.kr,1,7
105071,더미학생05071,4,010-9050-5071,dummy05071@jnu.ac.kr,2,8
105072,더미학생05072,1,010-9050-5072,dummy05072@jnu.ac.kr,3,1
105073,더미학생05073,2,010-9050-5073,dummy05073@jnu.ac.kr,4,2
105074,더미학생05074,3,010-9050-5074,dummy05074@jnu.ac.kr,5,3
105075,더미학생05075,4,010-9050-5075,dummy05075@jnu.ac.kr,6,4
105076,더미학생05076,1,010-9050-5076,dummy05076@jnu.ac.kr,1,5
105077,더미학생05077,2,010-9050-5077,dummy05077@jnu.ac.kr,2,6
105078,더미학생05078,3,010-9050-5078,dummy05078@jnu.ac.kr,3,7
105079,더미학생05079,4,010-9050-5079,dummy05079@jnu.ac.kr,4,8
105080,더미학생05080,1,010-9050-5080,dummy05080@jnu.ac.kr,5,1
105081,더미학생05081,2,010-9050-5081,dummy05081@jnu.ac.kr,6,2
105082,더미학생05082,3,010-9050-5082,dummy05082@jnu.ac.kr,1,3
105083,더미학생05083,4,010-9050-5083,dummy05083@jnu.ac.kr,2,4
105084,더미학생05084,1,010-9050-5084,dummy05084@jnu.ac.kr,3,5
105085,더미학생05085,2,010-9050-5085,dummy05085@jnu.ac.kr,4,6
105086,더미학생05086,3,010-9050-5086,dummy05086@jnu.ac.kr,5,7
105087,더미학생05087,4,010-9050-5087,dummy05087@jnu.ac.kr,6,8
105088,더미학생05088,1,010-9050-5088,dummy05088@jnu.ac.kr,1,1
105089,더미학생05089,2,010-9050-5089,dummy05089@jnu.ac.kr,2,2
105090,더미학생05090,3,010-9050-5090,dummy05090@jnu.ac.kr,3,3
105091,더미학생05091,4,010-9050-5091,dummy05091@jnu.ac.kr,4,4
105092,더미학생05092,1,010-9050-5092,dummy05092@jnu.ac.kr,5,5
105093,더미학생05093,2,010-9050-5093,dummy05093@jnu.ac.kr,6,6
105094,더미학생05094,3,010-9050-5094,dummy05094@jnu.ac.kr,1,7
105095,더미학생05095,4,010-9050-5095,dummy05095@jnu.ac.kr,2,8
105096,더미학생05096,1,010-9050-5096,dummy05096@jnu.ac.kr,3,1
105097,더미학생05097,2,010-9050-5097,dummy05097@jnu.ac.kr,4,2
105098,더미학생05098,3,010-9050-5098,dummy05098@jnu.ac.kr,5,3
105099,더미학생05099,4,010-9050-5099,dummy05099@jnu.ac.kr,6,4
105100,더미학생05100,1,010-9051-5100,dummy05100@jnu.ac.kr,1,5
105101,더미학생05101,2,010-9051-5101,dummy05101@jnu.ac.kr,2,6
105102,더미학생05102,3,010-9051-5102,dummy05102@jnu.ac.kr,3,7
105103,더미학생05103,4,010-9051-5103,dummy05103@jnu.ac.kr,4,8
105104,더미학생05104,1,010-9051-5104,dummy05104@jnu.ac.kr,5,1
105105,더미학생05105,2,010-9051-5105,dummy05105@jnu.ac.kr,6,2
105106,더미학생05106,3,010-9051-5106,dummy05106@jnu.ac.kr,1,3
105107,더미학생05107,4,010-9051-5107,dummy05107@jnu.ac.kr,2,4
105108,더미학생05108,1,010-9051-5108,dummy05108@jnu.ac.kr,3,5
105109,더미학생05109,2,010-9051-5109,dummy05109@jnu.ac.kr,4,6
105110,더미학생05110,3,010-9051-5110,dummy05110@jnu.ac.kr,5,7
105111,더미학생05111,4,010-9051-5111,dummy05111@jnu.ac.kr,6,8
105112,더미학생05112,1,010-9051-5112,dummy05112@jnu.ac.kr,1,1
105113,더미학생05113,2,010-9051-5113,dummy05113@jnu.ac.kr,2,2
105114,더미학생05114,3,010-9051-5114,dummy05114@jnu.ac.kr,3,3
105115,더미학생05115,4,010-9051-5115,dummy05115@jnu.ac.kr,4,4
105116,더미학생05116,1,010-9051-5116,dummy05116@jnu.ac.kr,5,5
105117,더미학생05117,2,010-9051-5117,dummy05117@jnu.ac.kr,6,6
105118,더미학생05118,3,010-9051-5118,dummy05118@jnu.ac.kr,1,7
105119,더미학생05119,4,010-9051-5119,dummy05119@jnu.ac.kr,2,8
105120,더미학생05120,1,010-9051-5120,dummy05120@jnu.ac.kr,3,1
105121,더미학생05121,2,010-9051-5121,dummy05121@jnu.ac.kr,4,2
105122,더미학생05122,3,010-9051-5122,dummy05122@jnu.ac.kr,5,3
105123,더미학생05123,4,010-9051-5123,dummy05123@jnu.ac.kr,6,4
105124,더미학생05124,1,010-9051-5124,dummy05124@jnu.ac.kr,1,5
105125,더미학생05125,2,010-9051-5125,dummy05125@jnu.ac.kr,2,6
105126,더미학생05126,3,010-9051-5126,dummy05126@jnu.ac.kr,3,7
105127,더미학생05127,4,010-9051-5127,dummy05127@jnu.ac.kr,4,8
105128,더미학생05128,1,010-9051-5128,dummy05128@jnu.ac.kr,5,1
105129,더미학생05129,2,010-9051-5129,dummy05129@jnu.ac.kr,6,2
105130,더미학생05130,3,010-9051-5130,dummy05130@jnu.ac.kr,1,3
105131,더미학생05131,4,010-9051-5131,dummy05131@jnu.ac.kr,2,4
105132,더미학생05132,1,010-9051-5132,dummy05132@jnu.ac.kr,3,5
105133,더미학생05133,2,010-9051-5133,dummy05133@jnu.ac.kr,4,6
105134,더미학생05134,3,010-9051-5134,dummy05134@jnu.ac.kr,5,7
105135,더미학생05135,4,010-9051-5135,dummy05135@jnu.ac.kr,6,8
105136,더미학생05136,1,010-9051-5136,dummy05136@jnu.ac.kr,1,1
105137,더미학생05137,2,010-9051-5137,dummy05137@jnu.ac.kr,2,2
105138,더미학생05138,3,010-9051-5138,dummy05138@jnu.ac.kr,3,3
105139,더미학생05139,4,010-9051-5139,dummy05139@jnu.ac.kr,4,4
105140,더미학생05140,1,010-9051-5140,dummy05140@jnu.ac.kr,5,5
105141,더미학생05141,2,010-9051-5141,dummy05141@jnu.ac.kr,6,6
105142,더미학생05142,3,010-9051-5142,dummy05142@jnu.ac.kr,1,7
105143,더미학생05143,4,010-9051-5143,dummy05143@jnu.ac.kr,2,8
105144,더미학생05144,1,010-9051-5144,dummy05144@jnu.ac.kr,3,1
105145,더미학생05145,2,010-9051-5145,dummy05145@jnu.ac.kr,4,2
105146,더미학생05146,3,010-9051-5146,dummy05146@jnu.ac.kr,5,3
105147,더미학생05147,4,010-9051-5147,dummy05147@jnu.ac.kr,6,4
105148,더미학생05148,1,010-9051-5148,dummy05148@jnu.ac.kr,1,5
105149,더미학생05149,2,010-9051-5149,dummy05149@jnu.ac.kr,2,6
105150,더미학생05150,3,010-9051-5150,dummy05150@jnu.ac.kr,3,7
105151,더미학생05151,4,010-9051-5151,dummy05151@jnu.ac.kr,4,8
105152,더미학생05152,1,010-9051-5152,dummy05152@jnu.ac.kr,5,1
105153,더미학생05153,2,010-9051-5153,dummy05153@jnu.ac.kr,6,2
105154,더미학생05154,3,010-9051-5154,dummy05154@jnu.ac.kr,1,3
105155,더미학생05155,4,010-9051-5155,dummy05155@jnu.ac.kr,2,4
105156,더미학생05156,1,010-9051-5156,dummy05156@jnu.ac.kr,3,5
105157,더미학생05157,2,010-9051-5157,dummy05157@jnu.ac.kr,4,6
105158,더미학생05158,3,010-9051-5158,dummy05158@jnu.ac.kr,5,7
105159,더미학생05159,4,010-9051-5159,dummy05159@jnu.ac.kr,6,8
105160,더미학생05160,1,010-9051-5160,dummy05160@jnu.ac.kr,1,1
105161,더미학생05161,2,010-9051-5161,dummy05161@jnu.ac.kr,2,2
105162,더미학생05162,3,010-9051-5162,dummy05162@jnu.ac.kr,3,3
105163,더미학생05163,4,010-9051-5163,dummy05163@jnu.ac.kr,4,4
105164,더미학생05164,1,010-9051-5164,dummy05164@jnu.ac.kr,5,5
105165,더미학생05165,2,010-9051-5165,dummy05165@jnu.ac.kr,6,6
105166,더미학생05166,3,010-9051-5166,dummy05166@jnu.ac.kr,1,7
105167,더미학생05167,4,010-9051-5167,dummy05167@jnu.ac.kr,2,8
105168,더미학생05168,1,010-9051-5168,dummy05168@jnu.ac.kr,3,1
105169,더미학생05169,2,010-9051-5169,dummy05169@jnu.ac.kr,4,2
105170,더미학생05170,3,010-9051-5170,dummy05170@jnu.ac.kr,5,3
105171,더미학생05171,4,010-9051-5171,dummy05171@jnu.ac.kr,6,4
105172,더미학생05172,1,010-9051-5172,dummy05172@jnu.ac.kr,1,5
105173,더미학생05173,2,010-9051-5173,dummy05173@jnu.ac.kr,2,6
105174,더미학생05174,3,010-9051-5174,dummy05174@jnu.ac.kr,3,7
105175,더미학생05175,4,010-9051-5175,dummy05175@jnu.ac.kr,4,8
105176,더미학생05176,1,010-9051-5176,dummy05176@jnu.ac.kr,5,1
105177,더미학생05177,2,010-9051-5177,dummy05177@jnu.ac.kr,6,2
105178,더미학생05178,3,010-9051-5178,dummy05178@jnu.ac.kr,1,3
105179,더미학생05179,4,010-9051-5179,dummy05179@jnu.ac.kr,2,4
105180,더미학생05180,1,010-9051-5180,dummy05180@jnu.ac.kr,3,5
105181,더미학생05181,2,010-9051-5181,dummy05181@jnu.ac.kr,4,6
105182,더미학생05182,3,010-9051-5182,dummy05182@jnu.ac.kr,5,7
105183,더미학생05183,4,010-9051-5183,dummy05183@jnu.ac.kr,6,8
105184,더미학생05184,1,010-9051-5184,dummy05184@jnu.ac.kr,1,1
105185,더미학생05185,2,010-9051-5185,dummy05185@jnu.ac.kr,2,2
105186,더미학생05186,3,010-9051-5186,dummy05186@jnu.ac.kr,3,3
105187,더미학생05187,4,010-9051-5187,dummy05187@jnu.ac.kr,4,4
105188,더미학생05188,1,010-9051-5188,dummy05188@jnu.ac.kr,5,5
105189,더미학생05189,2,010-9051-5189,dummy05189@jnu.ac.kr,6,6
105190,더미학생05190,3,010-9051-5190,dummy05190@jnu.ac.kr,1,7
105191,더미학생05191,4,010-9051-5191,dummy05191@jnu.ac.kr,2,8
105192,더미학생05192,1,010-9051-5192,dummy05192@jnu.ac.kr,3,1
105193,더미학생05193,2,010-9051-5193,dummy05193@jnu.ac.kr,4,2
105194,더미학생05194,3,010-9051-5194,dummy05194@jnu.ac.kr,5,3
105195,더미학생05195,4,010-9051-5195,dummy05195@jnu.ac.kr,6,4
105196,더미학생05196,1,010-9051-5196,dummy05196@jnu.ac.kr,1,5
105197,더미학생05197,2,010-9051-5197,dummy05197@jnu.ac.kr,2,6
105198,더미학생05198,3,010-9051-5198,dummy05198@jnu.ac.kr,3,7
105199,더미학생05199,4,010-9051-5199,dummy05199@jnu.ac.kr,4,8
105200,더미학생05200,1,010-9052-5200,dummy05200@jnu.ac.kr,5,1
105201,더미학생05201,2,010-9052-5201,dummy05201@jnu.ac.kr,6,2
105202,더미학생05202,3,010-9052-5202,dummy05202@jnu.ac.kr,1,3
105203,더미학생05203,4,010-9052-5203,dummy05203@jnu.ac.kr,2,4
105204,더미학생05204,1,010-9052-5204,dummy05204@jnu.ac.kr,3,5
105205,더미학생05205,2,010-9052-5205,dummy05205@jnu.ac.kr,4,6
105206,더미학생05206,3,010-9052-5206,dummy05206@jnu.ac.kr,5,7
105207,더미학생05207,4,010-9052-5207,dummy05207@jnu.ac.kr,6,8
105208,더미학생05208,1,010-9052-5208,dummy05208@jnu.ac.kr,1,1
105209,더미학생05209,2,010-9052-5209,dummy05209@jnu.ac.kr,2,2
105210,더미학생05210,3,010-9052-5210,dummy05210@jnu.ac.kr,3,3
105211,더미학생05211,4,010-9052-5211,dummy05211@jnu.ac.kr,4,4
105212,더미학생05212,1,010-9052-5212,dummy05212@jnu.ac.kr,5,5
105213,더미학생05213,2,010-9052-5213,dummy05213@jnu.ac.kr,6,6
105214,더미학생05214,3,010-9052-5214,dummy05214@jnu.ac.kr,1,7
105215,더미학생05215,4,010-9052-5215,dummy05215@jnu.ac.kr,2,8
105216,더미학생05216,1,010-9052-5216,dummy05216@jnu.ac.kr,3,1
105217,더미학생05217,2,010-9052-5217,dummy05217@jnu.ac.kr,4,2
105218,더미학생05218,3,010-9052-5218,dummy05218@jnu.ac.kr,5,3
105219,더미학생05219,4,010-9052-5219,dummy05219@jnu.ac.kr,6,4
105220,더미학생05220,1,010-9052-5220,dummy05220@jnu.ac.kr,1,5
105221,더미학생05221,2,010-9052-5221,dummy05221@jnu.ac.kr,2,6
105222,더미학생05222,3,010-9052-5222,dummy05222@jnu.ac.kr,3,7
105223,더미학생05223,4,010-9052-5223,dummy05223@jnu.ac.kr,4,8
105224,더미학생05224,1,010-9052-5224,dummy05224@jnu.ac.kr,5,1
105225,더미학생05225,2,010-9052-5225,dummy05225@jnu.ac.kr,6,2
105226,더미학생05226,3,010-9052-5226,dummy05226@jnu.ac.kr,1,3
105227,더미학생05227,4,010-9052-5227,dummy05227@jnu.ac.kr,2,4
105228,더미학생05228,1,010-9052-5228,dummy05228@jnu.ac.kr,3,5
105229,더미학생05229,2,010-9052-5229,dummy05229@jnu.ac.kr,4,6
105230,더미학생05230,3,010-9052-5230,dummy05230@jnu.ac.kr,5,7
105231,더미학생05231,4,010-9052-5231,dummy05231@jnu.ac.kr,6,8
105232,더미학생05232,1,010-9052-5232,dummy05232@jnu.ac.kr,1,1
105233,더미학생05233,2,010-9052-5233,dummy05233@jnu.ac.kr,2,2
105234,더미학생05234,3,010-9052-5234,dummy05234@jnu.ac.kr,3,3
105235,더미학생05235,4,010-9052-5235,dummy05235@jnu.ac.kr,4,4
105236,더미학생05236,1,010-9052-5236,dummy05236@jnu.ac.kr,5,5
105237,더미학생05237,2,010-9052-5237,dummy05237@jnu.ac.kr,6,6
105238,더미학생05238,3,010-9052-5238,dummy05238@jnu.ac.kr,1,7
105239,더미학생05239,4,010-9052-5239,dummy05239@jnu.ac.kr,2,8
105240,더미학생05240,1,010-9052-5240,dummy05240@jnu.ac.kr,3,1
105241,더미학생05241,2,010-9052-5241,dummy05241@jnu.ac.kr,4,2
105242,더미학생05242,3,010-9052-5242,dummy05242@jnu.ac.kr,5,3
105243,더미학생05243,4,010-9052-5243,dummy05243@jnu.ac.kr,6,4
105244,더미학생05244,1,010-9052-5244,dummy05244@jnu.ac.kr,1,5
105245,더미학생05245,2,010-9052-5245,dummy05245@jnu.ac.kr,2,6
105246,더미학생05246,3,010-9052-5246,dummy05246@jnu.ac.kr,3,7
105247,더미학생05247,4,010-9052-5247,dummy05247@jnu.ac.kr,4,8
105248,더미학생05248,1,010-9052-5248,dummy05248@jnu.ac.kr,5,1
105249,더미학생05249,2,010-9052-5249,dummy05249@jnu.ac.kr,6,2
105250,더미학생05250,3,010-9052-5250,dummy05250@jnu.ac.kr,1,3
105251,더미학생05251,4,010-9052-5251,dummy05251@jnu.ac.kr,2,4
105252,더미학생05252,1,010-9052-5252,dummy05252@jnu.ac.kr,3,5
105253,더미학생05253,2,010-9052-5253,dummy05253@jnu.ac.kr,4,6
105254,더미학생05254,3,010-9052-5254,dummy05254@jnu.ac.kr,5,7
105255,더미학생05255,4,010-9052-5255,dummy05255@jnu.ac.kr,6,8
105256,더미학생05256,1,010-9052-5256,dummy05256@jnu.ac.kr,1,1
105257,더미학생05257,2,010-9052-5257,dummy05257@jnu.ac.kr,2,2
105258,더미학생05258,3,010-9052-5258,dummy05258@jnu.ac.kr,3,3
105259,더미학생05259,4,010-9052-5259,dummy05259@jnu.ac.kr,4,4
105260,더미학생05260,1,010-9052-5260,dummy05260@jnu.ac.kr,5,5
105261,더미학생05261,2,010-9052-5261,dummy05261@jnu.ac.kr,6,6
105262,더미학생05262,3,010-9052-5262,dummy05262@jnu.ac.kr,1,7
105263,더미학생05263,4,010-9052-5263,dummy05263@jnu.ac.kr,2,8
105264,더미학생05264,1,010-9052-5264,dummy05264@jnu.ac.kr,3,1
105265,더미학생05265,2,010-9052-5265,dummy05265@jnu.ac.kr,4,2
105266,더미학생05266,3,010-9052-5266,dummy05266@jnu.ac.kr,5,3
105267,더미학생05267,4,010-9052-5267,dummy05267@jnu.ac.kr,6,4
105268,더미학생05268,1,010-9052-5268,dummy05268@jnu.ac.kr,1,5
105269,더미학생05269,2,010-9052-5269,dummy05269@jnu.ac.kr,2,6
105270,더미학생05270,3,010-9052-5270,dummy05270@jnu.ac.kr,3,7
105271,더미학생05271,4,010-9052-5271,dummy05271@jnu.ac.kr,4,8
105272,더미학생05272,1,010-9052-5272,dummy05272@jnu.ac.kr,5,1
105273,더미학생05273,2,010-9052-5273,dummy05273@jnu.ac.kr,6,2
105274,더미학생05274,3,010-9052-5274,dummy05274@jnu.ac.kr,1,3
105275,더미학생05275,4,010-9052-5275,dummy05275@jnu.ac.kr,2,4
105276,더미학생05276,1,010-9052-5276,dummy05276@jnu.ac.kr,3,5
105277,더미학생05277,2,010-9052-5277,dummy05277@jnu.ac.kr,4,6
105278,더미학생05278,3,010-9052-5278,dummy05278@jnu.ac.kr,5,7
105279,더미학생05279,4,010-9052-5279,dummy05279@jnu.ac.kr,6,8
105280,더미학생05280,1,010-9052-5280,dummy05280@jnu.ac.kr,1,1
105281,더미학생05281,2,010-9052-5281,dummy05281@jnu.ac.kr,2,2
105282,더미학생05282,3,010-9052-5282,dummy05282@jnu.ac.kr,3,3
105283,더미학생05283,4,010-9052-5283,dummy05283@jnu.ac.kr,4,4
105284,더미학생05284,1,010-9052-5284,dummy05284@jnu.ac.kr,5,5
105285,더미학생05285,2,010-9052-5285,dummy05285@jnu.ac.kr,6,6
105286,더미학생05286,3,010-9052-5286,dummy05286@jnu.ac.kr,1,7
105287,더미학생05287,4,010-9052-5287,dummy05287@jnu.ac.kr,2,8
105288,더미학생05288,1,010-9052-5288,dummy05288@jnu.ac.kr,3,1
105289,더미학생05289,2,010-9052-5289,dummy05289@jnu.ac.kr,4,2
105290,더미학생05290,3,010-9052-5290,dummy05290@jnu.ac.kr,5,3
105291,더미학생05291,4,010-9052-5291,dummy05291@jnu.ac.kr,6,4
105292,더미학생05292,1,010-9052-5292,dummy05292@jnu.ac.kr,1,5
105293,더미학생05293,2,010-9052-5293,dummy05293@jnu.ac.kr,2,6
105294,더미학생05294,3,010-9052-5294,dummy05294@jnu.ac.kr,3,7
105295,더미학생05295,4,010-9052-5295,dummy05295@jnu.ac.kr,4,8
105296,더미학생05296,1,010-9052-5296,dummy05296@jnu.ac.kr,5,1
105297,더미학생05297,2,010-9052-5297,dummy05297@jnu.ac.kr,6,2
105298,더미학생05298,3,010-9052-5298,dummy05298@jnu.ac.kr,1,3
105299,더미학생05299,4,010-9052-5299,dummy05299@jnu.ac.kr,2,4
105300,더미학생05300,1,010-9053-5300,dummy05300@jnu.ac.kr,3,5
105301,더미학생05301,2,010-9053-5301,dummy05301@jnu.ac.kr,4,6
105302,더미학생05302,3,010-9053-5302,dummy05302@jnu.ac.kr,5,7
105303,더미학생05303,4,010-9053-5303,dummy05303@jnu.ac.kr,6,8
105304,더미학생05304,1,010-9053-5304,dummy05304@jnu.ac.kr,1,1
105305,더미학생05305,2,010-9053-5305,dummy05305@jnu.ac.kr,2,2
105306,더미학생05306,3,010-9053-5306,dummy05306@jnu.ac.kr,3,3
105307,더미학생05307,4,010-9053-5307,dummy05307@jnu.ac.kr,4,4
105308,더미학생05308,1,010-9053-5308,dummy05308@jnu.ac.kr,5,5
105309,더미학생05309,2,010-9053-5309,dummy05309@jnu.ac.kr,6,6
105310,더미학생05310,3,010-9053-5310,dummy05310@jnu.ac.kr,1,7
105311,더미학생05311,4,010-9053-5311,dummy05311@jnu.ac.kr,2,8
105312,더미학생05312,1,010-9053-5312,dummy05312@jnu.ac.kr,3,1
105313,더미학생05313,2,010-9053-5313,dummy05313@jnu.ac.kr,4,2
105314,더미학생05314,3,010-9053-5314,dummy05314@jnu.ac.kr,5,3
105315,더미학생05315,4,010-9053-5315,dummy05315@jnu.ac.kr,6,4
105316,더미학생05316,1,010-9053-5316,dummy05316@jnu.ac.kr,1,5
105317,더미학생05317,2,010-9053-5317,dummy05317@jnu.ac.kr,2,6
105318,더미학생05318,3,010-9053-5318,dummy05318@jnu.ac.kr,3,7
105319,더미학생05319,4,010-9053-5319,dummy05319@jnu.ac.kr,4,8
105320,더미학생05320,1,010-9053-5320,dummy05320@jnu.ac.kr,5,1
105321,더미학생05321,2,010-9053-5321,dummy05321@jnu.ac.kr,6,2
105322,더미학생05322,3,010-9053-5322,dummy05322@jnu.ac.kr,1,3
105323,더미학생05323,4,010-9053-5323,dummy05323@jnu.ac.kr,2,4
105324,더미학생05324,1,010-9053-5324,dummy05324@jnu.ac.kr,3,5
105325,더미학생05325,2,010-9053-5325,dummy05325@jnu.ac.kr,4,6
105326,더미학생05326,3,010-9053-5326,dummy05326@jnu.ac.kr,5,7
105327,더미학생05327,4,010-9053-5327,dummy05327@jnu.ac.kr,6,8
105328,더미학생05328,1,010-9053-5328,dummy05328@jnu.ac.kr,1,1
105329,더미학생05329,2,010-9053-5329,dummy05329@jnu.ac.kr,2,2
105330,더미학생05330,3,010-9053-5330,dummy05330@jnu.ac.kr,3,3
105331,더미학생05331,4,010-9053-5331,dummy05331@jnu.ac.kr,4,4
105332,더미학생05332,1,010-9053-5332,dummy05332@jnu.ac.kr,5,5
105333,더미학생05333,2,010-9053-5333,dummy05333@jnu.ac.kr,6,6
105334,더미학생05334,3,010-9053-5334,dummy05334@jnu.ac.kr,1,7
105335,더미학생05335,4,010-9053-5335,dummy05335@jnu.ac.kr,2,8
105336,더미학생05336,1,010-9053-5336,dummy05336@jnu.ac.kr,3,1
105337,더미학생05337,2,010-9053-5337,dummy05337@jnu.ac.kr,4,2
105338,더미학생05338,3,010-9053-5338,dummy05338@jnu.ac.kr,5,3
105339,더미학생05339,4,010-9053-5339,dummy05339@jnu.ac.kr,6,4
105340,더미학생05340,1,010-9053-5340,dummy05340@jnu.ac.kr,1,5
105341,더미학생05341,2,010-9053-5341,dummy05341@jnu.ac.kr,2,6
105342,더미학생05342,3,010-9053-5342,dummy05342@jnu.ac.kr,3,7
105343,더미학생05343,4,010-9053-5343,dummy05343@jnu.ac.kr,4,8
105344,더미학생05344,1,010-9053-5344,dummy05344@jnu.ac.kr,5,1
105345,더미학생05345,2,010-9053-5345,dummy05345@jnu.ac.kr,6,2
105346,더미학생05346,3,010-9053-5346,dummy05346@jnu.ac.kr,1,3
105347,더미학생05347,4,010-9053-5347,dummy05347@jnu.ac.kr,2,4
105348,더미학생05348,1,010-9053-5348,dummy05348@jnu.ac.kr,3,5
105349,더미학생05349,2,010-9053-5349,dummy05349@jnu.ac.kr,4,6
105350,더미학생05350,3,010-9053-5350,dummy05350@jnu.ac.kr,5,7
105351,더미학생05351,4,010-9053-5351,dummy05351@jnu.ac.kr,6,8
105352,더미학생05352,1,010-9053-5352,dummy05352@jnu.ac.kr,1,1
105353,더미학생05353,2,010-9053-5353,dummy05353@jnu.ac.kr,2,2
105354,더미학생05354,3,010-9053-5354,dummy05354@jnu.ac.kr,3,3
105355,더미학생05355,4,010-9053-5355,dummy05355@jnu.ac.kr,4,4
105356,더미학생05356,1,010-9053-5356,dummy05356@jnu.ac.kr,5,5
105357,더미학생05357,2,010-9053-5357,dummy05357@jnu.ac.kr,6,6
105358,더미학생05358,3,010-9053-5358,dummy05358@jnu.ac.kr,1,7
105359,더미학생05359,4,010-9053-5359,dummy05359@jnu.ac.kr,2,8
105360,더미학생05360,1,010-9053-5360,dummy05360@jnu.ac.kr,3,1
105361,더미학생05361,2,010-9053-5361,dummy05361@jnu.ac.kr,4,2
105362,더미학생05362,3,010-9053-5362,dummy05362@jnu.ac.kr,5,3
105363,더미학생05363,4,010-9053-5363,dummy05363@jnu.ac.kr,6,4
105364,더미학생05364,1,010-9053-5364,dummy05364@jnu.ac.kr,1,5
105365,더미학생05365,2,010-9053-5365,dummy05365@jnu.ac.kr,2,6
105366,더미학생05366,3,010-9053-5366,dummy05366@jnu.ac.kr,3,7
105367,더미학생05367,4,010-9053-5367,dummy05367@jnu.ac.kr,4,8
105368,더미학생05368,1,010-9053-5368,dummy05368@jnu.ac.kr,5,1
105369,더미학생05369,2,010-9053-5369,dummy05369@jnu.ac.kr,6,2
105370,더미학생05370,3,010-9053-5370,dummy05370@jnu.ac.kr,1,3
105371,더미학생05371,4,010-9053-5371,dummy05371@jnu.ac.kr,2,4
105372,더미학생05372,1,010-9053-5372,dummy05372@jnu.ac.kr,3,5
105373,더미학생05373,2,010-9053-5373,dummy05373@jnu.ac.kr,4,6
105374,더미학생05374,3,010-9053-5374,dummy05374@jnu.ac.kr,5,7
105375,더미학생05375,4,010-9053-5375,dummy05375@jnu.ac.kr,6,8
105376,더미학생05376,1,010-9053-5376,dummy05376@jnu.ac.kr,1,1
105377,더미학생05377,2,010-9053-5377,dummy05377@jnu.ac.kr,2,2
105378,더미학생05378,3,010-9053-5378,dummy05378@jnu.ac.kr,3,3
105379,더미학생05379,4,010-9053-5379,dummy05379@jnu.ac.kr,4,4
105380,더미학생05380,1,010-9053-5380,dummy05380@jnu.ac.kr,5,5
105381,더미학생05381,2,010-9053-5381,dummy05381@jnu.ac.kr,6,6
105382,더미학생05382,3,010-9053-5382,dummy05382@jnu.ac.kr,1,7
105383,더미학생05383,4,010-9053-5383,dummy05383@jnu.ac.kr,2,8
105384,더미학생05384,1,010-9053-5384,dummy05384@jnu.ac.kr,3,1
105385,더미학생05385,2,010-9053-5385,dummy05385@jnu.ac.kr,4,2
105386,더미학생05386,3,010-9053-5386,dummy05386@jnu.ac.kr,5,3
105387,더미학생05387,4,010-9053-5387,dummy05387@jnu.ac.kr,6,4
105388,더미학생05388,1,010-9053-5388,dummy05388@jnu.ac.kr,1,5
105389,더미학생05389,2,010-9053-5389,dummy05389@jnu.ac.kr,2,6
105390,더미학생05390,3,010-9053-5390,dummy05390@jnu.ac.kr,3,7
105391,더미학생05391,4,010-9053-5391,dummy05391@jnu.ac.kr,4,8
105392,더미학생05392,1,010-9053-5392,dummy05392@jnu.ac.kr,5,1
105393,더미학생05393,2,010-9053-5393,dummy05393@jnu.ac.kr,6,2
105394,더미학생05394,3,010-9053-5394,dummy05394@jnu.ac.kr,1,3
105395,더미학생05395,4,010-9053-5395,dummy05395@jnu.ac.kr,2,4
105396,더미학생05396,1,010-9053-5396,dummy05396@jnu.ac.kr,3,5
105397,더미학생05397,2,010-9053-5397,dummy05397@jnu.ac.kr,4,6
105398,더미학생05398,3,010-9053-5398,dummy05398@jnu.ac.kr,5,7
105399,더미학생05399,4,010-9053-5399,dummy05399@jnu.ac.kr,6,8
105400,더미학생05400,1,010-9054-5400,dummy05400@jnu.ac.kr,1,1
105401,더미학생05401,2,010-9054-5401,dummy05401@jnu.ac.kr,2,2
105402,더미학생05402,3,010-9054-5402,dummy05402@jnu.ac.kr,3,3
105403,더미학생05403,4,010-9054-5403,dummy05403@jnu.ac.kr,4,4
105404,더미학생05404,1,010-9054-5404,dummy05404@jnu.ac.kr,5,5
105405,더미학생05405,2,010-9054-5405,dummy05405@jnu.ac.kr,6,6
105406,더미학생05406,3,010-9054-5406,dummy05406@jnu.ac.kr,1,7
105407,더미학생05407,4,010-9054-5407,dummy05407@jnu.ac.kr,2,8
105408,더미학생05408,1,010-9054-5408,dummy05408@jnu.ac.kr,3,1
105409,더미학생05409,2,010-9054-5409,dummy05409@jnu.ac.kr,4,2
105410,더미학생05410,3,010-9054-5410,dummy05410@jnu.ac.kr,5,3
105411,더미학생05411,4,010-9054-5411,dummy05411@jnu.ac.kr,6,4
105412,더미학생05412,1,010-9054-5412,dummy05412@jnu.ac.kr,1,5
105413,더미학생05413,2,010-9054-5413,dummy05413@jnu.ac.kr,2,6
105414,더미학생05414,3,010-9054-5414,dummy05414@jnu.ac.kr,3,7
105415,더미학생05415,4,010-9054-5415,dummy05415@jnu.ac.kr,4,8
105416,더미학생05416,1,010-9054-5416,dummy05416@jnu.ac.kr,5,1
105417,더미학생05417,2,010-9054-5417,dummy05417@jnu.ac.kr,6,2
105418,더미학생05418,3,010-9054-5418,dummy05418@jnu.ac.kr,1,3
105419,더미학생05419,4,010-9054-5419,dummy05419@jnu.ac.kr,2,4
105420,더미학생05420,1,010-9054-5420,dummy05420@jnu.ac.kr,3,5
105421,더미학생05421,2,010-9054-5421,dummy05421@jnu.ac.kr,4,6
105422,더미학생05422,3,010-9054-5422,dummy05422@jnu.ac.kr,5,7
105423,더미학생05423,4,010-9054-5423,dummy05423@jnu.ac.kr,6,8
105424,더미학생05424,1,010-9054-5424,dummy05424@jnu.ac.kr,1,1
105425,더미학생05425,2,010-9054-5425,dummy05425@jnu.ac.kr,2,2
105426,더미학생05426,3,010-9054-5426,dummy05426@jnu.ac.kr,3,3
105427,더미학생05427,4,010-9054-5427,dummy05427@jnu.ac.kr,4,4
105428,더미학생05428,1,010-9054-5428,dummy05428@jnu.ac.kr,5,5
105429,더미학생05429,2,010-9054-5429,dummy05429@jnu.ac.kr,6,6
105430,더미학생05430,3,010-9054-5430,dummy05430@jnu.ac.kr,1,7
105431,더미학생05431,4,010-9054-5431,dummy05431@jnu.ac.kr,2,8
105432,더미학생05432,1,010-9054-5432,dummy05432@jnu.ac.kr,3,1
105433,더미학생05433,2,010-9054-5433,dummy05433@jnu.ac.kr,4,2
105434,더미학생05434,3,010-9054-5434,dummy05434@jnu.ac.kr,5,3
105435,더미학생05435,4,010-9054-5435,dummy05435@jnu.ac.kr,6,4
105436,더미학생05436,1,010-9054-5436,dummy05436@jnu.ac.kr,1,5
105437,더미학생05437,2,010-9054-5437,dummy05437@jnu.ac.kr,2,6
105438,더미학생05438,3,010-9054-5438,dummy05438@jnu.ac.kr,3,7
105439,더미학생05439,4,010-9054-5439,dummy05439@jnu.ac.kr,4,8
105440,더미학생05440,1,010-9054-5440,dummy05440@jnu.ac.kr,5,1
105441,더미학생05441,2,010-9054-5441,dummy05441@jnu.ac.kr,6,2
105442,더미학생05442,3,010-9054-5442,dummy05442@jnu.ac.kr,1,3
105443,더미학생05443,4,010-9054-5443,dummy05443@jnu.ac.kr,2,4
105444,더미학생05444,1,010-9054-5444,dummy05444@jnu.ac.kr,3,5
105445,더미학생05445,2,010-9054-5445,dummy05445@jnu.ac.kr,4,6
105446,더미학생05446,3,010-9054-5446,dummy05446@jnu.ac.kr,5,7
105447,더미학생05447,4,010-9054-5447,dummy05447@jnu.ac.kr,6,8
105448,더미학생05448,1,010-9054-5448,dummy05448@jnu.ac.kr,1,1
105449,더미학생05449,2,010-9054-5449,dummy05449@jnu.ac.kr,2,2
105450,더미학생05450,3,010-9054-5450,dummy05450@jnu.ac.kr,3,3
105451,더미학생05451,4,010-9054-5451,dummy05451@jnu.ac.kr,4,4
105452,더미학생05452,1,010-9054-5452,dummy05452@jnu.ac.kr,5,5
105453,더미학생05453,2,010-9054-5453,dummy05453@jnu.ac.kr,6,6
105454,더미학생05454,3,010-9054-5454,dummy05454@jnu.ac.kr,1,7
105455,더미학생05455,4,010-9054-5455,dummy05455@jnu.ac.kr,2,8
105456,더미학생05456,1,010-9054-5456,dummy05456@jnu.ac.kr,3,1
105457,더미학생05457,2,010-9054-5457,dummy05457@jnu.ac.kr,4,2
105458,더미학생05458,3,010-9054-5458,dummy05458@jnu.ac.kr,5,3
105459,더미학생05459,4,010-9054-5459,dummy05459@jnu.ac.kr,6,4
105460,더미학생05460,1,010-9054-5460,dummy05460@jnu.ac.kr,1,5
105461,더미학생05461,2,010-9054-5461,dummy05461@jnu.ac.kr,2,6
105462,더미학생05462,3,010-9054-5462,dummy05462@jnu.ac.kr,3,7
105463,더미학생05463,4,010-9054-5463,dummy05463@jnu.ac.kr,4,8
105464,더미학생05464,1,010-9054-5464,dummy05464@jnu.ac.kr,5,1
105465,더미학생05465,2,010-9054-5465,dummy05465@jnu.ac.kr,6,2
105466,더미학생05466,3,010-9054-5466,dummy05466@jnu.ac.kr,1,3
105467,더미학생05467,4,010-9054-5467,dummy05467@jnu.ac.kr,2,4
105468,더미학생05468,1,010-9054-5468,dummy05468@jnu.ac.kr,3,5
105469,더미학생05469,2,010-9054-5469,dummy05469@jnu.ac.kr,4,6
105470,더미학생05470,3,010-9054-5470,dummy05470@jnu.ac.kr,5,7
105471,더미학생05471,4,010-9054-5471,dummy05471@jnu.ac.kr,6,8
105472,더미학생05472,1,010-9054-5472,dummy05472@jnu.ac.kr,1,1
105473,더미학생05473,2,010-9054-5473,dummy05473@jnu.ac.kr,2,2
105474,더미학생05474,3,010-9054-5474,dummy05474@jnu.ac.kr,3,3
105475,더미학생05475,4,010-9054-5475,dummy05475@jnu.ac.kr,4,4
105476,더미학생05476,1,010-9054-5476,dummy05476@jnu.ac.kr,5,5
105477,더미학생05477,2,010-9054-5477,dummy05477@jnu.ac.kr,6,6
105478,더미학생05478,3,010-9054-5478,dummy05478@jnu.ac.kr,1,7
105479,더미학생05479,4,010-9054-5479,dummy05479@jnu.ac.kr,2,8
105480,더미학생05480,1,010-9054-5480,dummy05480@jnu.ac.kr,3,1
105481,더미학생05481,2,010-9054-5481,dummy05481@jnu.ac.kr,4,2
105482,더미학생05482,3,010-9054-5482,dummy05482@jnu.ac.kr,5,3
105483,더미학생05483,4,010-9054-5483,dummy05483@jnu.ac.kr,6,4
105484,더미학생05484,1,010-9054-5484,dummy05484@jnu.ac.kr,1,5
105485,더미학생05485,2,010-9054-5485,dummy05485@jnu.ac.kr,2,6
105486,더미학생05486,3,010-9054-5486,dummy05486@jnu.ac.kr,3,7
105487,더미학생05487,4,010-9054-5487,dummy05487@jnu.ac.kr,4,8
105488,더미학생05488,1,010-9054-5488,dummy05488@jnu.ac.kr,5,1
105489,더미학생05489,2,010-9054-5489,dummy05489@jnu.ac.kr,6,2
105490,더미학생05490,3,010-9054-5490,dummy05490@jnu.ac.kr,1,3
105491,더미학생05491,4,010-9054-5491,dummy05491@jnu.ac.kr,2,4
105492,더미학생05492,1,010-9054-5492,dummy05492@jnu.ac.kr,3,5
105493,더미학생05493,2,010-9054-5493,dummy05493@jnu.ac.kr,4,6
105494,더미학생05494,3,010-9054-5494,dummy05494@jnu.ac.kr,5,7
105495,더미학생05495,4,010-9054-5495,dummy05495@jnu.ac.kr,6,8
105496,더미학생05496,1,010-9054-5496,dummy05496@jnu.ac.kr,1,1
105497,더미학생05497,2,010-9054-5497,dummy05497@jnu.ac.kr,2,2
105498,더미학생05498,3,010-9054-5498,dummy05498@jnu.ac.kr,3,3
105499,더미학생05499,4,010-9054-5499,dummy05499@jnu.ac.kr,4,4
105500,더미학생05500,1,010-9055-5500,dummy05500@jnu.ac.kr,5,5
105501,더미학생05501,2,010-9055-5501,dummy05501@jnu.ac.kr,6,6
105502,더미학생05502,3,010-9055-5502,dummy05502@jnu.ac.kr,1,7
105503,더미학생05503,4,010-9055-5503,dummy05503@jnu.ac.kr,2,8
105504,더미학생05504,1,010-9055-5504,dummy05504@jnu.ac.kr,3,1
105505,더미학생05505,2,010-9055-5505,dummy05505@jnu.ac.kr,4,2
105506,더미학생05506,3,010-9055-5506,dummy05506@jnu.ac.kr,5,3
105507,더미학생05507,4,010-9055-5507,dummy05507@jnu.ac.kr,6,4
105508,더미학생05508,1,010-9055-5508,dummy05508@jnu.ac.kr,1,5
105509,더미학생05509,2,010-9055-5509,dummy05509@jnu.ac.kr,2,6
105510,더미학생05510,3,010-9055-5510,dummy05510@jnu.ac.kr,3,7
105511,더미학생05511,4,010-9055-5511,dummy05511@jnu.ac.kr,4,8
105512,더미학생05512,1,010-9055-5512,dummy05512@jnu.ac.kr,5,1
105513,더미학생05513,2,010-9055-5513,dummy05513@jnu.ac.kr,6,2
105514,더미학생05514,3,010-9055-5514,dummy05514@jnu.ac.kr,1,3
105515,더미학생05515,4,010-9055-5515,dummy05515@jnu.ac.kr,2,4
105516,더미학생05516,1,010-9055-5516,dummy05516@jnu.ac.kr,3,5
105517,더미학생05517,2,010-9055-5517,dummy05517@jnu.ac.kr,4,6
105518,더미학생05518,3,010-9055-5518,dummy05518@jnu.ac.kr,5,7
105519,더미학생05519,4,010-9055-5519,dummy05519@jnu.ac.kr,6,8
105520,더미학생05520,1,010-9055-5520,dummy05520@jnu.ac.kr,1,1
105521,더미학생05521,2,010-9055-5521,dummy05521@jnu.ac.kr,2,2
105522,더미학생05522,3,010-9055-5522,dummy05522@jnu.ac.kr,3,3
105523,더미학생05523,4,010-9055-5523,dummy05523@jnu.ac.kr,4,4
105524,더미학생05524,1,010-9055-5524,dummy05524@jnu.ac.kr,5,5
105525,더미학생05525,2,010-9055-5525,dummy05525@jnu.ac.kr,6,6
105526,더미학생05526,3,010-9055-5526,dummy05526@jnu.ac.kr,1,7
105527,더미학생05527,4,010-9055-5527,dummy05527@jnu.ac.kr,2,8
105528,더미학생05528,1,010-9055-5528,dummy05528@jnu.ac.kr,3,1
105529,더미학생05529,2,010-9055-5529,dummy05529@jnu.ac.kr,4,2
105530,더미학생05530,3,010-9055-5530,dummy05530@jnu.ac.kr,5,3
105531,더미학생05531,4,010-9055-5531,dummy05531@jnu.ac.kr,6,4
105532,더미학생05532,1,010-9055-5532,dummy05532@jnu.ac.kr,1,5
105533,더미학생05533,2,010-9055-5533,dummy05533@jnu.ac.kr,2,6
105534,더미학생05534,3,010-9055-5534,dummy05534@jnu.ac.kr,3,7
105535,더미학생05535,4,010-9055-5535,dummy05535@jnu.ac.kr,4,8
105536,더미학생05536,1,010-9055-5536,dummy05536@jnu.ac.kr,5,1
105537,더미학생05537,2,010-9055-5537,dummy05537@jnu.ac.kr,6,2
105538,더미학생05538,3,010-9055-5538,dummy05538@jnu.ac.kr,1,3
105539,더미학생05539,4,010-9055-5539,dummy05539@jnu.ac.kr,2,4
105540,더미학생05540,1,010-9055-5540,dummy05540@jnu.ac.kr,3,5
105541,더미학생05541,2,010-9055-5541,dummy05541@jnu.ac.kr,4,6
105542,더미학생05542,3,010-9055-5542,dummy05542@jnu.ac.kr,5,7
105543,더미학생05543,4,010-9055-5543,dummy05543@jnu.ac.kr,6,8
105544,더미학생05544,1,010-9055-5544,dummy05544@jnu.ac.kr,1,1
105545,더미학생05545,2,010-9055-5545,dummy05545@jnu.ac.kr,2,2
105546,더미학생05546,3,010-9055-5546,dummy05546@jnu.ac.kr,3,3
105547,더미학생05547,4,010-9055-5547,dummy05547@jnu.ac.kr,4,4
105548,더미학생05548,1,010-9055-5548,dummy05548@jnu.ac.kr,5,5
105549,더미학생05549,2,010-9055-5549,dummy05549@jnu.ac.kr,6,6
105550,더미학생05550,3,010-9055-5550,dummy05550@jnu.ac.kr,1,7
105551,더미학생05551,4,010-9055-5551,dummy05551@jnu.ac.kr,2,8
105552,더미학생05552,1,010-9055-5552,dummy05552@jnu.ac.kr,3,1
105553,더미학생05553,2,010-9055-5553,dummy05553@jnu.ac.kr,4,2
105554,더미학생05554,3,010-9055-5554,dummy05554@jnu.ac.kr,5,3
105555,더미학생05555,4,010-9055-5555,dummy05555@jnu.ac.kr,6,4
105556,더미학생05556,1,010-9055-5556,dummy05556@jnu.ac.kr,1,5
105557,더미학생05557,2,010-9055-5557,dummy05557@jnu.ac.kr,2,6
105558,더미학생05558,3,010-9055-5558,dummy05558@jnu.ac.kr,3,7
105559,더미학생05559,4,010-9055-5559,dummy05559@jnu.ac.kr,4,8
105560,더미학생05560,1,010-9055-5560,dummy05560@jnu.ac.kr,5,1
105561,더미학생05561,2,010-9055-5561,dummy05561@jnu.ac.kr,6,2
105562,더미학생05562,3,010-9055-5562,dummy05562@jnu.ac.kr,1,3
105563,더미학생05563,4,010-9055-5563,dummy05563@jnu.ac.kr,2,4
105564,더미학생05564,1,010-9055-5564,dummy05564@jnu.ac.kr,3,5
105565,더미학생05565,2,010-9055-5565,dummy05565@jnu.ac.kr,4,6
105566,더미학생05566,3,010-9055-5566,dummy05566@jnu.ac.kr,5,7
105567,더미학생05567,4,010-9055-5567,dummy05567@jnu.ac.kr,6,8
105568,더미학생05568,1,010-9055-5568,dummy05568@jnu.ac.kr,1,1
105569,더미학생05569,2,010-9055-5569,dummy05569@jnu.ac.kr,2,2
105570,더미학생05570,3,010-9055-5570,dummy05570@jnu.ac.kr,3,3
105571,더미학생05571,4,010-9055-5571,dummy05571@jnu.ac.kr,4,4
105572,더미학생05572,1,010-9055-5572,dummy05572@jnu.ac.kr,5,5
105573,더미학생05573,2,010-9055-5573,dummy05573@jnu.ac.kr,6,6
105574,더미학생05574,3,010-9055-5574,dummy05574@jnu.ac.kr,1,7
105575,더미학생05575,4,010-9055-5575,dummy05575@jnu.ac.kr,2,8
105576,더미학생05576,1,010-9055-5576,dummy05576@jnu.ac.kr,3,1
105577,더미학생05577,2,010-9055-5577,dummy05577@jnu.ac.kr,4,2
105578,더미학생05578,3,010-9055-5578,dummy05578@jnu.ac.kr,5,3
105579,더미학생05579,4,010-9055-5579,dummy05579@jnu.ac.kr,6,4
105580,더미학생05580,1,010-9055-5580,dummy05580@jnu.ac.kr,1,5
105581,더미학생05581,2,010-9055-5581,dummy05581@jnu.ac.kr,2,6
105582,더미학생05582,3,010-9055-5582,dummy05582@jnu.ac.kr,3,7
105583,더미학생05583,4,010-9055-5583,dummy05583@jnu.ac.kr,4,8
105584,더미학생05584,1,010-9055-5584,dummy05584@jnu.ac.kr,5,1
105585,더미학생05585,2,010-9055-5585,dummy05585@jnu.ac.kr,6,2
105586,더미학생05586,3,010-9055-5586,dummy05586@jnu.ac.kr,1,3
105587,더미학생05587,4,010-9055-5587,dummy05587@jnu.ac.kr,2,4
105588,더미학생05588,1,010-9055-5588,dummy05588@jnu.ac.kr,3,5
105589,더미학생05589,2,010-9055-5589,dummy05589@jnu.ac.kr,4,6
105590,더미학생05590,3,010-9055-5590,dummy05590@jnu.ac.kr,5,7
105591,더미학생05591,4,010-9055-5591,dummy05591@jnu.ac.kr,6,8
105592,더미학생05592,1,010-9055-5592,dummy05592@jnu.ac.kr,1,1
105593,더미학생05593,2,010-9055-5593,dummy05593@jnu.ac.kr,2,2
105594,더미학생05594,3,010-9055-5594,dummy05594@jnu.ac.kr,3,3
105595,더미학생05595,4,010-9055-5595,dummy05595@jnu.ac.kr,4,4
105596,더미학생05596,1,010-9055-5596,dummy05596@jnu.ac.kr,5,5
105597,더미학생05597,2,010-9055-5597,dummy05597@jnu.ac.kr,6,6
105598,더미학생05598,3,010-9055-5598,dummy05598@jnu.ac.kr,1,7
105599,더미학생05599,4,010-9055-5599,dummy05599@jnu.ac.kr,2,8
105600,더미학생05600,1,010-9056-5600,dummy05600@jnu.ac.kr,3,1
105601,더미학생05601,2,010-9056-5601,dummy05601@jnu.ac.kr,4,2
105602,더미학생05602,3,010-9056-5602,dummy05602@jnu.ac.kr,5,3
105603,더미학생05603,4,010-9056-5603,dummy05603@jnu.ac.kr,6,4
105604,더미학생05604,1,010-9056-5604,dummy05604@jnu.ac.kr,1,5
105605,더미학생05605,2,010-9056-5605,dummy05605@jnu.ac.kr,2,6
105606,더미학생05606,3,010-9056-5606,dummy05606@jnu.ac.kr,3,7
105607,더미학생05607,4,010-9056-5607,dummy05607@jnu.ac.kr,4,8
105608,더미학생05608,1,010-9056-5608,dummy05608@jnu.ac.kr,5,1
105609,더미학생05609,2,010-9056-5609,dummy05609@jnu.ac.kr,6,2
105610,더미학생05610,3,010-9056-5610,dummy05610@jnu.ac.kr,1,3
105611,더미학생05611,4,010-9056-5611,dummy05611@jnu.ac.kr,2,4
105612,더미학생05612,1,010-9056-5612,dummy05612@jnu.ac.kr,3,5
105613,더미학생05613,2,010-9056-5613,dummy05613@jnu.ac.kr,4,6
105614,더미학생05614,3,010-9056-5614,dummy05614@jnu.ac.kr,5,7
105615,더미학생05615,4,010-9056-5615,dummy05615@jnu.ac.kr,6,8
105616,더미학생05616,1,010-9056-5616,dummy05616@jnu.ac.kr,1,1
105617,더미학생05617,2,010-9056-5617,dummy05617@jnu.ac.kr,2,2
105618,더미학생05618,3,010-9056-5618,dummy05618@jnu.ac.kr,3,3
105619,더미학생05619,4,010-9056-5619,dummy05619@jnu.ac.kr,4,4
105620,더미학생05620,1,010-9056-5620,dummy05620@jnu.ac.kr,5,5
105621,더미학생05621,2,010-9056-5621,dummy05621@jnu.ac.kr,6,6
105622,더미학생05622,3,010-9056-5622,dummy05622@jnu.ac.kr,1,7
105623,더미학생05623,4,010-9056-5623,dummy05623@jnu.ac.kr,2,8
105624,더미학생05624,1,010-9056-5624,dummy05624@jnu.ac.kr,3,1
105625,더미학생05625,2,010-9056-5625,dummy05625@jnu.ac.kr,4,2
105626,더미학생05626,3,010-9056-5626,dummy05626@jnu.ac.kr,5,3
105627,더미학생05627,4,010-9056-5627,dummy05627@jnu.ac.kr,6,4
105628,더미학생05628,1,010-9056-5628,dummy05628@jnu.ac.kr,1,5
105629,더미학생05629,2,010-9056-5629,dummy05629@jnu.ac.kr,2,6
105630,더미학생05630,3,010-9056-5630,dummy05630@jnu.ac.kr,3,7
105631,더미학생05631,4,010-9056-5631,dummy05631@jnu.ac.kr,4,8
105632,더미학생05632,1,010-9056-5632,dummy05632@jnu.ac.kr,5,1
105633,더미학생05633,2,010-9056-5633,dummy05633@jnu.ac.kr,6,2
105634,더미학생05634,3,010-9056-5634,dummy05634@jnu.ac.kr,1,3
105635,더미학생05635,4,010-9056-5635,dummy05635@jnu.ac.kr,2,4
105636,더미학생05636,1,010-9056-5636,dummy05636@jnu.ac.kr,3,5
105637,더미학생05637,2,010-9056-5637,dummy05637@jnu.ac.kr,4,6
105638,더미학생05638,3,010-9056-5638,dummy05638@jnu.ac.kr,5,7
105639,더미학생05639,4,010-9056-5639,dummy05639@jnu.ac.kr,6,8
105640,더미학생05640,1,010-9056-5640,dummy05640@jnu.ac.kr,1,1
105641,더미학생05641,2,010-9056-5641,dummy05641@jnu.ac.kr,2,2
105642,더미학생05642,3,010-9056-5642,dummy05642@jnu.ac.kr,3,3
105643,더미학생05643,4,010-9056-5643,dummy05643@jnu.ac.kr,4,4
105644,더미학생05644,1,010-9056-5644,dummy05644@jnu.ac.kr,5,5
105645,더미학생05645,2,010-9056-5645,dummy05645@jnu.ac.kr,6,6
105646,더미학생05646,3,010-9056-5646,dummy05646@jnu.ac.kr,1,7
105647,더미학생05647,4,010-9056-5647,dummy05647@jnu.ac.kr,2,8
105648,더미학생05648,1,010-9056-5648,dummy05648@jnu.ac.kr,3,1
105649,더미학생05649,2,010-9056-5649,dummy05649@jnu.ac.kr,4,2
105650,더미학생05650,3,010-9056-5650,dummy05650@jnu.ac.kr,5,3
105651,더미학생05651,4,010-9056-5651,dummy05651@jnu.ac.kr,6,4
105652,더미학생05652,1,010-9056-5652,dummy05652@jnu.ac.kr,1,5
105653,더미학생05653,2,010-9056-5653,dummy05653@jnu.ac.kr,2,6
105654,더미학생05654,3,010-9056-5654,dummy05654@jnu.ac.kr,3,7
105655,더미학생05655,4,010-9056-5655,dummy05655@jnu.ac.kr,4,8
105656,더미학생05656,1,010-9056-5656,dummy05656@jnu.ac.kr,5,1
105657,더미학생05657,2,010-9056-5657,dummy05657@jnu.ac.kr,6,2
105658,더미학생05658,3,010-9056-5658,dummy05658@jnu.ac.kr,1,3
105659,더미학생05659,4,010-9056-5659,dummy05659@jnu.ac.kr,2,4
105660,더미학생05660,1,010-9056-5660,dummy05660@jnu.ac.kr,3,5
105661,더미학생05661,2,010-9056-5661,dummy05661@jnu.ac.kr,4,6
105662,더미학생05662,3,010-9056-5662,dummy05662@jnu.ac.kr,5,7
105663,더미학생05663,4,010-9056-5663,dummy05663@jnu.ac.kr,6,8
105664,더미학생05664,1,010-9056-5664,dummy05664@jnu.ac.kr,1,1
105665,더미학생05665,2,010-9056-5665,dummy05665@jnu.ac.kr,2,2
105666,더미학생05666,3,010-9056-5666,dummy05666@jnu.ac.kr,3,3
105667,더미학생05667,4,010-9056-5667,dummy05667@jnu.ac.kr,4,4
105668,더미학생05668,1,010-9056-5668,dummy05668@jnu.ac.kr,5,5
105669,더미학생05669,2,010-9056-5669,dummy05669@jnu.ac.kr,6,6
105670,더미학생05670,3,010-9056-5670,dummy05670@jnu.ac.kr,1,7
105671,더미학생05671,4,010-9056-5671,dummy05671@jnu.ac.kr,2,8
105672,더미학생05672,1,010-9056-5672,dummy05672@jnu.ac.kr,3,1
105673,더미학생05673,2,010-9056-5673,dummy05673@jnu.ac.kr,4,2
105674,더미학생05674,3,010-9056-5674,dummy05674@jnu.ac.kr,5,3
105675,더미학생05675,4,010-9056-5675,dummy05675@jnu.ac.kr,6,4
105676,더미학생05676,1,010-9056-5676,dummy05676@jnu.ac.kr,1,5
105677,더미학생05677,2,010-9056-5677,dummy05677@jnu.ac.kr,2,6
105678,더미학생05678,3,010-9056-5678,dummy05678@jnu.ac.kr,3,7
105679,더미학생05679,4,010-9056-5679,dummy05679@jnu.ac.kr,4,8
105680,더미학생05680,1,010-9056-5680,dummy05680@jnu.ac.kr,5,1
105681,더미학생05681,2,010-9056-5681,dummy05681@jnu.ac.kr,6,2
105682,더미학생05682,3,010-9056-5682,dummy05682@jnu.ac.kr,1,3
105683,더미학생05683,4,010-9056-5683,dummy05683@jnu.ac.kr,2,4
105684,더미학생05684,1,010-9056-5684,dummy05684@jnu.ac.kr,3,5
105685,더미학생05685,2,010-9056-5685,dummy05685@jnu.ac.kr,4,6
105686,더미학생05686,3,010-9056-5686,dummy05686@jnu.ac.kr,5,7
105687,더미학생05687,4,010-9056-5687,dummy05687@jnu.ac.kr,6,8
105688,더미학생05688,1,010-9056-5688,dummy05688@jnu.ac.kr,1,1
105689,더미학생05689,2,010-9056-5689,dummy05689@jnu.ac.kr,2,2
105690,더미학생05690,3,010-9056-5690,dummy05690@jnu.ac.kr,3,3
105691,더미학생05691,4,010-9056-5691,dummy05691@jnu.ac.kr,4,4
105692,더미학생05692,1,010-9056-5692,dummy05692@jnu.ac.kr,5,5
105693,더미학생05693,2,010-9056-5693,dummy05693@jnu.ac.kr,6,6
105694,더미학생05694,3,010-9056-5694,dummy05694@jnu.ac.kr,1,7
105695,더미학생05695,4,010-9056-5695,dummy05695@jnu.ac.kr,2,8
105696,더미학생05696,1,010-9056-5696,dummy05696@jnu.ac.kr,3,1
105697,더미학생05697,2,010-9056-5697,dummy05697@jnu.ac.kr,4,2
105698,더미학생05698,3,010-9056-5698,dummy05698@jnu.ac.kr,5,3
105699,더미학생05699,4,010-9056-5699,dummy05699@jnu.ac.kr,6,4
105700,더미학생05700,1,010-9057-5700,dummy05700@jnu.ac.kr,1,5
105701,더미학생05701,2,010-9057-5701,dummy05701@jnu.ac.kr,2,6
105702,더미학생05702,3,010-9057-5702,dummy05702@jnu.ac.kr,3,7
105703,더미학생05703,4,010-9057-5703,dummy05703@jnu.ac.kr,4,8
105704,더미학생05704,1,010-9057-5704,dummy05704@jnu.ac.kr,5,1
105705,더미학생05705,2,010-9057-5705,dummy05705@jnu.ac.kr,6,2
105706,더미학생05706,3,010-9057-5706,dummy05706@jnu.ac.kr,1,3
105707,더미학생05707,4,010-9057-5707,dummy05707@jnu.ac.kr,2,4
105708,더미학생05708,1,010-9057-5708,dummy05708@jnu.ac.kr,3,5
105709,더미학생05709,2,010-9057-5709,dummy05709@jnu.ac.kr,4,6
105710,더미학생05710,3,010-9057-5710,dummy05710@jnu.ac.kr,5,7
105711,더미학생05711,4,010-9057-5711,dummy05711@jnu.ac.kr,6,8
105712,더미학생05712,1,010-9057-5712,dummy05712@jnu.ac.kr,1,1
105713,더미학생05713,2,010-9057-5713,dummy05713@jnu.ac.kr,2,2
105714,더미학생05714,3,010-9057-5714,dummy05714@jnu.ac.kr,3,3
105715,더미학생05715,4,010-9057-5715,dummy05715@jnu.ac.kr,4,4
105716,더미학생05716,1,010-9057-5716,dummy05716@jnu.ac.kr,5,5
105717,더미학생05717,2,010-9057-5717,dummy05717@jnu.ac.kr,6,6
105718,더미학생05718,3,010-9057-5718,dummy05718@jnu.ac.kr,1,7
105719,더미학생05719,4,010-9057-5719,dummy05719@jnu.ac.kr,2,8
105720,더미학생05720,1,010-9057-5720,dummy05720@jnu.ac.kr,3,1
105721,더미학생05721,2,010-9057-5721,dummy05721@jnu.ac.kr,4,2
105722,더미학생05722,3,010-9057-5722,dummy05722@jnu.ac.kr,5,3
105723,더미학생05723,4,010-9057-5723,dummy05723@jnu.ac.kr,6,4
105724,더미학생05724,1,010-9057-5724,dummy05724@jnu.ac.kr,1,5
105725,더미학생05725,2,010-9057-5725,dummy05725@jnu.ac.kr,2,6
105726,더미학생05726,3,010-9057-5726,dummy05726@jnu.ac.kr,3,7
105727,더미학생05727,4,010-9057-5727,dummy05727@jnu.ac.kr,4,8
105728,더미학생05728,1,010-9057-5728,dummy05728@jnu.ac.kr,5,1
105729,더미학생05729,2,010-9057-5729,dummy05729@jnu.ac.kr,6,2
105730,더미학생05730,3,010-9057-5730,dummy05730@jnu.ac.kr,1,3
105731,더미학생05731,4,010-9057-5731,dummy05731@jnu.ac.kr,2,4
105732,더미학생05732,1,010-9057-5732,dummy05732@jnu.ac.kr,3,5
105733,더미학생05733,2,010-9057-5733,dummy05733@jnu.ac.kr,4,6
105734,더미학생05734,3,010-9057-5734,dummy05734@jnu.ac.kr,5,7
105735,더미학생05735,4,010-9057-5735,dummy05735@jnu.ac.kr,6,8
105736,더미학생05736,1,010-9057-5736,dummy05736@jnu.ac.kr,1,1
105737,더미학생05737,2,010-9057-5737,dummy05737@jnu.ac.kr,2,2
105738,더미학생05738,3,010-9057-5738,dummy05738@jnu.ac.kr,3,3
105739,더미학생05739,4,010-9057-5739,dummy05739@jnu.ac.kr,4,4
105740,더미학생05740,1,010-9057-5740,dummy05740@jnu.ac.kr,5,5
105741,더미학생05741,2,010-9057-5741,dummy05741@jnu.ac.kr,6,6
105742,더미학생05742,3,010-9057-5742,dummy05742@jnu.ac.kr,1,7
105743,더미학생05743,4,010-9057-5743,dummy05743@jnu.ac.kr,2,8
105744,더미학생05744,1,010-9057-5744,dummy05744@jnu.ac.kr,3,1
105745,더미학생05745,2,010-9057-5745,dummy05745@jnu.ac.kr,4,2
105746,더미학생05746,3,010-9057-5746,dummy05746@jnu.ac.kr,5,3
105747,더미학생05747,4,010-9057-5747,dummy05747@jnu.ac.kr,6,4
105748,더미학생05748,1,010-9057-5748,dummy05748@jnu.ac.kr,1,5
105749,더미학생05749,2,010-9057-5749,dummy05749@jnu.ac.kr,2,6
105750,더미학생05750,3,010-9057-5750,dummy05750@jnu.ac.kr,3,7
105751,더미학생05751,4,010-9057-5751,dummy05751@jnu.ac.kr,4,8
105752,더미학생05752,1,010-9057-5752,dummy05752@jnu.ac.kr,5,1
105753,더미학생05753,2,010-9057-5753,dummy05753@jnu.ac.kr,6,2
105754,더미학생05754,3,010-9057-5754,dummy05754@jnu.ac.kr,1,3
105755,더미학생05755,4,010-9057-5755,dummy05755@jnu.ac.kr,2,4
105756,더미학생05756,1,010-9057-5756,dummy05756@jnu.ac.kr,3,5
105757,더미학생05757,2,010-9057-5757,dummy05757@jnu.ac.kr,4,6
105758,더미학생05758,3,010-9057-5758,dummy05758@jnu.ac.kr,5,7
105759,더미학생05759,4,010-9057-5759,dummy05759@jnu.ac.kr,6,8
105760,더미학생05760,1,010-9057-5760,dummy05760@jnu.ac.kr,1,1
105761,더미학생05761,2,010-9057-5761,dummy05761@jnu.ac.kr,2,2
105762,더미학생05762,3,010-9057-5762,dummy05762@jnu.ac.kr,3,3
105763,더미학생05763,4,010-9057-5763,dummy05763@jnu.ac.kr,4,4
105764,더미학생05764,1,010-9057-5764,dummy05764@jnu.ac.kr,5,5
105765,더미학생05765,2,010-9057-5765,dummy05765@jnu.ac.kr,6,6
105766,더미학생05766,3,010-9057-5766,dummy05766@jnu.ac.kr,1,7
105767,더미학생05767,4,010-9057-5767,dummy05767@jnu.ac.kr,2,8
105768,더미학생05768,1,010-9057-5768,dummy05768@jnu.ac.kr,3,1
105769,더미학생05769,2,010-9057-5769,dummy05769@jnu.ac.kr,4,2
105770,더미학생05770,3,010-9057-5770,dummy05770@jnu.ac.kr,5,3
105771,더미학생05771,4,010-9057-5771,dummy05771@jnu.ac.kr,6,4
105772,더미학생05772,1,010-9057-5772,dummy05772@jnu.ac.kr,1,5
105773,더미학생05773,2,010-9057-5773,dummy05773@jnu.ac.kr,2,6
105774,더미학생05774,3,010-9057-5774,dummy05774@jnu.ac.kr,3,7
105775,더미학생05775,4,010-9057-5775,dummy05775@jnu.ac.kr,4,8
105776,더미학생05776,1,010-9057-5776,dummy05776@jnu.ac.kr,5,1
105777,더미학생05777,2,010-9057-5777,dummy05777@jnu.ac.kr,6,2
105778,더미학생05778,3,010-9057-5778,dummy05778@jnu.ac.kr,1,3
105779,더미학생05779,4,010-9057-5779,dummy05779@jnu.ac.kr,2,4
105780,더미학생05780,1,010-9057-5780,dummy05780@jnu.ac.kr,3,5
105781,더미학생05781,2,010-9057-5781,dummy05781@jnu.ac.kr,4,6
105782,더미학생05782,3,010-9057-5782,dummy05782@jnu.ac.kr,5,7
105783,더미학생05783,4,010-9057-5783,dummy05783@jnu.ac.kr,6,8
105784,더미학생05784,1,010-9057-5784,dummy05784@jnu.ac.kr,1,1
105785,더미학생05785,2,010-9057-5785,dummy05785@jnu.ac.kr,2,2
105786,더미학생05786,3,010-9057-5786,dummy05786@jnu.ac.kr,3,3
105787,더미학생05787,4,010-9057-5787,dummy05787@jnu.ac.kr,4,4
105788,더미학생05788,1,010-9057-5788,dummy05788@jnu.ac.kr,5,5
105789,더미학생05789,2,010-9057-5789,dummy05789@jnu.ac.kr,6,6
105790,더미학생05790,3,010-9057-5790,dummy05790@jnu.ac.kr,1,7
105791,더미학생05791,4,010-9057-5791,dummy05791@jnu.ac.kr,2,8
105792,더미학생05792,1,010-9057-5792,dummy05792@jnu.ac.kr,3,1
105793,더미학생05793,2,010-9057-5793,dummy05793@jnu.ac.kr,4,2
105794,더미학생05794,3,010-9057-5794,dummy05794@jnu.ac.kr,5,3
105795,더미학생05795,4,010-9057-5795,dummy05795@jnu.ac.kr,6,4
105796,더미학생05796,1,010-9057-5796,dummy05796@jnu.ac.kr,1,5
105797,더미학생05797,2,010-9057-5797,dummy05797@jnu.ac.kr,2,6
105798,더미학생05798,3,010-9057-5798,dummy05798@jnu.ac.kr,3,7
105799,더미학생05799,4,010-9057-5799,dummy05799@jnu.ac.kr,4,8
105800,더미학생05800,1,010-9058-5800,dummy05800@jnu.ac.kr,5,1
105801,더미학생05801,2,010-9058-5801,dummy05801@jnu.ac.kr,6,2
105802,더미학생05802,3,010-9058-5802,dummy05802@jnu.ac.kr,1,3
105803,더미학생05803,4,010-9058-5803,dummy05803@jnu.ac.kr,2,4
105804,더미학생05804,1,010-9058-5804,dummy05804@jnu.ac.kr,3,5
105805,더미학생05805,2,010-9058-5805,dummy05805@jnu.ac.kr,4,6
105806,더미학생05806,3,010-9058-5806,dummy05806@jnu.ac.kr,5,7
105807,더미학생05807,4,010-9058-5807,dummy05807@jnu.ac.kr,6,8
105808,더미학생05808,1,010-9058-5808,dummy05808@jnu.ac.kr,1,1
105809,더미학생05809,2,010-9058-5809,dummy05809@jnu.ac.kr,2,2
105810,더미학생05810,3,010-9058-5810,dummy05810@jnu.ac.kr,3,3
105811,더미학생05811,4,010-9058-5811,dummy05811@jnu.ac.kr,4,4
105812,더미학생05812,1,010-9058-5812,dummy05812@jnu.ac.kr,5,5
105813,더미학생05813,2,010-9058-5813,dummy05813@jnu.ac.kr,6,6
105814,더미학생05814,3,010-9058-5814,dummy05814@jnu.ac.kr,1,7
105815,더미학생05815,4,010-9058-5815,dummy05815@jnu.ac.kr,2,8
105816,더미학생05816,1,010-9058-5816,dummy05816@jnu.ac.kr,3,1
105817,더미학생05817,2,010-9058-5817,dummy05817@jnu.ac.kr,4,2
105818,더미학생05818,3,010-9058-5818,dummy05818@jnu.ac.kr,5,3
105819,더미학생05819,4,010-9058-5819,dummy05819@jnu.ac.kr,6,4
105820,더미학생05820,1,010-9058-5820,dummy05820@jnu.ac.kr,1,5
105821,더미학생05821,2,010-9058-5821,dummy05821@jnu.ac.kr,2,6
105822,더미학생05822,3,010-9058-5822,dummy05822@jnu.ac.kr,3,7
105823,더미학생05823,4,010-9058-5823,dummy05823@jnu.ac.kr,4,8
105824,더미학생05824,1,010-9058-5824,dummy05824@jnu.ac.kr,5,1
105825,더미학생05825,2,010-9058-5825,dummy05825@jnu.ac.kr,6,2
105826,더미학생05826,3,010-9058-5826,dummy05826@jnu.ac.kr,1,3
105827,더미학생05827,4,010-9058-5827,dummy05827@jnu.ac.kr,2,4
105828,더미학생05828,1,010-9058-5828,dummy05828@jnu.ac.kr,3,5
105829,더미학생05829,2,010-9058-5829,dummy05829@jnu.ac.kr,4,6
105830,더미학생05830,3,010-9058-5830,dummy05830@jnu.ac.kr,5,7
105831,더미학생05831,4,010-9058-5831,dummy05831@jnu.ac.kr,6,8
105832,더미학생05832,1,010-9058-5832,dummy05832@jnu.ac.kr,1,1
105833,더미학생05833,2,010-9058-5833,dummy05833@jnu.ac.kr,2,2
105834,더미학생05834,3,010-9058-5834,dummy05834@jnu.ac.kr,3,3
105835,더미학생05835,4,010-9058-5835,dummy05835@jnu.ac.kr,4,4
105836,더미학생05836,1,010-9058-5836,dummy05836@jnu.ac.kr,5,5
105837,더미학생05837,2,010-9058-5837,dummy05837@jnu.ac.kr,6,6
105838,더미학생05838,3,010-9058-5838,dummy05838@jnu.ac.kr,1,7
105839,더미학생05839,4,010-9058-5839,dummy05839@jnu.ac.kr,2,8
105840,더미학생05840,1,010-9058-5840,dummy05840@jnu.ac.kr,3,1
105841,더미학생05841,2,010-9058-5841,dummy05841@jnu.ac.kr,4,2
105842,더미학생05842,3,010-9058-5842,dummy05842@jnu.ac.kr,5,3
105843,더미학생05843,4,010-9058-5843,dummy05843@jnu.ac.kr,6,4
105844,더미학생05844,1,010-9058-5844,dummy05844@jnu.ac.kr,1,5
105845,더미학생05845,2,010-9058-5845,dummy05845@jnu.ac.kr,2,6
105846,더미학생05846,3,010-9058-5846,dummy05846@jnu.ac.kr,3,7
105847,더미학생05847,4,010-9058-5847,dummy05847@jnu.ac.kr,4,8
105848,더미학생05848,1,010-9058-5848,dummy05848@jnu.ac.kr,5,1
105849,더미학생05849,2,010-9058-5849,dummy05849@jnu.ac.kr,6,2
105850,더미학생05850,3,010-9058-5850,dummy05850@jnu.ac.kr,1,3
105851,더미학생05851,4,010-9058-5851,dummy05851@jnu.ac.kr,2,4
105852,더미학생05852,1,010-9058-5852,dummy05852@jnu.ac.kr,3,5
105853,더미학생05853,2,010-9058-5853,dummy05853@jnu.ac.kr,4,6
105854,더미학생05854,3,010-9058-5854,dummy05854@jnu.ac.kr,5,7
105855,더미학생05855,4,010-9058-5855,dummy05855@jnu.ac.kr,6,8
105856,더미학생05856,1,010-9058-5856,dummy05856@jnu.ac.kr,1,1
105857,더미학생05857,2,010-9058-5857,dummy05857@jnu.ac.kr,2,2
105858,더미학생05858,3,010-9058-5858,dummy05858@jnu.ac.kr,3,3
105859,더미학생05859,4,010-9058-5859,dummy05859@jnu.ac.kr,4,4
105860,더미학생05860,1,010-9058-5860,dummy05860@jnu.ac.kr,5,5
105861,더미학생05861,2,010-9058-5861,dummy05861@jnu.ac.kr,6,6
105862,더미학생05862,3,010-9058-5862,dummy05862@jnu.ac.kr,1,7
105863,더미학생05863,4,010-9058-5863,dummy05863@jnu.ac.kr,2,8
105864,더미학생05864,1,010-9058-5864,dummy05864@jnu.ac.kr,3,1
105865,더미학생05865,2,010-9058-5865,dummy05865@jnu.ac.kr,4,2
105866,더미학생05866,3,010-9058-5866,dummy05866@jnu.ac.kr,5,3
105867,더미학생05867,4,010-9058-5867,dummy05867@jnu.ac.kr,6,4
105868,더미학생05868,1,010-9058-5868,dummy05868@jnu.ac.kr,1,5
105869,더미학생05869,2,010-9058-5869,dummy05869@jnu.ac.kr,2,6
105870,더미학생05870,3,010-9058-5870,dummy05870@jnu.ac.kr,3,7
105871,더미학생05871,4,010-9058-5871,dummy05871@jnu.ac.kr,4,8
105872,더미학생05872,1,010-9058-5872,dummy05872@jnu.ac.kr,5,1
105873,더미학생05873,2,010-9058-5873,dummy05873@jnu.ac.kr,6,2
105874,더미학생05874,3,010-9058-5874,dummy05874@jnu.ac.kr,1,3
105875,더미학생05875,4,010-9058-5875,dummy05875@jnu.ac.kr,2,4
105876,더미학생05876,1,010-9058-5876,dummy05876@jnu.ac.kr,3,5
105877,더미학생05877,2,010-9058-5877,dummy05877@jnu.ac.kr,4,6
105878,더미학생05878,3,010-9058-5878,dummy05878@jnu.ac.kr,5,7
105879,더미학생05879,4,010-9058-5879,dummy05879@jnu.ac.kr,6,8
105880,더미학생05880,1,010-9058-5880,dummy05880@jnu.ac.kr,1,1
105881,더미학생05881,2,010-9058-5881,dummy05881@jnu.ac.kr,2,2
105882,더미학생05882,3,010-9058-5882,dummy05882@jnu.ac.kr,3,3
105883,더미학생05883,4,010-9058-5883,dummy05883@jnu.ac.kr,4,4
105884,더미학생05884,1,010-9058-5884,dummy05884@jnu.ac.kr,5,5
105885,더미학생05885,2,010-9058-5885,dummy05885@jnu.ac.kr,6,6
105886,더미학생05886,3,010-9058-5886,dummy05886@jnu.ac.kr,1,7
105887,더미학생05887,4,010-9058-5887,dummy05887@jnu.ac.kr,2,8
105888,더미학생05888,1,010-9058-5888,dummy05888@jnu.ac.kr,3,1
105889,더미학생05889,2,010-9058-5889,dummy05889@jnu.ac.kr,4,2
105890,더미학생05890,3,010-9058-5890,dummy05890@jnu.ac.kr,5,3
105891,더미학생05891,4,010-9058-5891,dummy05891@jnu.ac.kr,6,4
105892,더미학생05892,1,010-9058-5892,dummy05892@jnu.ac.kr,1,5
105893,더미학생05893,2,010-9058-5893,dummy05893@jnu.ac.kr,2,6
105894,더미학생05894,3,010-9058-5894,dummy05894@jnu.ac.kr,3,7
105895,더미학생05895,4,010-9058-5895,dummy05895@jnu.ac.kr,4,8
105896,더미학생05896,1,010-9058-5896,dummy05896@jnu.ac.kr,5,1
105897,더미학생05897,2,010-9058-5897,dummy05897@jnu.ac.kr,6,2
105898,더미학생05898,3,010-9058-5898,dummy05898@jnu.ac.kr,1,3
105899,더미학생05899,4,010-9058-5899,dummy05899@jnu.ac.kr,2,4
105900,더미학생05900,1,010-9059-5900,dummy05900@jnu.ac.kr,3,5
105901,더미학생05901,2,010-9059-5901,dummy05901@jnu.ac.kr,4,6
105902,더미학생05902,3,010-9059-5902,dummy05902@jnu.ac.kr,5,7
105903,더미학생05903,4,010-9059-5903,dummy05903@jnu.ac.kr,6,8
105904,더미학생05904,1,010-9059-5904,dummy05904@jnu.ac.kr,1,1
105905,더미학생05905,2,010-9059-5905,dummy05905@jnu.ac.kr,2,2
105906,더미학생05906,3,010-9059-5906,dummy05906@jnu.ac.kr,3,3
105907,더미학생05907,4,010-9059-5907,dummy05907@jnu.ac.kr,4,4
105908,더미학생05908,1,010-9059-5908,dummy05908@jnu.ac.kr,5,5
105909,더미학생05909,2,010-9059-5909,dummy05909@jnu.ac.kr,6,6
105910,더미학생05910,3,010-9059-5910,dummy05910@jnu.ac.kr,1,7
105911,더미학생05911,4,010-9059-5911,dummy05911@jnu.ac.kr,2,8
105912,더미학생05912,1,010-9059-5912,dummy05912@jnu.ac.kr,3,1
105913,더미학생05913,2,010-9059-5913,dummy05913@jnu.ac.kr,4,2
105914,더미학생05914,3,010-9059-5914,dummy05914@jnu.ac.kr,5,3
105915,더미학생05915,4,010-9059-5915,dummy05915@jnu.ac.kr,6,4
105916,더미학생05916,1,010-9059-5916,dummy05916@jnu.ac.kr,1,5
105917,더미학생05917,2,010-9059-5917,dummy05917@jnu.ac.kr,2,6
105918,더미학생05918,3,010-9059-5918,dummy05918@jnu.ac.kr,3,7
105919,더미학생05919,4,010-9059-5919,dummy05919@jnu.ac.kr,4,8
105920,더미학생05920,1,010-9059-5920,dummy05920@jnu.ac.kr,5,1
105921,더미학생05921,2,010-9059-5921,dummy05921@jnu.ac.kr,6,2
105922,더미학생05922,3,010-9059-5922,dummy05922@jnu.ac.kr,1,3
105923,더미학생05923,4,010-9059-5923,dummy05923@jnu.ac.kr,2,4
105924,더미학생05924,1,010-9059-5924,dummy05924@jnu.ac.kr,3,5
105925,더미학생05925,2,010-9059-5925,dummy05925@jnu.ac.kr,4,6
105926,더미학생05926,3,010-9059-5926,dummy05926@jnu.ac.kr,5,7
105927,더미학생05927,4,010-9059-5927,dummy05927@jnu.ac.kr,6,8
105928,더미학생05928,1,010-9059-5928,dummy05928@jnu.ac.kr,1,1
105929,더미학생05929,2,010-9059-5929,dummy05929@jnu.ac.kr,2,2
105930,더미학생05930,3,010-9059-5930,dummy05930@jnu.ac.kr,3,3
105931,더미학생05931,4,010-9059-5931,dummy05931@jnu.ac.kr,4,4
105932,더미학생05932,1,010-9059-5932,dummy05932@jnu.ac.kr,5,5
105933,더미학생05933,2,010-9059-5933,dummy05933@jnu.ac.kr,6,6
105934,더미학생05934,3,010-9059-5934,dummy05934@jnu.ac.kr,1,7
105935,더미학생05935,4,010-9059-5935,dummy05935@jnu.ac.kr,2,8
105936,더미학생05936,1,010-9059-5936,dummy05936@jnu.ac.kr,3,1
105937,더미학생05937,2,010-9059-5937,dummy05937@jnu.ac.kr,4,2
105938,더미학생05938,3,010-9059-5938,dummy05938@jnu.ac.kr,5,3
105939,더미학생05939,4,010-9059-5939,dummy05939@jnu.ac.kr,6,4
105940,더미학생05940,1,010-9059-5940,dummy05940@jnu.ac.kr,1,5
105941,더미학생05941,2,010-9059-5941,dummy05941@jnu.ac.kr,2,6
105942,더미학생05942,3,010-9059-5942,dummy05942@jnu.ac.kr,3,7
105943,더미학생05943,4,010-9059-5943,dummy05943@jnu.ac.kr,4,8
105944,더미학생05944,1,010-9059-5944,dummy05944@jnu.ac.kr,5,1
105945,더미학생05945,2,010-9059-5945,dummy05945@jnu.ac.kr,6,2
105946,더미학생05946,3,010-9059-5946,dummy05946@jnu.ac.kr,1,3
105947,더미학생05947,4,010-9059-5947,dummy05947@jnu.ac.kr,2,4
105948,더미학생05948,1,010-9059-5948,dummy05948@jnu.ac.kr,3,5
105949,더미학생05949,2,010-9059-5949,dummy05949@jnu.ac.kr,4,6
105950,더미학생05950,3,010-9059-5950,dummy05950@jnu.ac.kr,5,7
105951,더미학생05951,4,010-9059-5951,dummy05951@jnu.ac.kr,6,8
105952,더미학생05952,1,010-9059-5952,dummy05952@jnu.ac.kr,1,1
105953,더미학생05953,2,010-9059-5953,dummy05953@jnu.ac.kr,2,2
105954,더미학생05954,3,010-9059-5954,dummy05954@jnu.ac.kr,3,3
105955,더미학생05955,4,010-9059-5955,dummy05955@jnu.ac.kr,4,4
105956,더미학생05956,1,010-9059-5956,dummy05956@jnu.ac.kr,5,5
105957,더미학생05957,2,010-9059-5957,dummy05957@jnu.ac.kr,6,6
105958,더미학생05958,3,010-9059-5958,dummy05958@jnu.ac.kr,1,7
105959,더미학생05959,4,010-9059-5959,dummy05959@jnu.ac.kr,2,8
105960,더미학생05960,1,010-9059-5960,dummy05960@jnu.ac.kr,3,1
105961,더미학생05961,2,010-9059-5961,dummy05961@jnu.ac.kr,4,2
105962,더미학생05962,3,010-9059-5962,dummy05962@jnu.ac.kr,5,3
105963,더미학생05963,4,010-9059-5963,dummy05963@jnu.ac.kr,6,4
105964,더미학생05964,1,010-9059-5964,dummy05964@jnu.ac.kr,1,5
105965,더미학생05965,2,010-9059-5965,dummy05965@jnu.ac.kr,2,6
105966,더미학생05966,3,010-9059-5966,dummy05966@jnu.ac.kr,3,7
105967,더미학생05967,4,010-9059-5967,dummy05967@jnu.ac.kr,4,8
105968,더미학생05968,1,010-9059-5968,dummy05968@jnu.ac.kr,5,1
105969,더미학생05969,2,010-9059-5969,dummy05969@jnu.ac.kr,6,2
105970,더미학생05970,3,010-9059-5970,dummy05970@jnu.ac.kr,1,3
105971,더미학생05971,4,010-9059-5971,dummy05971@jnu.ac.kr,2,4
105972,더미학생05972,1,010-9059-5972,dummy05972@jnu.ac.kr,3,5
105973,더미학생05973,2,010-9059-5973,dummy05973@jnu.ac.kr,4,6
105974,더미학생05974,3,010-9059-5974,dummy05974@jnu.ac.kr,5,7
105975,더미학생05975,4,010-9059-5975,dummy05975@jnu.ac.kr,6,8
105976,더미학생05976,1,010-9059-5976,dummy05976@jnu.ac.kr,1,1
105977,더미학생05977,2,010-9059-5977,dummy05977@jnu.ac.kr,2,2
105978,더미학생05978,3,010-9059-5978,dummy05978@jnu.ac.kr,3,3
105979,더미학생05979,4,010-9059-5979,dummy05979@jnu.ac.kr,4,4
105980,더미학생05980,1,010-9059-5980,dummy05980@jnu.ac.kr,5,5
105981,더미학생05981,2,010-9059-5981,dummy05981@jnu.ac.kr,6,6
105982,더미학생05982,3,010-9059-5982,dummy05982@jnu.ac.kr,1,7
105983,더미학생05983,4,010-9059-5983,dummy05983@jnu.ac.kr,2,8
105984,더미학생05984,1,010-9059-5984,dummy05984@jnu.ac.kr,3,1
105985,더미학생05985,2,010-9059-5985,dummy05985@jnu.ac.kr,4,2
105986,더미학생05986,3,010-9059-5986,dummy05986@jnu.ac.kr,5,3
105987,더미학생05987,4,010-9059-5987,dummy05987@jnu.ac.kr,6,4
105988,더미학생05988,1,010-9059-5988,dummy05988@jnu.ac.kr,1,5
105989,더미학생05989,2,010-9059-5989,dummy05989@jnu.ac.kr,2,6
105990,더미학생05990,3,010-9059-5990,dummy05990@jnu.ac.kr,3,7
105991,더미학생05991,4,010-9059-5991,dummy05991@jnu.ac.kr,4,8
105992,더미학생05992,1,010-9059-5992,dummy05992@jnu.ac.kr,5,1
105993,더미학생05993,2,010-9059-5993,dummy05993@jnu.ac.kr,6,2
105994,더미학생05994,3,010-9059-5994,dummy05994@jnu.ac.kr,1,3
105995,더미학생05995,4,010-9059-5995,dummy05995@jnu.ac.kr,2,4
105996,더미학생05996,1,010-9059-5996,dummy05996@jnu.ac.kr,3,5
105997,더미학생05997,2,010-9059-5997,dummy05997@jnu.ac.kr,4,6
105998,더미학생05998,3,010-9059-5998,dummy05998@jnu.ac.kr,5,7
105999,더미학생05999,4,010-9059-5999,dummy05999@jnu.ac.kr,6,8
106000,더미학생06000,1,010-9060-6000,dummy06000@jnu.ac.kr,1,1
106001,더미학생06001,2,010-9060-6001,dummy06001@jnu.ac.kr,2,2
106002,더미학생06002,3,010-9060-6002,dummy06002@jnu.ac.kr,3,3
106003,더미학생06003,4,010-9060-6003,dummy06003@jnu.ac.kr,4,4
106004,더미학생06004,1,010-9060-6004,dummy06004@jnu.ac.kr,5,5
106005,더미학생06005,2,010-9060-6005,dummy06005@jnu.ac.kr,6,6
106006,더미학생06006,3,010-9060-6006,dummy06006@jnu.ac.kr,1,7
106007,더미학생06007,4,010-9060-6007,dummy06007@jnu.ac.kr,2,8
106008,더미학생06008,1,010-9060-6008,dummy06008@jnu.ac.kr,3,1
106009,더미학생06009,2,010-9060-6009,dummy06009@jnu.ac.kr,4,2
106010,더미학생06010,3,010-9060-6010,dummy06010@jnu.ac.kr,5,3
106011,더미학생06011,4,010-9060-6011,dummy06011@jnu.ac.kr,6,4
106012,더미학생06012,1,010-9060-6012,dummy06012@jnu.ac.kr,1,5
106013,더미학생06013,2,010-9060-6013,dummy06013@jnu.ac.kr,2,6
106014,더미학생06014,3,010-9060-6014,dummy06014@jnu.ac.kr,3,7
106015,더미학생06015,4,010-9060-6015,dummy06015@jnu.ac.kr,4,8
106016,더미학생06016,1,010-9060-6016,dummy06016@jnu.ac.kr,5,1
106017,더미학생06017,2,010-9060-6017,dummy06017@jnu.ac.kr,6,2
106018,더미학생06018,3,010-9060-6018,dummy06018@jnu.ac.kr,1,3
106019,더미학생06019,4,010-9060-6019,dummy06019@jnu.ac.kr,2,4
106020,더미학생06020,1,010-9060-6020,dummy06020@jnu.ac.kr,3,5
106021,더미학생06021,2,010-9060-6021,dummy06021@jnu.ac.kr,4,6
106022,더미학생06022,3,010-9060-6022,dummy06022@jnu.ac.kr,5,7
106023,더미학생06023,4,010-9060-6023,dummy06023@jnu.ac.kr,6,8
106024,더미학생06024,1,010-9060-6024,dummy06024@jnu.ac.kr,1,1
106025,더미학생06025,2,010-9060-6025,dummy06025@jnu.ac.kr,2,2
106026,더미학생06026,3,010-9060-6026,dummy06026@jnu.ac.kr,3,3
106027,더미학생06027,4,010-9060-6027,dummy06027@jnu.ac.kr,4,4
106028,더미학생06028,1,010-9060-6028,dummy06028@jnu.ac.kr,5,5
106029,더미학생06029,2,010-9060-6029,dummy06029@jnu.ac.kr,6,6
106030,더미학생06030,3,010-9060-6030,dummy06030@jnu.ac.kr,1,7
106031,더미학생06031,4,010-9060-6031,dummy06031@jnu.ac.kr,2,8
106032,더미학생06032,1,010-9060-6032,dummy06032@jnu.ac.kr,3,1
106033,더미학생06033,2,010-9060-6033,dummy06033@jnu.ac.kr,4,2
106034,더미학생06034,3,010-9060-6034,dummy06034@jnu.ac.kr,5,3
106035,더미학생06035,4,010-9060-6035,dummy06035@jnu.ac.kr,6,4
106036,더미학생06036,1,010-9060-6036,dummy06036@jnu.ac.kr,1,5
106037,더미학생06037,2,010-9060-6037,dummy06037@jnu.ac.kr,2,6
106038,더미학생06038,3,010-9060-6038,dummy06038@jnu.ac.kr,3,7
106039,더미학생06039,4,010-9060-6039,dummy06039@jnu.ac.kr,4,8
106040,더미학생06040,1,010-9060-6040,dummy06040@jnu.ac.kr,5,1
106041,더미학생06041,2,010-9060-6041,dummy06041@jnu.ac.kr,6,2
106042,더미학생06042,3,010-9060-6042,dummy06042@jnu.ac.kr,1,3
106043,더미학생06043,4,010-9060-6043,dummy06043@jnu.ac.kr,2,4
106044,더미학생06044,1,010-9060-6044,dummy06044@jnu.ac.kr,3,5
106045,더미학생06045,2,010-9060-6045,dummy06045@jnu.ac.kr,4,6
106046,더미학생06046,3,010-9060-6046,dummy06046@jnu.ac.kr,5,7
106047,더미학생06047,4,010-9060-6047,dummy06047@jnu.ac.kr,6,8
106048,더미학생06048,1,010-9060-6048,dummy06048@jnu.ac.kr,1,1
106049,더미학생06049,2,010-9060-6049,dummy06049@jnu.ac.kr,2,2
106050,더미학생06050,3,010-9060-6050,dummy06050@jnu.ac.kr,3,3
106051,더미학생06051,4,010-9060-6051,dummy06051@jnu.ac.kr,4,4
106052,더미학생06052,1,010-9060-6052,dummy06052@jnu.ac.kr,5,5
106053,더미학생06053,2,010-9060-6053,dummy06053@jnu.ac.kr,6,6
106054,더미학생06054,3,010-9060-6054,dummy06054@jnu.ac.kr,1,7
106055,더미학생06055,4,010-9060-6055,dummy06055@jnu.ac.kr,2,8
106056,더미학생06056,1,010-9060-6056,dummy06056@jnu.ac.kr,3,1
106057,더미학생06057,2,010-9060-6057,dummy06057@jnu.ac.kr,4,2
106058,더미학생06058,3,010-9060-6058,dummy06058@jnu.ac.kr,5,3
106059,더미학생06059,4,010-9060-6059,dummy06059@jnu.ac.kr,6,4
106060,더미학생06060,1,010-9060-6060,dummy06060@jnu.ac.kr,1,5
106061,더미학생06061,2,010-9060-6061,dummy06061@jnu.ac.kr,2,6
106062,더미학생06062,3,010-9060-6062,dummy06062@jnu.ac.kr,3,7
106063,더미학생06063,4,010-9060-6063,dummy06063@jnu.ac.kr,4,8
106064,더미학생06064,1,010-9060-6064,dummy06064@jnu.ac.kr,5,1
106065,더미학생06065,2,010-9060-6065,dummy06065@jnu.ac.kr,6,2
106066,더미학생06066,3,010-9060-6066,dummy06066@jnu.ac.kr,1,3
106067,더미학생06067,4,010-9060-6067,dummy06067@jnu.ac.kr,2,4
106068,더미학생06068,1,010-9060-6068,dummy06068@jnu.ac.kr,3,5
106069,더미학생06069,2,010-9060-6069,dummy06069@jnu.ac.kr,4,6
106070,더미학생06070,3,010-9060-6070,dummy06070@jnu.ac.kr,5,7
106071,더미학생06071,4,010-9060-6071,dummy06071@jnu.ac.kr,6,8
106072,더미학생06072,1,010-9060-6072,dummy06072@jnu.ac.kr,1,1
106073,더미학생06073,2,010-9060-6073,dummy06073@jnu.ac.kr,2,2
106074,더미학생06074,3,010-9060-6074,dummy06074@jnu.ac.kr,3,3
106075,더미학생06075,4,010-9060-6075,dummy06075@jnu.ac.kr,4,4
106076,더미학생06076,1,010-9060-6076,dummy06076@jnu.ac.kr,5,5
106077,더미학생06077,2,010-9060-6077,dummy06077@jnu.ac.kr,6,6
106078,더미학생06078,3,010-9060-6078,dummy06078@jnu.ac.kr,1,7
106079,더미학생06079,4,010-9060-6079,dummy06079@jnu.ac.kr,2,8
106080,더미학생06080,1,010-9060-6080,dummy06080@jnu.ac.kr,3,1
106081,더미학생06081,2,010-9060-6081,dummy06081@jnu.ac.kr,4,2
106082,더미학생06082,3,010-9060-6082,dummy06082@jnu.ac.kr,5,3
106083,더미학생06083,4,010-9060-6083,dummy06083@jnu.ac.kr,6,4
106084,더미학생06084,1,010-9060-6084,dummy06084@jnu.ac.kr,1,5
106085,더미학생06085,2,010-9060-6085,dummy06085@jnu.ac.kr,2,6
106086,더미학생06086,3,010-9060-6086,dummy06086@jnu.ac.kr,3,7
106087,더미학생06087,4,010-9060-6087,dummy06087@jnu.ac.kr,4,8
106088,더미학생06088,1,010-9060-6088,dummy06088@jnu.ac.kr,5,1
106089,더미학생06089,2,010-9060-6089,dummy06089@jnu.ac.kr,6,2
106090,더미학생06090,3,010-9060-6090,dummy06090@jnu.ac.kr,1,3
106091,더미학생06091,4,010-9060-6091,dummy06091@jnu.ac.kr,2,4
106092,더미학생06092,1,010-9060-6092,dummy06092@jnu.ac.kr,3,5
106093,더미학생06093,2,010-9060-6093,dummy06093@jnu.ac.kr,4,6
106094,더미학생06094,3,010-9060-6094,dummy06094@jnu.ac.kr,5,7
106095,더미학생06095,4,010-9060-6095,dummy06095@jnu.ac.kr,6,8
106096,더미학생06096,1,010-9060-6096,dummy06096@jnu.ac.kr,1,1
106097,더미학생06097,2,010-9060-6097,dummy06097@jnu.ac.kr,2,2
106098,더미학생06098,3,010-9060-6098,dummy06098@jnu.ac.kr,3,3
106099,더미학생06099,4,010-9060-6099,dummy06099@jnu.ac.kr,4,4
106100,더미학생06100,1,010-9061-6100,dummy06100@jnu.ac.kr,5,5
106101,더미학생06101,2,010-9061-6101,dummy06101@jnu.ac.kr,6,6
106102,더미학생06102,3,010-9061-6102,dummy06102@jnu.ac.kr,1,7
106103,더미학생06103,4,010-9061-6103,dummy06103@jnu.ac.kr,2,8
106104,더미학생06104,1,010-9061-6104,dummy06104@jnu.ac.kr,3,1
106105,더미학생06105,2,010-9061-6105,dummy06105@jnu.ac.kr,4,2
106106,더미학생06106,3,010-9061-6106,dummy06106@jnu.ac.kr,5,3
106107,더미학생06107,4,010-9061-6107,dummy06107@jnu.ac.kr,6,4
106108,더미학생06108,1,010-9061-6108,dummy06108@jnu.ac.kr,1,5
106109,더미학생06109,2,010-9061-6109,dummy06109@jnu.ac.kr,2,6
106110,더미학생06110,3,010-9061-6110,dummy06110@jnu.ac.kr,3,7
106111,더미학생06111,4,010-9061-6111,dummy06111@jnu.ac.kr,4,8
106112,더미학생06112,1,010-9061-6112,dummy06112@jnu.ac.kr,5,1
106113,더미학생06113,2,010-9061-6113,dummy06113@jnu.ac.kr,6,2
106114,더미학생06114,3,010-9061-6114,dummy06114@jnu.ac.kr,1,3
106115,더미학생06115,4,010-9061-6115,dummy06115@jnu.ac.kr,2,4
106116,더미학생06116,1,010-9061-6116,dummy06116@jnu.ac.kr,3,5
106117,더미학생06117,2,010-9061-6117,dummy06117@jnu.ac.kr,4,6
106118,더미학생06118,3,010-9061-6118,dummy06118@jnu.ac.kr,5,7
106119,더미학생06119,4,010-9061-6119,dummy06119@jnu.ac.kr,6,8
106120,더미학생06120,1,010-9061-6120,dummy06120@jnu.ac.kr,1,1
106121,더미학생06121,2,010-9061-6121,dummy06121@jnu.ac.kr,2,2
106122,더미학생06122,3,010-9061-6122,dummy06122@jnu.ac.kr,3,3
106123,더미학생06123,4,010-9061-6123,dummy06123@jnu.ac.kr,4,4
106124,더미학생06124,1,010-9061-6124,dummy06124@jnu.ac.kr,5,5
106125,더미학생06125,2,010-9061-6125,dummy06125@jnu.ac.kr,6,6
106126,더미학생06126,3,010-9061-6126,dummy06126@jnu.ac.kr,1,7
106127,더미학생06127,4,010-9061-6127,dummy06127@jnu.ac.kr,2,8
106128,더미학생06128,1,010-9061-6128,dummy06128@jnu.ac.kr,3,1
106129,더미학생06129,2,010-9061-6129,dummy06129@jnu.ac.kr,4,2
106130,더미학생06130,3,010-9061-6130,dummy06130@jnu.ac.kr,5,3
106131,더미학생06131,4,010-9061-6131,dummy06131@jnu.ac.kr,6,4
106132,더미학생06132,1,010-9061-6132,dummy06132@jnu.ac.kr,1,5
106133,더미학생06133,2,010-9061-6133,dummy06133@jnu.ac.kr,2,6
106134,더미학생06134,3,010-9061-6134,dummy06134@jnu.ac.kr,3,7
106135,더미학생06135,4,010-9061-6135,dummy06135@jnu.ac.kr,4,8
106136,더미학생06136,1,010-9061-6136,dummy06136@jnu.ac.kr,5,1
106137,더미학생06137,2,010-9061-6137,dummy06137@jnu.ac.kr,6,2
106138,더미학생06138,3,010-9061-6138,dummy06138@jnu.ac.kr,1,3
106139,더미학생06139,4,010-9061-6139,dummy06139@jnu.ac.kr,2,4
106140,더미학생06140,1,010-9061-6140,dummy06140@jnu.ac.kr,3,5
106141,더미학생06141,2,010-9061-6141,dummy06141@jnu.ac.kr,4,6
106142,더미학생06142,3,010-9061-6142,dummy06142@jnu.ac.kr,5,7
106143,더미학생06143,4,010-9061-6143,dummy06143@jnu.ac.kr,6,8
106144,더미학생06144,1,010-9061-6144,dummy06144@jnu.ac.kr,1,1
106145,더미학생06145,2,010-9061-6145,dummy06145@jnu.ac.kr,2,2
106146,더미학생06146,3,010-9061-6146,dummy06146@jnu.ac.kr,3,3
106147,더미학생06147,4,010-9061-6147,dummy06147@jnu.ac.kr,4,4
106148,더미학생06148,1,010-9061-6148,dummy06148@jnu.ac.kr,5,5
106149,더미학생06149,2,010-9061-6149,dummy06149@jnu.ac.kr,6,6
106150,더미학생06150,3,010-9061-6150,dummy06150@jnu.ac.kr,1,7
106151,더미학생06151,4,010-9061-6151,dummy06151@jnu.ac.kr,2,8
106152,더미학생06152,1,010-9061-6152,dummy06152@jnu.ac.kr,3,1
106153,더미학생06153,2,010-9061-6153,dummy06153@jnu.ac.kr,4,2
106154,더미학생06154,3,010-9061-6154,dummy06154@jnu.ac.kr,5,3
106155,더미학생06155,4,010-9061-6155,dummy06155@jnu.ac.kr,6,4
106156,더미학생06156,1,010-9061-6156,dummy06156@jnu.ac.kr,1,5
106157,더미학생06157,2,010-9061-6157,dummy06157@jnu.ac.kr,2,6
106158,더미학생06158,3,010-9061-6158,dummy06158@jnu.ac.kr,3,7
106159,더미학생06159,4,010-9061-6159,dummy06159@jnu.ac.kr,4,8
106160,더미학생06160,1,010-9061-6160,dummy06160@jnu.ac.kr,5,1
106161,더미학생06161,2,010-9061-6161,dummy06161@jnu.ac.kr,6,2
106162,더미학생06162,3,010-9061-6162,dummy06162@jnu.ac.kr,1,3
106163,더미학생06163,4,010-9061-6163,dummy06163@jnu.ac.kr,2,4
106164,더미학생06164,1,010-9061-6164,dummy06164@jnu.ac.kr,3,5
106165,더미학생06165,2,010-9061-6165,dummy06165@jnu.ac.kr,4,6
106166,더미학생06166,3,010-9061-6166,dummy06166@jnu.ac.kr,5,7
106167,더미학생06167,4,010-9061-6167,dummy06167@jnu.ac.kr,6,8
106168,더미학생06168,1,010-9061-6168,dummy06168@jnu.ac.kr,1,1
106169,더미학생06169,2,010-9061-6169,dummy06169@jnu.ac.kr,2,2
106170,더미학생06170,3,010-9061-6170,dummy06170@jnu.ac.kr,3,3
106171,더미학생06171,4,010-9061-6171,dummy06171@jnu.ac.kr,4,4
106172,더미학생06172,1,010-9061-6172,dummy06172@jnu.ac.kr,5,5
106173,더미학생06173,2,010-9061-6173,dummy06173@jnu.ac.kr,6,6
106174,더미학생06174,3,010-9061-6174,dummy06174@jnu.ac.kr,1,7
106175,더미학생06175,4,010-9061-6175,dummy06175@jnu.ac.kr,2,8
106176,더미학생06176,1,010-9061-6176,dummy06176@jnu.ac.kr,3,1
106177,더미학생06177,2,010-9061-6177,dummy06177@jnu.ac.kr,4,2
106178,더미학생06178,3,010-9061-6178,dummy06178@jnu.ac.kr,5,3
106179,더미학생06179,4,010-9061-6179,dummy06179@jnu.ac.kr,6,4
106180,더미학생06180,1,010-9061-6180,dummy06180@jnu.ac.kr,1,5
106181,더미학생06181,2,010-9061-6181,dummy06181@jnu.ac.kr,2,6
106182,더미학생06182,3,010-9061-6182,dummy06182@jnu.ac.kr,3,7
106183,더미학생06183,4,010-9061-6183,dummy06183@jnu.ac.kr,4,8
106184,더미학생06184,1,010-9061-6184,dummy06184@jnu.ac.kr,5,1
106185,더미학생06185,2,010-9061-6185,dummy06185@jnu.ac.kr,6,2
106186,더미학생06186,3,010-9061-6186,dummy06186@jnu.ac.kr,1,3
106187,더미학생06187,4,010-9061-6187,dummy06187@jnu.ac.kr,2,4
106188,더미학생06188,1,010-9061-6188,dummy06188@jnu.ac.kr,3,5
106189,더미학생06189,2,010-9061-6189,dummy06189@jnu.ac.kr,4,6
106190,더미학생06190,3,010-9061-6190,dummy06190@jnu.ac.kr,5,7
106191,더미학생06191,4,010-9061-6191,dummy06191@jnu.ac.kr,6,8
106192,더미학생06192,1,010-9061-6192,dummy06192@jnu.ac.kr,1,1
106193,더미학생06193,2,010-9061-6193,dummy06193@jnu.ac.kr,2,2
106194,더미학생06194,3,010-9061-6194,dummy06194@jnu.ac.kr,3,3
106195,더미학생06195,4,010-9061-6195,dummy06195@jnu.ac.kr,4,4
106196,더미학생06196,1,010-9061-6196,dummy06196@jnu.ac.kr,5,5
106197,더미학생06197,2,010-9061-6197,dummy06197@jnu.ac.kr,6,6
106198,더미학생06198,3,010-9061-6198,dummy06198@jnu.ac.kr,1,7
106199,더미학생06199,4,010-9061-6199,dummy06199@jnu.ac.kr,2,8
106200,더미학생06200,1,010-9062-6200,dummy06200@jnu.ac.kr,3,1
106201,더미학생06201,2,010-9062-6201,dummy06201@jnu.ac.kr,4,2
106202,더미학생06202,3,010-9062-6202,dummy06202@jnu.ac.kr,5,3
106203,더미학생06203,4,010-9062-6203,dummy06203@jnu.ac.kr,6,4
106204,더미학생06204,1,010-9062-6204,dummy06204@jnu.ac.kr,1,5
106205,더미학생06205,2,010-9062-6205,dummy06205@jnu.ac.kr,2,6
106206,더미학생06206,3,010-9062-6206,dummy06206@jnu.ac.kr,3,7
106207,더미학생06207,4,010-9062-6207,dummy06207@jnu.ac.kr,4,8
106208,더미학생06208,1,010-9062-6208,dummy06208@jnu.ac.kr,5,1
106209,더미학생06209,2,010-9062-6209,dummy06209@jnu.ac.kr,6,2
106210,더미학생06210,3,010-9062-6210,dummy06210@jnu.ac.kr,1,3
106211,더미학생06211,4,010-9062-6211,dummy06211@jnu.ac.kr,2,4
106212,더미학생06212,1,010-9062-6212,dummy06212@jnu.ac.kr,3,5
106213,더미학생06213,2,010-9062-6213,dummy06213@jnu.ac.kr,4,6
106214,더미학생06214,3,010-9062-6214,dummy06214@jnu.ac.kr,5,7
106215,더미학생06215,4,010-9062-6215,dummy06215@jnu.ac.kr,6,8
106216,더미학생06216,1,010-9062-6216,dummy06216@jnu.ac.kr,1,1
106217,더미학생06217,2,010-9062-6217,dummy06217@jnu.ac.kr,2,2
106218,더미학생06218,3,010-9062-6218,dummy06218@jnu.ac.kr,3,3
106219,더미학생06219,4,010-9062-6219,dummy06219@jnu.ac.kr,4,4
106220,더미학생06220,1,010-9062-6220,dummy06220@jnu.ac.kr,5,5
106221,더미학생06221,2,010-9062-6221,dummy06221@jnu.ac.kr,6,6
106222,더미학생06222,3,010-9062-6222,dummy06222@jnu.ac.kr,1,7
106223,더미학생06223,4,010-9062-6223,dummy06223@jnu.ac.kr,2,8
106224,더미학생06224,1,010-9062-6224,dummy06224@jnu.ac.kr,3,1
106225,더미학생06225,2,010-9062-6225,dummy06225@jnu.ac.kr,4,2
106226,더미학생06226,3,010-9062-6226,dummy06226@jnu.ac.kr,5,3
106227,더미학생06227,4,010-9062-6227,dummy06227@jnu.ac.kr,6,4
106228,더미학생06228,1,010-9062-6228,dummy06228@jnu.ac.kr,1,5
106229,더미학생06229,2,010-9062-6229,dummy06229@jnu.ac.kr,2,6
106230,더미학생06230,3,010-9062-6230,dummy06230@jnu.ac.kr,3,7
106231,더미학생06231,4,010-9062-6231,dummy06231@jnu.ac.kr,4,8
106232,더미학생06232,1,010-9062-6232,dummy06232@jnu.ac.kr,5,1
106233,더미학생06233,2,010-9062-6233,dummy06233@jnu.ac.kr,6,2
106234,더미학생06234,3,010-9062-6234,dummy06234@jnu.ac.kr,1,3
106235,더미학생06235,4,010-9062-6235,dummy06235@jnu.ac.kr,2,4
106236,더미학생06236,1,010-9062-6236,dummy06236@jnu.ac.kr,3,5
106237,더미학생06237,2,010-9062-6237,dummy06237@jnu.ac.kr,4,6
106238,더미학생06238,3,010-9062-6238,dummy06238@jnu.ac.kr,5,7
106239,더미학생06239,4,010-9062-6239,dummy06239@jnu.ac.kr,6,8
106240,더미학생06240,1,010-9062-6240,dummy06240@jnu.ac.kr,1,1
106241,더미학생06241,2,010-9062-6241,dummy06241@jnu.ac.kr,2,2
106242,더미학생06242,3,010-9062-6242,dummy06242@jnu.ac.kr,3,3
106243,더미학생06243,4,010-9062-6243,dummy06243@jnu.ac.kr,4,4
106244,더미학생06244,1,010-9062-6244,dummy06244@jnu.ac.kr,5,5
106245,더미학생06245,2,010-9062-6245,dummy06245@jnu.ac.kr,6,6
106246,더미학생06246,3,010-9062-6246,dummy06246@jnu.ac.kr,1,7
106247,더미학생06247,4,010-9062-6247,dummy06247@jnu.ac.kr,2,8
106248,더미학생06248,1,010-9062-6248,dummy06248@jnu.ac.kr,3,1
106249,더미학생06249,2,010-9062-6249,dummy06249@jnu.ac.kr,4,2
106250,더미학생06250,3,010-9062-6250,dummy06250@jnu.ac.kr,5,3
106251,더미학생06251,4,010-9062-6251,dummy06251@jnu.ac.kr,6,4
106252,더미학생06252,1,010-9062-6252,dummy06252@jnu.ac.kr,1,5
106253,더미학생06253,2,010-9062-6253,dummy06253@jnu.ac.kr,2,6
106254,더미학생06254,3,010-9062-6254,dummy06254@jnu.ac.kr,3,7
106255,더미학생06255,4,010-9062-6255,dummy06255@jnu.ac.kr,4,8
106256,더미학생06256,1,010-9062-6256,dummy06256@jnu.ac.kr,5,1
106257,더미학생06257,2,010-9062-6257,dummy06257@jnu.ac.kr,6,2
106258,더미학생06258,3,010-9062-6258,dummy06258@jnu.ac.kr,1,3
106259,더미학생06259,4,010-9062-6259,dummy06259@jnu.ac.kr,2,4
106260,더미학생06260,1,010-9062-6260,dummy06260@jnu.ac.kr,3,5
106261,더미학생06261,2,010-9062-6261,dummy06261@jnu.ac.kr,4,6
106262,더미학생06262,3,010-9062-6262,dummy06262@jnu.ac.kr,5,7
106263,더미학생06263,4,010-9062-6263,dummy06263@jnu.ac.kr,6,8
106264,더미학생06264,1,010-9062-6264,dummy06264@jnu.ac.kr,1,1
106265,더미학생06265,2,010-9062-6265,dummy06265@jnu.ac.kr,2,2
106266,더미학생06266,3,010-9062-6266,dummy06266@jnu.ac.kr,3,3
106267,더미학생06267,4,010-9062-6267,dummy06267@jnu.ac.kr,4,4
106268,더미학생06268,1,010-9062-6268,dummy06268@jnu.ac.kr,5,5
106269,더미학생06269,2,010-9062-6269,dummy06269@jnu.ac.kr,6,6
106270,더미학생06270,3,010-9062-6270,dummy06270@jnu.ac.kr,1,7
106271,더미학생06271,4,010-9062-6271,dummy06271@jnu.ac.kr,2,8
106272,더미학생06272,1,010-9062-6272,dummy06272@jnu.ac.kr,3,1
106273,더미학생06273,2,010-9062-6273,dummy06273@jnu.ac.kr,4,2
106274,더미학생06274,3,010-9062-6274,dummy06274@jnu.ac.kr,5,3
106275,더미학생06275,4,010-9062-6275,dummy06275@jnu.ac.kr,6,4
106276,더미학생06276,1,010-9062-6276,dummy06276@jnu.ac.kr,1,5
106277,더미학생06277,2,010-9062-6277,dummy06277@jnu.ac.kr,2,6
106278,더미학생06278,3,010-9062-6278,dummy06278@jnu.ac.kr,3,7
106279,더미학생06279,4,010-9062-6279,dummy06279@jnu.ac.kr,4,8
106280,더미학생06280,1,010-9062-6280,dummy06280@jnu.ac.kr,5,1
106281,더미학생06281,2,010-9062-6281,dummy06281@jnu.ac.kr,6,2
106282,더미학생06282,3,010-9062-6282,dummy06282@jnu.ac.kr,1,3
106283,더미학생06283,4,010-9062-6283,dummy06283@jnu.ac.kr,2,4
106284,더미학생06284,1,010-9062-6284,dummy06284@jnu.ac.kr,3,5
106285,더미학생06285,2,010-9062-6285,dummy06285@jnu.ac.kr,4,6
106286,더미학생06286,3,010-9062-6286,dummy06286@jnu.ac.kr,5,7
106287,더미학생06287,4,010-9062-6287,dummy06287@jnu.ac.kr,6,8
106288,더미학생06288,1,010-9062-6288,dummy06288@jnu.ac.kr,1,1
106289,더미학생06289,2,010-9062-6289,dummy06289@jnu.ac.kr,2,2
106290,더미학생06290,3,010-9062-6290,dummy06290@jnu.ac.kr,3,3
106291,더미학생06291,4,010-9062-6291,dummy06291@jnu.ac.kr,4,4
106292,더미학생06292,1,010-9062-6292,dummy06292@jnu.ac.kr,5,5
106293,더미학생06293,2,010-9062-6293,dummy06293@jnu.ac.kr,6,6
106294,더미학생06294,3,010-9062-6294,dummy06294@jnu.ac.kr,1,7
106295,더미학생06295,4,010-9062-6295,dummy06295@jnu.ac.kr,2,8
106296,더미학생06296,1,010-9062-6296,dummy06296@jnu.ac.kr,3,1
106297,더미학생06297,2,010-9062-6297,dummy06297@jnu.ac.kr,4,2
106298,더미학생06298,3,010-9062-6298,dummy06298@jnu.ac.kr,5,3
106299,더미학생06299,4,010-9062-6299,dummy06299@jnu.ac.kr,6,4
106300,더미학생06300,1,010-9063-6300,dummy06300@jnu.ac.kr,1,5
106301,더미학생06301,2,010-9063-6301,dummy06301@jnu.ac.kr,2,6
106302,더미학생06302,3,010-9063-6302,dummy06302@jnu.ac.kr,3,7
106303,더미학생06303,4,010-9063-6303,dummy06303@jnu.ac.kr,4,8
106304,더미학생06304,1,010-9063-6304,dummy06304@jnu.ac.kr,5,1
106305,더미학생06305,2,010-9063-6305,dummy06305@jnu.ac.kr,6,2
106306,더미학생06306,3,010-9063-6306,dummy06306@jnu.ac.kr,1,3
106307,더미학생06307,4,010-9063-6307,dummy06307@jnu.ac.kr,2,4
106308,더미학생06308,1,010-9063-6308,dummy06308@jnu.ac.kr,3,5
106309,더미학생06309,2,010-9063-6309,dummy06309@jnu.ac.kr,4,6
106310,더미학생06310,3,010-9063-6310,dummy06310@jnu.ac.kr,5,7
106311,더미학생06311,4,010-9063-6311,dummy06311@jnu.ac.kr,6,8
106312,더미학생06312,1,010-9063-6312,dummy06312@jnu.ac.kr,1,1
106313,더미학생06313,2,010-9063-6313,dummy06313@jnu.ac.kr,2,2
106314,더미학생06314,3,010-9063-6314,dummy06314@jnu.ac.kr,3,3
106315,더미학생06315,4,010-9063-6315,dummy06315@jnu.ac.kr,4,4
106316,더미학생06316,1,010-9063-6316,dummy06316@jnu.ac.kr,5,5
106317,더미학생06317,2,010-9063-6317,dummy06317@jnu.ac.kr,6,6
106318,더미학생06318,3,010-9063-6318,dummy06318@jnu.ac.kr,1,7
106319,더미학생06319,4,010-9063-6319,dummy06319@jnu.ac.kr,2,8
106320,더미학생06320,1,010-9063-6320,dummy06320@jnu.ac.kr,3,1
106321,더미학생06321,2,010-9063-6321,dummy06321@jnu.ac.kr,4,2
106322,더미학생06322,3,010-9063-6322,dummy06322@jnu.ac.kr,5,3
106323,더미학생06323,4,010-9063-6323,dummy06323@jnu.ac.kr,6,4
106324,더미학생06324,1,010-9063-6324,dummy06324@jnu.ac.kr,1,5
106325,더미학생06325,2,010-9063-6325,dummy06325@jnu.ac.kr,2,6
106326,더미학생06326,3,010-9063-6326,dummy06326@jnu.ac.kr,3,7
106327,더미학생06327,4,010-9063-6327,dummy06327@jnu.ac.kr,4,8
106328,더미학생06328,1,010-9063-6328,dummy06328@jnu.ac.kr,5,1
106329,더미학생06329,2,010-9063-6329,dummy06329@jnu.ac.kr,6,2
106330,더미학생06330,3,010-9063-6330,dummy06330@jnu.ac.kr,1,3
106331,더미학생06331,4,010-9063-6331,dummy06331@jnu.ac.kr,2,4
106332,더미학생06332,1,010-9063-6332,dummy06332@jnu.ac.kr,3,5
106333,더미학생06333,2,010-9063-6333,dummy06333@jnu.ac.kr,4,6
106334,더미학생06334,3,010-9063-6334,dummy06334@jnu.ac.kr,5,7
106335,더미학생06335,4,010-9063-6335,dummy06335@jnu.ac.kr,6,8
106336,더미학생06336,1,010-9063-6336,dummy06336@jnu.ac.kr,1,1
106337,더미학생06337,2,010-9063-6337,dummy06337@jnu.ac.kr,2,2
106338,더미학생06338,3,010-9063-6338,dummy06338@jnu.ac.kr,3,3
106339,더미학생06339,4,010-9063-6339,dummy06339@jnu.ac.kr,4,4
106340,더미학생06340,1,010-9063-6340,dummy06340@jnu.ac.kr,5,5
106341,더미학생06341,2,010-9063-6341,dummy06341@jnu.ac.kr,6,6
106342,더미학생06342,3,010-9063-6342,dummy06342@jnu.ac.kr,1,7
106343,더미학생06343,4,010-9063-6343,dummy06343@jnu.ac.kr,2,8
106344,더미학생06344,1,010-9063-6344,dummy06344@jnu.ac.kr,3,1
106345,더미학생06345,2,010-9063-6345,dummy06345@jnu.ac.kr,4,2
106346,더미학생06346,3,010-9063-6346,dummy06346@jnu.ac.kr,5,3
106347,더미학생06347,4,010-9063-6347,dummy06347@jnu.ac.kr,6,4
106348,더미학생06348,1,010-9063-6348,dummy06348@jnu.ac.kr,1,5
106349,더미학생06349,2,010-9063-6349,dummy06349@jnu.ac.kr,2,6
106350,더미학생06350,3,010-9063-6350,dummy06350@jnu.ac.kr,3,7
106351,더미학생06351,4,010-9063-6351,dummy06351@jnu.ac.kr,4,8
106352,더미학생06352,1,010-9063-6352,dummy06352@jnu.ac.kr,5,1
106353,더미학생06353,2,010-9063-6353,dummy06353@jnu.ac.kr,6,2
106354,더미학생06354,3,010-9063-6354,dummy06354@jnu.ac.kr,1,3
106355,더미학생06355,4,010-9063-6355,dummy06355@jnu.ac.kr,2,4
106356,더미학생06356,1,010-9063-6356,dummy06356@jnu.ac.kr,3,5
106357,더미학생06357,2,010-9063-6357,dummy06357@jnu.ac.kr,4,6
106358,더미학생06358,3,010-9063-6358,dummy06358@jnu.ac.kr,5,7
106359,더미학생06359,4,010-9063-6359,dummy06359@jnu.ac.kr,6,8
106360,더미학생06360,1,010-9063-6360,dummy06360@jnu.ac.kr,1,1
106361,더미학생06361,2,010-9063-6361,dummy06361@jnu.ac.kr,2,2
106362,더미학생06362,3,010-9063-6362,dummy06362@jnu.ac.kr,3,3
106363,더미학생06363,4,010-9063-6363,dummy06363@jnu.ac.kr,4,4
106364,더미학생06364,1,010-9063-6364,dummy06364@jnu.ac.kr,5,5
106365,더미학생06365,2,010-9063-6365,dummy06365@jnu.ac.kr,6,6
106366,더미학생06366,3,010-9063-6366,dummy06366@jnu.ac.kr,1,7
106367,더미학생06367,4,010-9063-6367,dummy06367@jnu.ac.kr,2,8
106368,더미학생06368,1,010-9063-6368,dummy06368@jnu.ac.kr,3,1
106369,더미학생06369,2,010-9063-6369,dummy06369@jnu.ac.kr,4,2
106370,더미학생06370,3,010-9063-6370,dummy06370@jnu.ac.kr,5,3
106371,더미학생06371,4,010-9063-6371,dummy06371@jnu.ac.kr,6,4
106372,더미학생06372,1,010-9063-6372,dummy06372@jnu.ac.kr,1,5
106373,더미학생06373,2,010-9063-6373,dummy06373@jnu.ac.kr,2,6
106374,더미학생06374,3,010-9063-6374,dummy06374@jnu.ac.kr,3,7
106375,더미학생06375,4,010-9063-6375,dummy06375@jnu.ac.kr,4,8
106376,더미학생06376,1,010-9063-6376,dummy06376@jnu.ac.kr,5,1
106377,더미학생06377,2,010-9063-6377,dummy06377@jnu.ac.kr,6,2
106378,더미학생06378,3,010-9063-6378,dummy06378@jnu.ac.kr,1,3
106379,더미학생06379,4,010-9063-6379,dummy06379@jnu.ac.kr,2,4
106380,더미학생06380,1,010-9063-6380,dummy06380@jnu.ac.kr,3,5
106381,더미학생06381,2,010-9063-6381,dummy06381@jnu.ac.kr,4,6
106382,더미학생06382,3,010-9063-6382,dummy06382@jnu.ac.kr,5,7
106383,더미학생06383,4,010-9063-6383,dummy06383@jnu.ac.kr,6,8
106384,더미학생06384,1,010-9063-6384,dummy06384@jnu.ac.kr,1,1
106385,더미학생06385,2,010-9063-6385,dummy06385@jnu.ac.kr,2,2
106386,더미학생06386,3,010-9063-6386,dummy06386@jnu.ac.kr,3,3
106387,더미학생06387,4,010-9063-6387,dummy06387@jnu.ac.kr,4,4
106388,더미학생06388,1,010-9063-6388,dummy06388@jnu.ac.kr,5,5
106389,더미학생06389,2,010-9063-6389,dummy06389@jnu.ac.kr,6,6
106390,더미학생06390,3,010-9063-6390,dummy06390@jnu.ac.kr,1,7
106391,더미학생06391,4,010-9063-6391,dummy06391@jnu.ac.kr,2,8
106392,더미학생06392,1,010-9063-6392,dummy06392@jnu.ac.kr,3,1
106393,더미학생06393,2,010-9063-6393,dummy06393@jnu.ac.kr,4,2
106394,더미학생06394,3,010-9063-6394,dummy06394@jnu.ac.kr,5,3
106395,더미학생06395,4,010-9063-6395,dummy06395@jnu.ac.kr,6,4
106396,더미학생06396,1,010-9063-6396,dummy06396@jnu.ac.kr,1,5
106397,더미학생06397,2,010-9063-6397,dummy06397@jnu.ac.kr,2,6
106398,더미학생06398,3,010-9063-6398,dummy06398@jnu.ac.kr,3,7
106399,더미학생06399,4,010-9063-6399,dummy06399@jnu.ac.kr,4,8
106400,더미학생06400,1,010-9064-6400,dummy06400@jnu.ac.kr,5,1
106401,더미학생06401,2,010-9064-6401,dummy06401@jnu.ac.kr,6,2
106402,더미학생06402,3,010-9064-6402,dummy06402@jnu.ac.kr,1,3
106403,더미학생06403,4,010-9064-6403,dummy06403@jnu.ac.kr,2,4
106404,더미학생06404,1,010-9064-6404,dummy06404@jnu.ac.kr,3,5
106405,더미학생06405,2,010-9064-6405,dummy06405@jnu.ac.kr,4,6
106406,더미학생06406,3,010-9064-6406,dummy06406@jnu.ac.kr,5,7
106407,더미학생06407,4,010-9064-6407,dummy06407@jnu.ac.kr,6,8
106408,더미학생06408,1,010-9064-6408,dummy06408@jnu.ac.kr,1,1
106409,더미학생06409,2,010-9064-6409,dummy06409@jnu.ac.kr,2,2
106410,더미학생06410,3,010-9064-6410,dummy06410@jnu.ac.kr,3,3
106411,더미학생06411,4,010-9064-6411,dummy06411@jnu.ac.kr,4,4
106412,더미학생06412,1,010-9064-6412,dummy06412@jnu.ac.kr,5,5
106413,더미학생06413,2,010-9064-6413,dummy06413@jnu.ac.kr,6,6
106414,더미학생06414,3,010-9064-6414,dummy06414@jnu.ac.kr,1,7
106415,더미학생06415,4,010-9064-6415,dummy06415@jnu.ac.kr,2,8
106416,더미학생06416,1,010-9064-6416,dummy06416@jnu.ac.kr,3,1
106417,더미학생06417,2,010-9064-6417,dummy06417@jnu.ac.kr,4,2
106418,더미학생06418,3,010-9064-6418,dummy06418@jnu.ac.kr,5,3
106419,더미학생06419,4,010-9064-6419,dummy06419@jnu.ac.kr,6,4
106420,더미학생06420,1,010-9064-6420,dummy06420@jnu.ac.kr,1,5
106421,더미학생06421,2,010-9064-6421,dummy06421@jnu.ac.kr,2,6
106422,더미학생06422,3,010-9064-6422,dummy06422@jnu.ac.kr,3,7
106423,더미학생06423,4,010-9064-6423,dummy06423@jnu.ac.kr,4,8
106424,더미학생06424,1,010-9064-6424,dummy06424@jnu.ac.kr,5,1
106425,더미학생06425,2,010-9064-6425,dummy06425@jnu.ac.kr,6,2
106426,더미학생06426,3,010-9064-6426,dummy06426@jnu.ac.kr,1,3
106427,더미학생06427,4,010-9064-6427,dummy06427@jnu.ac.kr,2,4
106428,더미학생06428,1,010-9064-6428,dummy06428@jnu.ac.kr,3,5
106429,더미학생06429,2,010-9064-6429,dummy06429@jnu.ac.kr,4,6
106430,더미학생06430,3,010-9064-6430,dummy06430@jnu.ac.kr,5,7
106431,더미학생06431,4,010-9064-6431,dummy06431@jnu.ac.kr,6,8
106432,더미학생06432,1,010-9064-6432,dummy06432@jnu.ac.kr,1,1
106433,더미학생06433,2,010-9064-6433,dummy06433@jnu.ac.kr,2,2
106434,더미학생06434,3,010-9064-6434,dummy06434@jnu.ac.kr,3,3
106435,더미학생06435,4,010-9064-6435,dummy06435@jnu.ac.kr,4,4
106436,더미학생06436,1,010-9064-6436,dummy06436@jnu.ac.kr,5,5
106437,더미학생06437,2,010-9064-6437,dummy06437@jnu.ac.kr,6,6
106438,더미학생06438,3,010-9064-6438,dummy06438@jnu.ac.kr,1,7
106439,더미학생06439,4,010-9064-6439,dummy06439@jnu.ac.kr,2,8
106440,더미학생06440,1,010-9064-6440,dummy06440@jnu.ac.kr,3,1
106441,더미학생06441,2,010-9064-6441,dummy06441@jnu.ac.kr,4,2
106442,더미학생06442,3,010-9064-6442,dummy06442@jnu.ac.kr,5,3
106443,더미학생06443,4,010-9064-6443,dummy06443@jnu.ac.kr,6,4
106444,더미학생06444,1,010-9064-6444,dummy06444@jnu.ac.kr,1,5
106445,더미학생06445,2,010-9064-6445,dummy06445@jnu.ac.kr,2,6
106446,더미학생06446,3,010-9064-6446,dummy06446@jnu.ac.kr,3,7
106447,더미학생06447,4,010-9064-6447,dummy06447@jnu.ac.kr,4,8
106448,더미학생06448,1,010-9064-6448,dummy06448@jnu.ac.kr,5,1
106449,더미학생06449,2,010-9064-6449,dummy06449@jnu.ac.kr,6,2
106450,더미학생06450,3,010-9064-6450,dummy06450@jnu.ac.kr,1,3
106451,더미학생06451,4,010-9064-6451,dummy06451@jnu.ac.kr,2,4
106452,더미학생06452,1,010-9064-6452,dummy06452@jnu.ac.kr,3,5
106453,더미학생06453,2,010-9064-6453,dummy06453@jnu.ac.kr,4,6
106454,더미학생06454,3,010-9064-6454,dummy06454@jnu.ac.kr,5,7
106455,더미학생06455,4,010-9064-6455,dummy06455@jnu.ac.kr,6,8
106456,더미학생06456,1,010-9064-6456,dummy06456@jnu.ac.kr,1,1
106457,더미학생06457,2,010-9064-6457,dummy06457@jnu.ac.kr,2,2
106458,더미학생06458,3,010-9064-6458,dummy06458@jnu.ac.kr,3,3
106459,더미학생06459,4,010-9064-6459,dummy06459@jnu.ac.kr,4,4
106460,더미학생06460,1,010-9064-6460,dummy06460@jnu.ac.kr,5,5
106461,더미학생06461,2,010-9064-6461,dummy06461@jnu.ac.kr,6,6
106462,더미학생06462,3,010-9064-6462,dummy06462@jnu.ac.kr,1,7
106463,더미학생06463,4,010-9064-6463,dummy06463@jnu.ac.kr,2,8
106464,더미학생06464,1,010-9064-6464,dummy06464@jnu.ac.kr,3,1
106465,더미학생06465,2,010-9064-6465,dummy06465@jnu.ac.kr,4,2
106466,더미학생06466,3,010-9064-6466,dummy06466@jnu.ac.kr,5,3
106467,더미학생06467,4,010-9064-6467,dummy06467@jnu.ac.kr,6,4
106468,더미학생06468,1,010-9064-6468,dummy06468@jnu.ac.kr,1,5
106469,더미학생06469,2,010-9064-6469,dummy06469@jnu.ac.kr,2,6
106470,더미학생06470,3,010-9064-6470,dummy06470@jnu.ac.kr,3,7
106471,더미학생06471,4,010-9064-6471,dummy06471@jnu.ac.kr,4,8
106472,더미학생06472,1,010-9064-6472,dummy06472@jnu.ac.kr,5,1
106473,더미학생06473,2,010-9064-6473,dummy06473@jnu.ac.kr,6,2
106474,더미학생06474,3,010-9064-6474,dummy06474@jnu.ac.kr,1,3
106475,더미학생06475,4,010-9064-6475,dummy06475@jnu.ac.kr,2,4
106476,더미학생06476,1,010-9064-6476,dummy06476@jnu.ac.kr,3,5
106477,더미학생06477,2,010-9064-6477,dummy06477@jnu.ac.kr,4,6
106478,더미학생06478,3,010-9064-6478,dummy06478@jnu.ac.kr,5,7
106479,더미학생06479,4,010-9064-6479,dummy06479@jnu.ac.kr,6,8
106480,더미학생06480,1,010-9064-6480,dummy06480@jnu.ac.kr,1,1
106481,더미학생06481,2,010-9064-6481,dummy06481@jnu.ac.kr,2,2
106482,더미학생06482,3,010-9064-6482,dummy06482@jnu.ac.kr,3,3
106483,더미학생06483,4,010-9064-6483,dummy06483@jnu.ac.kr,4,4
106484,더미학생06484,1,010-9064-6484,dummy06484@jnu.ac.kr,5,5
106485,더미학생06485,2,010-9064-6485,dummy06485@jnu.ac.kr,6,6
106486,더미학생06486,3,010-9064-6486,dummy06486@jnu.ac.kr,1,7
106487,더미학생06487,4,010-9064-6487,dummy06487@jnu.ac.kr,2,8
106488,더미학생06488,1,010-9064-6488,dummy06488@jnu.ac.kr,3,1
106489,더미학생06489,2,010-9064-6489,dummy06489@jnu.ac.kr,4,2
106490,더미학생06490,3,010-9064-6490,dummy06490@jnu.ac.kr,5,3
106491,더미학생06491,4,010-9064-6491,dummy06491@jnu.ac.kr,6,4
106492,더미학생06492,1,010-9064-6492,dummy06492@jnu.ac.kr,1,5
106493,더미학생06493,2,010-9064-6493,dummy06493@jnu.ac.kr,2,6
106494,더미학생06494,3,010-9064-6494,dummy06494@jnu.ac.kr,3,7
106495,더미학생06495,4,010-9064-6495,dummy06495@jnu.ac.kr,4,8
106496,더미학생06496,1,010-9064-6496,dummy06496@jnu.ac.kr,5,1
106497,더미학생06497,2,010-9064-6497,dummy06497@jnu.ac.kr,6,2
106498,더미학생06498,3,010-9064-6498,dummy06498@jnu.ac.kr,1,3
106499,더미학생06499,4,010-9064-6499,dummy06499@jnu.ac.kr,2,4
106500,더미학생06500,1,010-9065-6500,dummy06500@jnu.ac.kr,3,5
106501,더미학생06501,2,010-9065-6501,dummy06501@jnu.ac.kr,4,6
106502,더미학생06502,3,010-9065-6502,dummy06502@jnu.ac.kr,5,7
106503,더미학생06503,4,010-9065-6503,dummy06503@jnu.ac.kr,6,8
106504,더미학생06504,1,010-9065-6504,dummy06504@jnu.ac.kr,1,1
106505,더미학생06505,2,010-9065-6505,dummy06505@jnu.ac.kr,2,2
106506,더미학생06506,3,010-9065-6506,dummy06506@jnu.ac.kr,3,3
106507,더미학생06507,4,010-9065-6507,dummy06507@jnu.ac.kr,4,4
106508,더미학생06508,1,010-9065-6508,dummy06508@jnu.ac.kr,5,5
106509,더미학생06509,2,010-9065-6509,dummy06509@jnu.ac.kr,6,6
106510,더미학생06510,3,010-9065-6510,dummy06510@jnu.ac.kr,1,7
106511,더미학생06511,4,010-9065-6511,dummy06511@jnu.ac.kr,2,8
106512,더미학생06512,1,010-9065-6512,dummy06512@jnu.ac.kr,3,1
106513,더미학생06513,2,010-9065-6513,dummy06513@jnu.ac.kr,4,2
106514,더미학생06514,3,010-9065-6514,dummy06514@jnu.ac.kr,5,3
106515,더미학생06515,4,010-9065-6515,dummy06515@jnu.ac.kr,6,4
106516,더미학생06516,1,010-9065-6516,dummy06516@jnu.ac.kr,1,5
106517,더미학생06517,2,010-9065-6517,dummy06517@jnu.ac.kr,2,6
106518,더미학생06518,3,010-9065-6518,dummy06518@jnu.ac.kr,3,7
106519,더미학생06519,4,010-9065-6519,dummy06519@jnu.ac.kr,4,8
106520,더미학생06520,1,010-9065-6520,dummy06520@jnu.ac.kr,5,1
106521,더미학생06521,2,010-9065-6521,dummy06521@jnu.ac.kr,6,2
106522,더미학생06522,3,010-9065-6522,dummy06522@jnu.ac.kr,1,3
106523,더미학생06523,4,010-9065-6523,dummy06523@jnu.ac.kr,2,4
106524,더미학생06524,1,010-9065-6524,dummy06524@jnu.ac.kr,3,5
106525,더미학생06525,2,010-9065-6525,dummy06525@jnu.ac.kr,4,6
106526,더미학생06526,3,010-9065-6526,dummy06526@jnu.ac.kr,5,7
106527,더미학생06527,4,010-9065-6527,dummy06527@jnu.ac.kr,6,8
106528,더미학생06528,1,010-9065-6528,dummy06528@jnu.ac.kr,1,1
106529,더미학생06529,2,010-9065-6529,dummy06529@jnu.ac.kr,2,2
106530,더미학생06530,3,010-9065-6530,dummy06530@jnu.ac.kr,3,3
106531,더미학생06531,4,010-9065-6531,dummy06531@jnu.ac.kr,4,4
106532,더미학생06532,1,010-9065-6532,dummy06532@jnu.ac.kr,5,5
106533,더미학생06533,2,010-9065-6533,dummy06533@jnu.ac.kr,6,6
106534,더미학생06534,3,010-9065-6534,dummy06534@jnu.ac.kr,1,7
106535,더미학생06535,4,010-9065-6535,dummy06535@jnu.ac.kr,2,8
106536,더미학생06536,1,010-9065-6536,dummy06536@jnu.ac.kr,3,1
106537,더미학생06537,2,010-9065-6537,dummy06537@jnu.ac.kr,4,2
106538,더미학생06538,3,010-9065-6538,dummy06538@jnu.ac.kr,5,3
106539,더미학생06539,4,010-9065-6539,dummy06539@jnu.ac.kr,6,4
106540,더미학생06540,1,010-9065-6540,dummy06540@jnu.ac.kr,1,5
106541,더미학생06541,2,010-9065-6541,dummy06541@jnu.ac.kr,2,6
106542,더미학생06542,3,010-9065-6542,dummy06542@jnu.ac.kr,3,7
106543,더미학생06543,4,010-9065-6543,dummy06543@jnu.ac.kr,4,8
106544,더미학생06544,1,010-9065-6544,dummy06544@jnu.ac.kr,5,1
106545,더미학생06545,2,010-9065-6545,dummy06545@jnu.ac.kr,6,2
106546,더미학생06546,3,010-9065-6546,dummy06546@jnu.ac.kr,1,3
106547,더미학생06547,4,010-9065-6547,dummy06547@jnu.ac.kr,2,4
106548,더미학생06548,1,010-9065-6548,dummy06548@jnu.ac.kr,3,5
106549,더미학생06549,2,010-9065-6549,dummy06549@jnu.ac.kr,4,6
106550,더미학생06550,3,010-9065-6550,dummy06550@jnu.ac.kr,5,7
106551,더미학생06551,4,010-9065-6551,dummy06551@jnu.ac.kr,6,8
106552,더미학생06552,1,010-9065-6552,dummy06552@jnu.ac.kr,1,1
106553,더미학생06553,2,010-9065-6553,dummy06553@jnu.ac.kr,2,2
106554,더미학생06554,3,010-9065-6554,dummy06554@jnu.ac.kr,3,3
106555,더미학생06555,4,010-9065-6555,dummy06555@jnu.ac.kr,4,4
106556,더미학생06556,1,010-9065-6556,dummy06556@jnu.ac.kr,5,5
106557,더미학생06557,2,010-9065-6557,dummy06557@jnu.ac.kr,6,6
106558,더미학생06558,3,010-9065-6558,dummy06558@jnu.ac.kr,1,7
106559,더미학생06559,4,010-9065-6559,dummy06559@jnu.ac.kr,2,8
106560,더미학생06560,1,010-9065-6560,dummy06560@jnu.ac.kr,3,1
106561,더미학생06561,2,010-9065-6561,dummy06561@jnu.ac.kr,4,2
106562,더미학생06562,3,010-9065-6562,dummy06562@jnu.ac.kr,5,3
106563,더미학생06563,4,010-9065-6563,dummy06563@jnu.ac.kr,6,4
106564,더미학생06564,1,010-9065-6564,dummy06564@jnu.ac.kr,1,5
106565,더미학생06565,2,010-9065-6565,dummy06565@jnu.ac.kr,2,6
106566,더미학생06566,3,010-9065-6566,dummy06566@jnu.ac.kr,3,7
106567,더미학생06567,4,010-9065-6567,dummy06567@jnu.ac.kr,4,8
106568,더미학생06568,1,010-9065-6568,dummy06568@jnu.ac.kr,5,1
106569,더미학생06569,2,010-9065-6569,dummy06569@jnu.ac.kr,6,2
106570,더미학생06570,3,010-9065-6570,dummy06570@jnu.ac.kr,1,3
106571,더미학생06571,4,010-9065-6571,dummy06571@jnu.ac.kr,2,4
106572,더미학생06572,1,010-9065-6572,dummy06572@jnu.ac.kr,3,5
106573,더미학생06573,2,010-9065-6573,dummy06573@jnu.ac.kr,4,6
106574,더미학생06574,3,010-9065-6574,dummy06574@jnu.ac.kr,5,7
106575,더미학생06575,4,010-9065-6575,dummy06575@jnu.ac.kr,6,8
106576,더미학생06576,1,010-9065-6576,dummy06576@jnu.ac.kr,1,1
106577,더미학생06577,2,010-9065-6577,dummy06577@jnu.ac.kr,2,2
106578,더미학생06578,3,010-9065-6578,dummy06578@jnu.ac.kr,3,3
106579,더미학생06579,4,010-9065-6579,dummy06579@jnu.ac.kr,4,4
106580,더미학생06580,1,010-9065-6580,dummy06580@jnu.ac.kr,5,5
106581,더미학생06581,2,010-9065-6581,dummy06581@jnu.ac.kr,6,6
106582,더미학생06582,3,010-9065-6582,dummy06582@jnu.ac.kr,1,7
106583,더미학생06583,4,010-9065-6583,dummy06583@jnu.ac.kr,2,8
106584,더미학생06584,1,010-9065-6584,dummy06584@jnu.ac.kr,3,1
106585,더미학생06585,2,010-9065-6585,dummy06585@jnu.ac.kr,4,2
106586,더미학생06586,3,010-9065-6586,dummy06586@jnu.ac.kr,5,3
106587,더미학생06587,4,010-9065-6587,dummy06587@jnu.ac.kr,6,4
106588,더미학생06588,1,010-9065-6588,dummy06588@jnu.ac.kr,1,5
106589,더미학생06589,2,010-9065-6589,dummy06589@jnu.ac.kr,2,6
106590,더미학생06590,3,010-9065-6590,dummy06590@jnu.ac.kr,3,7
106591,더미학생06591,4,010-9065-6591,dummy06591@jnu.ac.kr,4,8
106592,더미학생06592,1,010-9065-6592,dummy06592@jnu.ac.kr,5,1
106593,더미학생06593,2,010-9065-6593,dummy06593@jnu.ac.kr,6,2
106594,더미학생06594,3,010-9065-6594,dummy06594@jnu.ac.kr,1,3
106595,더미학생06595,4,010-9065-6595,dummy06595@jnu.ac.kr,2,4
106596,더미학생06596,1,010-9065-6596,dummy06596@jnu.ac.kr,3,5
106597,더미학생06597,2,010-9065-6597,dummy06597@jnu.ac.kr,4,6
106598,더미학생06598,3,010-9065-6598,dummy06598@jnu.ac.kr,5,7
106599,더미학생06599,4,010-9065-6599,dummy06599@jnu.ac.kr,6,8
106600,더미학생06600,1,010-9066-6600,dummy06600@jnu.ac.kr,1,1
106601,더미학생06601,2,010-9066-6601,dummy06601@jnu.ac.kr,2,2
106602,더미학생06602,3,010-9066-6602,dummy06602@jnu.ac.kr,3,3
106603,더미학생06603,4,010-9066-6603,dummy06603@jnu.ac.kr,4,4
106604,더미학생06604,1,010-9066-6604,dummy06604@jnu.ac.kr,5,5
106605,더미학생06605,2,010-9066-6605,dummy06605@jnu.ac.kr,6,6
106606,더미학생06606,3,010-9066-6606,dummy06606@jnu.ac.kr,1,7
106607,더미학생06607,4,010-9066-6607,dummy06607@jnu.ac.kr,2,8
106608,더미학생06608,1,010-9066-6608,dummy06608@jnu.ac.kr,3,1
106609,더미학생06609,2,010-9066-6609,dummy06609@jnu.ac.kr,4,2
106610,더미학생06610,3,010-9066-6610,dummy06610@jnu.ac.kr,5,3
106611,더미학생06611,4,010-9066-6611,dummy06611@jnu.ac.kr,6,4
106612,더미학생06612,1,010-9066-6612,dummy06612@jnu.ac.kr,1,5
106613,더미학생06613,2,010-9066-6613,dummy06613@jnu.ac.kr,2,6
106614,더미학생06614,3,010-9066-6614,dummy06614@jnu.ac.kr,3,7
106615,더미학생06615,4,010-9066-6615,dummy06615@jnu.ac.kr,4,8
106616,더미학생06616,1,010-9066-6616,dummy06616@jnu.ac.kr,5,1
106617,더미학생06617,2,010-9066-6617,dummy06617@jnu.ac.kr,6,2
106618,더미학생06618,3,010-9066-6618,dummy06618@jnu.ac.kr,1,3
106619,더미학생06619,4,010-9066-6619,dummy06619@jnu.ac.kr,2,4
106620,더미학생06620,1,010-9066-6620,dummy06620@jnu.ac.kr,3,5
106621,더미학생06621,2,010-9066-6621,dummy06621@jnu.ac.kr,4,6
106622,더미학생06622,3,010-9066-6622,dummy06622@jnu.ac.kr,5,7
106623,더미학생06623,4,010-9066-6623,dummy06623@jnu.ac.kr,6,8
106624,더미학생06624,1,010-9066-6624,dummy06624@jnu.ac.kr,1,1
106625,더미학생06625,2,010-9066-6625,dummy06625@jnu.ac.kr,2,2
106626,더미학생06626,3,010-9066-6626,dummy06626@jnu.ac.kr,3,3
106627,더미학생06627,4,010-9066-6627,dummy06627@jnu.ac.kr,4,4
106628,더미학생06628,1,010-9066-6628,dummy06628@jnu.ac.kr,5,5
106629,더미학생06629,2,010-9066-6629,dummy06629@jnu.ac.kr,6,6
106630,더미학생06630,3,010-9066-6630,dummy06630@jnu.ac.kr,1,7
106631,더미학생06631,4,010-9066-6631,dummy06631@jnu.ac.kr,2,8
106632,더미학생06632,1,010-9066-6632,dummy06632@jnu.ac.kr,3,1
106633,더미학생06633,2,010-9066-6633,dummy06633@jnu.ac.kr,4,2
106634,더미학생06634,3,010-9066-6634,dummy06634@jnu.ac.kr,5,3
106635,더미학생06635,4,010-9066-6635,dummy06635@jnu.ac.kr,6,4
106636,더미학생06636,1,010-9066-6636,dummy06636@jnu.ac.kr,1,5
106637,더미학생06637,2,010-9066-6637,dummy06637@jnu.ac.kr,2,6
106638,더미학생06638,3,010-9066-6638,dummy06638@jnu.ac.kr,3,7
106639,더미학생06639,4,010-9066-6639,dummy06639@jnu.ac.kr,4,8
106640,더미학생06640,1,010-9066-6640,dummy06640@jnu.ac.kr,5,1
106641,더미학생06641,2,010-9066-6641,dummy06641@jnu.ac.kr,6,2
106642,더미학생06642,3,010-9066-6642,dummy06642@jnu.ac.kr,1,3
106643,더미학생06643,4,010-9066-6643,dummy06643@jnu.ac.kr,2,4
106644,더미학생06644,1,010-9066-6644,dummy06644@jnu.ac.kr,3,5
106645,더미학생06645,2,010-9066-6645,dummy06645@jnu.ac.kr,4,6
106646,더미학생06646,3,010-9066-6646,dummy06646@jnu.ac.kr,5,7
106647,더미학생06647,4,010-9066-6647,dummy06647@jnu.ac.kr,6,8
106648,더미학생06648,1,010-9066-6648,dummy06648@jnu.ac.kr,1,1
106649,더미학생06649,2,010-9066-6649,dummy06649@jnu.ac.kr,2,2
106650,더미학생06650,3,010-9066-6650,dummy06650@jnu.ac.kr,3,3
106651,더미학생06651,4,010-9066-6651,dummy06651@jnu.ac.kr,4,4
106652,더미학생06652,1,010-9066-6652,dummy06652@jnu.ac.kr,5,5
106653,더미학생06653,2,010-9066-6653,dummy06653@jnu.ac.kr,6,6
106654,더미학생06654,3,010-9066-6654,dummy06654@jnu.ac.kr,1,7
106655,더미학생06655,4,010-9066-6655,dummy06655@jnu.ac.kr,2,8
106656,더미학생06656,1,010-9066-6656,dummy06656@jnu.ac.kr,3,1
106657,더미학생06657,2,010-9066-6657,dummy06657@jnu.ac.kr,4,2
106658,더미학생06658,3,010-9066-6658,dummy06658@jnu.ac.kr,5,3
106659,더미학생06659,4,010-9066-6659,dummy06659@jnu.ac.kr,6,4
106660,더미학생06660,1,010-9066-6660,dummy06660@jnu.ac.kr,1,5
106661,더미학생06661,2,010-9066-6661,dummy06661@jnu.ac.kr,2,6
106662,더미학생06662,3,010-9066-6662,dummy06662@jnu.ac.kr,3,7
106663,더미학생06663,4,010-9066-6663,dummy06663@jnu.ac.kr,4,8
106664,더미학생06664,1,010-9066-6664,dummy06664@jnu.ac.kr,5,1
106665,더미학생06665,2,010-9066-6665,dummy06665@jnu.ac.kr,6,2
106666,더미학생06666,3,010-9066-6666,dummy06666@jnu.ac.kr,1,3
106667,더미학생06667,4,010-9066-6667,dummy06667@jnu.ac.kr,2,4
106668,더미학생06668,1,010-9066-6668,dummy06668@jnu.ac.kr,3,5
106669,더미학생06669,2,010-9066-6669,dummy06669@jnu.ac.kr,4,6
106670,더미학생06670,3,010-9066-6670,dummy06670@jnu.ac.kr,5,7
106671,더미학생06671,4,010-9066-6671,dummy06671@jnu.ac.kr,6,8
106672,더미학생06672,1,010-9066-6672,dummy06672@jnu.ac.kr,1,1
106673,더미학생06673,2,010-9066-6673,dummy06673@jnu.ac.kr,2,2
106674,더미학생06674,3,010-9066-6674,dummy06674@jnu.ac.kr,3,3
106675,더미학생06675,4,010-9066-6675,dummy06675@jnu.ac.kr,4,4
106676,더미학생06676,1,010-9066-6676,dummy06676@jnu.ac.kr,5,5
106677,더미학생06677,2,010-9066-6677,dummy06677@jnu.ac.kr,6,6
106678,더미학생06678,3,010-9066-6678,dummy06678@jnu.ac.kr,1,7
106679,더미학생06679,4,010-9066-6679,dummy06679@jnu.ac.kr,2,8
106680,더미학생06680,1,010-9066-6680,dummy06680@jnu.ac.kr,3,1
106681,더미학생06681,2,010-9066-6681,dummy06681@jnu.ac.kr,4,2
106682,더미학생06682,3,010-9066-6682,dummy06682@jnu.ac.kr,5,3
106683,더미학생06683,4,010-9066-6683,dummy06683@jnu.ac.kr,6,4
106684,더미학생06684,1,010-9066-6684,dummy06684@jnu.ac.kr,1,5
106685,더미학생06685,2,010-9066-6685,dummy06685@jnu.ac.kr,2,6
106686,더미학생06686,3,010-9066-6686,dummy06686@jnu.ac.kr,3,7
106687,더미학생06687,4,010-9066-6687,dummy06687@jnu.ac.kr,4,8
106688,더미학생06688,1,010-9066-6688,dummy06688@jnu.ac.kr,5,1
106689,더미학생06689,2,010-9066-6689,dummy06689@jnu.ac.kr,6,2
106690,더미학생06690,3,010-9066-6690,dummy06690@jnu.ac.kr,1,3
106691,더미학생06691,4,010-9066-6691,dummy06691@jnu.ac.kr,2,4
106692,더미학생06692,1,010-9066-6692,dummy06692@jnu.ac.kr,3,5
106693,더미학생06693,2,010-9066-6693,dummy06693@jnu.ac.kr,4,6
106694,더미학생06694,3,010-9066-6694,dummy06694@jnu.ac.kr,5,7
106695,더미학생06695,4,010-9066-6695,dummy06695@jnu.ac.kr,6,8
106696,더미학생06696,1,010-9066-6696,dummy06696@jnu.ac.kr,1,1
106697,더미학생06697,2,010-9066-6697,dummy06697@jnu.ac.kr,2,2
106698,더미학생06698,3,010-9066-6698,dummy06698@jnu.ac.kr,3,3
106699,더미학생06699,4,010-9066-6699,dummy06699@jnu.ac.kr,4,4
106700,더미학생06700,1,010-9067-6700,dummy06700@jnu.ac.kr,5,5
106701,더미학생06701,2,010-9067-6701,dummy06701@jnu.ac.kr,6,6
106702,더미학생06702,3,010-9067-6702,dummy06702@jnu.ac.kr,1,7
106703,더미학생06703,4,010-9067-6703,dummy06703@jnu.ac.kr,2,8
106704,더미학생06704,1,010-9067-6704,dummy06704@jnu.ac.kr,3,1
106705,더미학생06705,2,010-9067-6705,dummy06705@jnu.ac.kr,4,2
106706,더미학생06706,3,010-9067-6706,dummy06706@jnu.ac.kr,5,3
106707,더미학생06707,4,010-9067-6707,dummy06707@jnu.ac.kr,6,4
106708,더미학생06708,1,010-9067-6708,dummy06708@jnu.ac.kr,1,5
106709,더미학생06709,2,010-9067-6709,dummy06709@jnu.ac.kr,2,6
106710,더미학생06710,3,010-9067-6710,dummy06710@jnu.ac.kr,3,7
106711,더미학생06711,4,010-9067-6711,dummy06711@jnu.ac.kr,4,8
106712,더미학생06712,1,010-9067-6712,dummy06712@jnu.ac.kr,5,1
106713,더미학생06713,2,010-9067-6713,dummy06713@jnu.ac.kr,6,2
106714,더미학생06714,3,010-9067-6714,dummy06714@jnu.ac.kr,1,3
106715,더미학생06715,4,010-9067-6715,dummy06715@jnu.ac.kr,2,4
106716,더미학생06716,1,010-9067-6716,dummy06716@jnu.ac.kr,3,5
106717,더미학생06717,2,010-9067-6717,dummy06717@jnu.ac.kr,4,6
106718,더미학생06718,3,010-9067-6718,dummy06718@jnu.ac.kr,5,7
106719,더미학생06719,4,010-9067-6719,dummy06719@jnu.ac.kr,6,8
106720,더미학생06720,1,010-9067-6720,dummy06720@jnu.ac.kr,1,1
106721,더미학생06721,2,010-9067-6721,dummy06721@jnu.ac.kr,2,2
106722,더미학생06722,3,010-9067-6722,dummy06722@jnu.ac.kr,3,3
106723,더미학생06723,4,010-9067-6723,dummy06723@jnu.ac.kr,4,4
106724,더미학생06724,1,010-9067-6724,dummy06724@jnu.ac.kr,5,5
106725,더미학생06725,2,010-9067-6725,dummy06725@jnu.ac.kr,6,6
106726,더미학생06726,3,010-9067-6726,dummy06726@jnu.ac.kr,1,7
106727,더미학생06727,4,010-9067-6727,dummy06727@jnu.ac.kr,2,8
106728,더미학생06728,1,010-9067-6728,dummy06728@jnu.ac.kr,3,1
106729,더미학생06729,2,010-9067-6729,dummy06729@jnu.ac.kr,4,2
106730,더미학생06730,3,010-9067-6730,dummy06730@jnu.ac.kr,5,3
106731,더미학생06731,4,010-9067-6731,dummy06731@jnu.ac.kr,6,4
106732,더미학생06732,1,010-9067-6732,dummy06732@jnu.ac.kr,1,5
106733,더미학생06733,2,010-9067-6733,dummy06733@jnu.ac.kr,2,6
106734,더미학생06734,3,010-9067-6734,dummy06734@jnu.ac.kr,3,7
106735,더미학생06735,4,010-9067-6735,dummy06735@jnu.ac.kr,4,8
106736,더미학생06736,1,010-9067-6736,dummy06736@jnu.ac.kr,5,1
106737,더미학생06737,2,010-9067-6737,dummy06737@jnu.ac.kr,6,2
106738,더미학생06738,3,010-9067-6738,dummy06738@jnu.ac.kr,1,3
106739,더미학생06739,4,010-9067-6739,dummy06739@jnu.ac.kr,2,4
106740,더미학생06740,1,010-9067-6740,dummy06740@jnu.ac.kr,3,5
106741,더미학생06741,2,010-9067-6741,dummy06741@jnu.ac.kr,4,6
106742,더미학생06742,3,010-9067-6742,dummy06742@jnu.ac.kr,5,7
106743,더미학생06743,4,010-9067-6743,dummy06743@jnu.ac.kr,6,8
106744,더미학생06744,1,010-9067-6744,dummy06744@jnu.ac.kr,1,1
106745,더미학생06745,2,010-9067-6745,dummy06745@jnu.ac.kr,2,2
106746,더미학생06746,3,010-9067-6746,dummy06746@jnu.ac.kr,3,3
106747,더미학생06747,4,010-9067-6747,dummy06747@jnu.ac.kr,4,4
106748,더미학생06748,1,010-9067-6748,dummy06748@jnu.ac.kr,5,5
106749,더미학생06749,2,010-9067-6749,dummy06749@jnu.ac.kr,6,6
106750,더미학생06750,3,010-9067-6750,dummy06750@jnu.ac.kr,1,7
106751,더미학생06751,4,010-9067-6751,dummy06751@jnu.ac.kr,2,8
106752,더미학생06752,1,010-9067-6752,dummy06752@jnu.ac.kr,3,1
106753,더미학생06753,2,010-9067-6753,dummy06753@jnu.ac.kr,4,2
106754,더미학생06754,3,010-9067-6754,dummy06754@jnu.ac.kr,5,3
106755,더미학생06755,4,010-9067-6755,dummy06755@jnu.ac.kr,6,4
106756,더미학생06756,1,010-9067-6756,dummy06756@jnu.ac.kr,1,5
106757,더미학생06757,2,010-9067-6757,dummy06757@jnu.ac.kr,2,6
106758,더미학생06758,3,010-9067-6758,dummy06758@jnu.ac.kr,3,7
106759,더미학생06759,4,010-9067-6759,dummy06759@jnu.ac.kr,4,8
106760,더미학생06760,1,010-9067-6760,dummy06760@jnu.ac.kr,5,1
106761,더미학생06761,2,010-9067-6761,dummy06761@jnu.ac.kr,6,2
106762,더미학생06762,3,010-9067-6762,dummy06762@jnu.ac.kr,1,3
106763,더미학생06763,4,010-9067-6763,dummy06763@jnu.ac.kr,2,4
106764,더미학생06764,1,010-9067-6764,dummy06764@jnu.ac.kr,3,5
106765,더미학생06765,2,010-9067-6765,dummy06765@jnu.ac.kr,4,6
106766,더미학생06766,3,010-9067-6766,dummy06766@jnu.ac.kr,5,7
106767,더미학생06767,4,010-9067-6767,dummy06767@jnu.ac.kr,6,8
106768,더미학생06768,1,010-9067-6768,dummy06768@jnu.ac.kr,1,1
106769,더미학생06769,2,010-9067-6769,dummy06769@jnu.ac.kr,2,2
106770,더미학생06770,3,010-9067-6770,dummy06770@jnu.ac.kr,3,3
106771,더미학생06771,4,010-9067-6771,dummy06771@jnu.ac.kr,4,4
106772,더미학생06772,1,010-9067-6772,dummy06772@jnu.ac.kr,5,5
106773,더미학생06773,2,010-9067-6773,dummy06773@jnu.ac.kr,6,6
106774,더미학생06774,3,010-9067-6774,dummy06774@jnu.ac.kr,1,7
106775,더미학생06775,4,010-9067-6775,dummy06775@jnu.ac.kr,2,8
106776,더미학생06776,1,010-9067-6776,dummy06776@jnu.ac.kr,3,1
106777,더미학생06777,2,010-9067-6777,dummy06777@jnu.ac.kr,4,2
106778,더미학생06778,3,010-9067-6778,dummy06778@jnu.ac.kr,5,3
106779,더미학생06779,4,010-9067-6779,dummy06779@jnu.ac.kr,6,4
106780,더미학생06780,1,010-9067-6780,dummy06780@jnu.ac.kr,1,5
106781,더미학생06781,2,010-9067-6781,dummy06781@jnu.ac.kr,2,6
106782,더미학생06782,3,010-9067-6782,dummy06782@jnu.ac.kr,3,7
106783,더미학생06783,4,010-9067-6783,dummy06783@jnu.ac.kr,4,8
106784,더미학생06784,1,010-9067-6784,dummy06784@jnu.ac.kr,5,1
106785,더미학생06785,2,010-9067-6785,dummy06785@jnu.ac.kr,6,2
106786,더미학생06786,3,010-9067-6786,dummy06786@jnu.ac.kr,1,3
106787,더미학생06787,4,010-9067-6787,dummy06787@jnu.ac.kr,2,4
106788,더미학생06788,1,010-9067-6788,dummy06788@jnu.ac.kr,3,5
106789,더미학생06789,2,010-9067-6789,dummy06789@jnu.ac.kr,4,6
106790,더미학생06790,3,010-9067-6790,dummy06790@jnu.ac.kr,5,7
106791,더미학생06791,4,010-9067-6791,dummy06791@jnu.ac.kr,6,8
106792,더미학생06792,1,010-9067-6792,dummy06792@jnu.ac.kr,1,1
106793,더미학생06793,2,010-9067-6793,dummy06793@jnu.ac.kr,2,2
106794,더미학생06794,3,010-9067-6794,dummy06794@jnu.ac.kr,3,3
106795,더미학생06795,4,010-9067-6795,dummy06795@jnu.ac.kr,4,4
106796,더미학생06796,1,010-9067-6796,dummy06796@jnu.ac.kr,5,5
106797,더미학생06797,2,010-9067-6797,dummy06797@jnu.ac.kr,6,6
106798,더미학생06798,3,010-9067-6798,dummy06798@jnu.ac.kr,1,7
106799,더미학생06799,4,010-9067-6799,dummy06799@jnu.ac.kr,2,8
106800,더미학생06800,1,010-9068-6800,dummy06800@jnu.ac.kr,3,1
106801,더미학생06801,2,010-9068-6801,dummy06801@jnu.ac.kr,4,2
106802,더미학생06802,3,010-9068-6802,dummy06802@jnu.ac.kr,5,3
106803,더미학생06803,4,010-9068-6803,dummy06803@jnu.ac.kr,6,4
106804,더미학생06804,1,010-9068-6804,dummy06804@jnu.ac.kr,1,5
106805,더미학생06805,2,010-9068-6805,dummy06805@jnu.ac.kr,2,6
106806,더미학생06806,3,010-9068-6806,dummy06806@jnu.ac.kr,3,7
106807,더미학생06807,4,010-9068-6807,dummy06807@jnu.ac.kr,4,8
106808,더미학생06808,1,010-9068-6808,dummy06808@jnu.ac.kr,5,1
106809,더미학생06809,2,010-9068-6809,dummy06809@jnu.ac.kr,6,2
106810,더미학생06810,3,010-9068-6810,dummy06810@jnu.ac.kr,1,3
106811,더미학생06811,4,010-9068-6811,dummy06811@jnu.ac.kr,2,4
106812,더미학생06812,1,010-9068-6812,dummy06812@jnu.ac.kr,3,5
106813,더미학생06813,2,010-9068-6813,dummy06813@jnu.ac.kr,4,6
106814,더미학생06814,3,010-9068-6814,dummy06814@jnu.ac.kr,5,7
106815,더미학생06815,4,010-9068-6815,dummy06815@jnu.ac.kr,6,8
106816,더미학생06816,1,010-9068-6816,dummy06816@jnu.ac.kr,1,1
106817,더미학생06817,2,010-9068-6817,dummy06817@jnu.ac.kr,2,2
106818,더미학생06818,3,010-9068-6818,dummy06818@jnu.ac.kr,3,3
106819,더미학생06819,4,010-9068-6819,dummy06819@jnu.ac.kr,4,4
106820,더미학생06820,1,010-9068-6820,dummy06820@jnu.ac.kr,5,5
106821,더미학생06821,2,010-9068-6821,dummy06821@jnu.ac.kr,6,6
106822,더미학생06822,3,010-9068-6822,dummy06822@jnu.ac.kr,1,7
106823,더미학생06823,4,010-9068-6823,dummy06823@jnu.ac.kr,2,8
106824,더미학생06824,1,010-9068-6824,dummy06824@jnu.ac.kr,3,1
106825,더미학생06825,2,010-9068-6825,dummy06825@jnu.ac.kr,4,2
106826,더미학생06826,3,010-9068-6826,dummy06826@jnu.ac.kr,5,3
106827,더미학생06827,4,010-9068-6827,dummy06827@jnu.ac.kr,6,4
106828,더미학생06828,1,010-9068-6828,dummy06828@jnu.ac.kr,1,5
106829,더미학생06829,2,010-9068-6829,dummy06829@jnu.ac.kr,2,6
106830,더미학생06830,3,010-9068-6830,dummy06830@jnu.ac.kr,3,7
106831,더미학생06831,4,010-9068-6831,dummy06831@jnu.ac.kr,4,8
106832,더미학생06832,1,010-9068-6832,dummy06832@jnu.ac.kr,5,1
106833,더미학생06833,2,010-9068-6833,dummy06833@jnu.ac.kr,6,2
106834,더미학생06834,3,010-9068-6834,dummy06834@jnu.ac.kr,1,3
106835,더미학생06835,4,010-9068-6835,dummy06835@jnu.ac.kr,2,4
106836,더미학생06836,1,010-9068-6836,dummy06836@jnu.ac.kr,3,5
106837,더미학생06837,2,010-9068-6837,dummy06837@jnu.ac.kr,4,6
106838,더미학생06838,3,010-9068-6838,dummy06838@jnu.ac.kr,5,7
106839,더미학생06839,4,010-9068-6839,dummy06839@jnu.ac.kr,6,8
106840,더미학생06840,1,010-9068-6840,dummy06840@jnu.ac.kr,1,1
106841,더미학생06841,2,010-9068-6841,dummy06841@jnu.ac.kr,2,2
106842,더미학생06842,3,010-9068-6842,dummy06842@jnu.ac.kr,3,3
106843,더미학생06843,4,010-9068-6843,dummy06843@jnu.ac.kr,4,4
106844,더미학생06844,1,010-9068-6844,dummy06844@jnu.ac.kr,5,5
106845,더미학생06845,2,010-9068-6845,dummy06845@jnu.ac.kr,6,6
106846,더미학생06846,3,010-9068-6846,dummy06846@jnu.ac.kr,1,7
106847,더미학생06847,4,010-9068-6847,dummy06847@jnu.ac.kr,2,8
106848,더미학생06848,1,010-9068-6848,dummy06848@jnu.ac.kr,3,1
106849,더미학생06849,2,010-9068-6849,dummy06849@jnu.ac.kr,4,2
106850,더미학생06850,3,010-9068-6850,dummy06850@jnu.ac.kr,5,3
106851,더미학생06851,4,010-9068-6851,dummy06851@jnu.ac.kr,6,4
106852,더미학생06852,1,010-9068-6852,dummy06852@jnu.ac.kr,1,5
106853,더미학생06853,2,010-9068-6853,dummy06853@jnu.ac.kr,2,6
106854,더미학생06854,3,010-9068-6854,dummy06854@jnu.ac.kr,3,7
106855,더미학생06855,4,010-9068-6855,dummy06855@jnu.ac.kr,4,8
106856,더미학생06856,1,010-9068-6856,dummy06856@jnu.ac.kr,5,1
106857,더미학생06857,2,010-9068-6857,dummy06857@jnu.ac.kr,6,2
106858,더미학생06858,3,010-9068-6858,dummy06858@jnu.ac.kr,1,3
106859,더미학생06859,4,010-9068-6859,dummy06859@jnu.ac.kr,2,4
106860,더미학생06860,1,010-9068-6860,dummy06860@jnu.ac.kr,3,5
106861,더미학생06861,2,010-9068-6861,dummy06861@jnu.ac.kr,4,6
106862,더미학생06862,3,010-9068-6862,dummy06862@jnu.ac.kr,5,7
106863,더미학생06863,4,010-9068-6863,dummy06863@jnu.ac.kr,6,8
106864,더미학생06864,1,010-9068-6864,dummy06864@jnu.ac.kr,1,1
106865,더미학생06865,2,010-9068-6865,dummy06865@jnu.ac.kr,2,2
106866,더미학생06866,3,010-9068-6866,dummy06866@jnu.ac.kr,3,3
106867,더미학생06867,4,010-9068-6867,dummy06867@jnu.ac.kr,4,4
106868,더미학생06868,1,010-9068-6868,dummy06868@jnu.ac.kr,5,5
106869,더미학생06869,2,010-9068-6869,dummy06869@jnu.ac.kr,6,6
106870,더미학생06870,3,010-9068-6870,dummy06870@jnu.ac.kr,1,7
106871,더미학생06871,4,010-9068-6871,dummy06871@jnu.ac.kr,2,8
106872,더미학생06872,1,010-9068-6872,dummy06872@jnu.ac.kr,3,1
106873,더미학생06873,2,010-9068-6873,dummy06873@jnu.ac.kr,4,2
106874,더미학생06874,3,010-9068-6874,dummy06874@jnu.ac.kr,5,3
106875,더미학생06875,4,010-9068-6875,dummy06875@jnu.ac.kr,6,4
106876,더미학생06876,1,010-9068-6876,dummy06876@jnu.ac.kr,1,5
106877,더미학생06877,2,010-9068-6877,dummy06877@jnu.ac.kr,2,6
106878,더미학생06878,3,010-9068-6878,dummy06878@jnu.ac.kr,3,7
106879,더미학생06879,4,010-9068-6879,dummy06879@jnu.ac.kr,4,8
106880,더미학생06880,1,010-9068-6880,dummy06880@jnu.ac.kr,5,1
106881,더미학생06881,2,010-9068-6881,dummy06881@jnu.ac.kr,6,2
106882,더미학생06882,3,010-9068-6882,dummy06882@jnu.ac.kr,1,3
106883,더미학생06883,4,010-9068-6883,dummy06883@jnu.ac.kr,2,4
106884,더미학생06884,1,010-9068-6884,dummy06884@jnu.ac.kr,3,5
106885,더미학생06885,2,010-9068-6885,dummy06885@jnu.ac.kr,4,6
106886,더미학생06886,3,010-9068-6886,dummy06886@jnu.ac.kr,5,7
106887,더미학생06887,4,010-9068-6887,dummy06887@jnu.ac.kr,6,8
106888,더미학생06888,1,010-9068-6888,dummy06888@jnu.ac.kr,1,1
106889,더미학생06889,2,010-9068-6889,dummy06889@jnu.ac.kr,2,2
106890,더미학생06890,3,010-9068-6890,dummy06890@jnu.ac.kr,3,3
106891,더미학생06891,4,010-9068-6891,dummy06891@jnu.ac.kr,4,4
106892,더미학생06892,1,010-9068-6892,dummy06892@jnu.ac.kr,5,5
106893,더미학생06893,2,010-9068-6893,dummy06893@jnu.ac.kr,6,6
106894,더미학생06894,3,010-9068-6894,dummy06894@jnu.ac.kr,1,7
106895,더미학생06895,4,010-9068-6895,dummy06895@jnu.ac.kr,2,8
106896,더미학생06896,1,010-9068-6896,dummy06896@jnu.ac.kr,3,1
106897,더미학생06897,2,010-9068-6897,dummy06897@jnu.ac.kr,4,2
106898,더미학생06898,3,010-9068-6898,dummy06898@jnu.ac.kr,5,3
106899,더미학생06899,4,010-9068-6899,dummy06899@jnu.ac.kr,6,4
106900,더미학생06900,1,010-9069-6900,dummy06900@jnu.ac.kr,1,5
106901,더미학생06901,2,010-9069-6901,dummy06901@jnu.ac.kr,2,6
106902,더미학생06902,3,010-9069-6902,dummy06902@jnu.ac.kr,3,7
106903,더미학생06903,4,010-9069-6903,dummy06903@jnu.ac.kr,4,8
106904,더미학생06904,1,010-9069-6904,dummy06904@jnu.ac.kr,5,1
106905,더미학생06905,2,010-9069-6905,dummy06905@jnu.ac.kr,6,2
106906,더미학생06906,3,010-9069-6906,dummy06906@jnu.ac.kr,1,3
106907,더미학생06907,4,010-9069-6907,dummy06907@jnu.ac.kr,2,4
106908,더미학생06908,1,010-9069-6908,dummy06908@jnu.ac.kr,3,5
106909,더미학생06909,2,010-9069-6909,dummy06909@jnu.ac.kr,4,6
106910,더미학생06910,3,010-9069-6910,dummy06910@jnu.ac.kr,5,7
106911,더미학생06911,4,010-9069-6911,dummy06911@jnu.ac.kr,6,8
106912,더미학생06912,1,010-9069-6912,dummy06912@jnu.ac.kr,1,1
106913,더미학생06913,2,010-9069-6913,dummy06913@jnu.ac.kr,2,2
106914,더미학생06914,3,010-9069-6914,dummy06914@jnu.ac.kr,3,3
106915,더미학생06915,4,010-9069-6915,dummy06915@jnu.ac.kr,4,4
106916,더미학생06916,1,010-9069-6916,dummy06916@jnu.ac.kr,5,5
106917,더미학생06917,2,010-9069-6917,dummy06917@jnu.ac.kr,6,6
106918,더미학생06918,3,010-9069-6918,dummy06918@jnu.ac.kr,1,7
106919,더미학생06919,4,010-9069-6919,dummy06919@jnu.ac.kr,2,8
106920,더미학생06920,1,010-9069-6920,dummy06920@jnu.ac.kr,3,1
106921,더미학생06921,2,010-9069-6921,dummy06921@jnu.ac.kr,4,2
106922,더미학생06922,3,010-9069-6922,dummy06922@jnu.ac.kr,5,3
106923,더미학생06923,4,010-9069-6923,dummy06923@jnu.ac.kr,6,4
106924,더미학생06924,1,010-9069-6924,dummy06924@jnu.ac.kr,1,5
106925,더미학생06925,2,010-9069-6925,dummy06925@jnu.ac.kr,2,6
106926,더미학생06926,3,010-9069-6926,dummy06926@jnu.ac.kr,3,7
106927,더미학생06927,4,010-9069-6927,dummy06927@jnu.ac.kr,4,8
106928,더미학생06928,1,010-9069-6928,dummy06928@jnu.ac.kr,5,1
106929,더미학생06929,2,010-9069-6929,dummy06929@jnu.ac.kr,6,2
106930,더미학생06930,3,010-9069-6930,dummy06930@jnu.ac.kr,1,3
106931,더미학생06931,4,010-9069-6931,dummy06931@jnu.ac.kr,2,4
106932,더미학생06932,1,010-9069-6932,dummy06932@jnu.ac.kr,3,5
106933,더미학생06933,2,010-9069-6933,dummy06933@jnu.ac.kr,4,6
106934,더미학생06934,3,010-9069-6934,dummy06934@jnu.ac.kr,5,7
106935,더미학생06935,4,010-9069-6935,dummy06935@jnu.ac.kr,6,8
106936,더미학생06936,1,010-9069-6936,dummy06936@jnu.ac.kr,1,1
106937,더미학생06937,2,010-9069-6937,dummy06937@jnu.ac.kr,2,2
106938,더미학생06938,3,010-9069-6938,dummy06938@jnu.ac.kr,3,3
106939,더미학생06939,4,010-9069-6939,dummy06939@jnu.ac.kr,4,4
106940,더미학생06940,1,010-9069-6940,dummy06940@jnu.ac.kr,5,5
106941,더미학생06941,2,010-9069-6941,dummy06941@jnu.ac.kr,6,6
106942,더미학생06942,3,010-9069-6942,dummy06942@jnu.ac.kr,1,7
106943,더미학생06943,4,010-9069-6943,dummy06943@jnu.ac.kr,2,8
106944,더미학생06944,1,010-9069-6944,dummy06944@jnu.ac.kr,3,1
106945,더미학생06945,2,010-9069-6945,dummy06945@jnu.ac.kr,4,2
106946,더미학생06946,3,010-9069-6946,dummy06946@jnu.ac.kr,5,3
106947,더미학생06947,4,010-9069-6947,dummy06947@jnu.ac.kr,6,4
106948,더미학생06948,1,010-9069-6948,dummy06948@jnu.ac.kr,1,5
106949,더미학생06949,2,010-9069-6949,dummy06949@jnu.ac.kr,2,6
106950,더미학생06950,3,010-9069-6950,dummy06950@jnu.ac.kr,3,7
106951,더미학생06951,4,010-9069-6951,dummy06951@jnu.ac.kr,4,8
106952,더미학생06952,1,010-9069-6952,dummy06952@jnu.ac.kr,5,1
106953,더미학생06953,2,010-9069-6953,dummy06953@jnu.ac.kr,6,2
106954,더미학생06954,3,010-9069-6954,dummy06954@jnu.ac.kr,1,3
106955,더미학생06955,4,010-9069-6955,dummy06955@jnu.ac.kr,2,4
106956,더미학생06956,1,010-9069-6956,dummy06956@jnu.ac.kr,3,5
106957,더미학생06957,2,010-9069-6957,dummy06957@jnu.ac.kr,4,6
106958,더미학생06958,3,010-9069-6958,dummy06958@jnu.ac.kr,5,7
106959,더미학생06959,4,010-9069-6959,dummy06959@jnu.ac.kr,6,8
106960,더미학생06960,1,010-9069-6960,dummy06960@jnu.ac.kr,1,1
106961,더미학생06961,2,010-9069-6961,dummy06961@jnu.ac.kr,2,2
106962,더미학생06962,3,010-9069-6962,dummy06962@jnu.ac.kr,3,3
106963,더미학생06963,4,010-9069-6963,dummy06963@jnu.ac.kr,4,4
106964,더미학생06964,1,010-9069-6964,dummy06964@jnu.ac.kr,5,5
106965,더미학생06965,2,010-9069-6965,dummy06965@jnu.ac.kr,6,6
106966,더미학생06966,3,010-9069-6966,dummy06966@jnu.ac.kr,1,7
106967,더미학생06967,4,010-9069-6967,dummy06967@jnu.ac.kr,2,8
106968,더미학생06968,1,010-9069-6968,dummy06968@jnu.ac.kr,3,1
106969,더미학생06969,2,010-9069-6969,dummy06969@jnu.ac.kr,4,2
106970,더미학생06970,3,010-9069-6970,dummy06970@jnu.ac.kr,5,3
106971,더미학생06971,4,010-9069-6971,dummy06971@jnu.ac.kr,6,4
106972,더미학생06972,1,010-9069-6972,dummy06972@jnu.ac.kr,1,5
106973,더미학생06973,2,010-9069-6973,dummy06973@jnu.ac.kr,2,6
106974,더미학생06974,3,010-9069-6974,dummy06974@jnu.ac.kr,3,7
106975,더미학생06975,4,010-9069-6975,dummy06975@jnu.ac.kr,4,8
106976,더미학생06976,1,010-9069-6976,dummy06976@jnu.ac.kr,5,1
106977,더미학생06977,2,010-9069-6977,dummy06977@jnu.ac.kr,6,2
106978,더미학생06978,3,010-9069-6978,dummy06978@jnu.ac.kr,1,3
106979,더미학생06979,4,010-9069-6979,dummy06979@jnu.ac.kr,2,4
106980,더미학생06980,1,010-9069-6980,dummy06980@jnu.ac.kr,3,5
106981,더미학생06981,2,010-9069-6981,dummy06981@jnu.ac.kr,4,6
106982,더미학생06982,3,010-9069-6982,dummy06982@jnu.ac.kr,5,7
106983,더미학생06983,4,010-9069-6983,dummy06983@jnu.ac.kr,6,8
106984,더미학생06984,1,010-9069-6984,dummy06984@jnu.ac.kr,1,1
106985,더미학생06985,2,010-9069-6985,dummy06985@jnu.ac.kr,2,2
106986,더미학생06986,3,010-9069-6986,dummy06986@jnu.ac.kr,3,3
106987,더미학생06987,4,010-9069-6987,dummy06987@jnu.ac.kr,4,4
106988,더미학생06988,1,010-9069-6988,dummy06988@jnu.ac.kr,5,5
106989,더미학생06989,2,010-9069-6989,dummy06989@jnu.ac.kr,6,6
106990,더미학생06990,3,010-9069-6990,dummy06990@jnu.ac.kr,1,7
106991,더미학생06991,4,010-9069-6991,dummy06991@jnu.ac.kr,2,8
106992,더미학생06992,1,010-9069-6992,dummy06992@jnu.ac.kr,3,1
106993,더미학생06993,2,010-9069-6993,dummy06993@jnu.ac.kr,4,2
106994,더미학생06994,3,010-9069-6994,dummy06994@jnu.ac.kr,5,3
106995,더미학생06995,4,010-9069-6995,dummy06995@jnu.ac.kr,6,4
106996,더미학생06996,1,010-9069-6996,dummy06996@jnu.ac.kr,1,5
106997,더미학생06997,2,010-9069-6997,dummy06997@jnu.ac.kr,2,6
106998,더미학생06998,3,010-9069-6998,dummy06998@jnu.ac.kr,3,7
106999,더미학생06999,4,010-9069-6999,dummy06999@jnu.ac.kr,4,8
107000,더미학생07000,1,010-9070-7000,dummy07000@jnu.ac.kr,5,1
107001,더미학생07001,2,010-9070-7001,dummy07001@jnu.ac.kr,6,2
107002,더미학생07002,3,010-9070-7002,dummy07002@jnu.ac.kr,1,3
107003,더미학생07003,4,010-9070-7003,dummy07003@jnu.ac.kr,2,4
107004,더미학생07004,1,010-9070-7004,dummy07004@jnu.ac.kr,3,5
107005,더미학생07005,2,010-9070-7005,dummy07005@jnu.ac.kr,4,6
107006,더미학생07006,3,010-9070-7006,dummy07006@jnu.ac.kr,5,7
107007,더미학생07007,4,010-9070-7007,dummy07007@jnu.ac.kr,6,8
107008,더미학생07008,1,010-9070-7008,dummy07008@jnu.ac.kr,1,1
107009,더미학생07009,2,010-9070-7009,dummy07009@jnu.ac.kr,2,2
107010,더미학생07010,3,010-9070-7010,dummy07010@jnu.ac.kr,3,3
107011,더미학생07011,4,010-9070-7011,dummy07011@jnu.ac.kr,4,4
107012,더미학생07012,1,010-9070-7012,dummy07012@jnu.ac.kr,5,5
107013,더미학생07013,2,010-9070-7013,dummy07013@jnu.ac.kr,6,6
107014,더미학생07014,3,010-9070-7014,dummy07014@jnu.ac.kr,1,7
107015,더미학생07015,4,010-9070-7015,dummy07015@jnu.ac.kr,2,8
107016,더미학생07016,1,010-9070-7016,dummy07016@jnu.ac.kr,3,1
107017,더미학생07017,2,010-9070-7017,dummy07017@jnu.ac.kr,4,2
107018,더미학생07018,3,010-9070-7018,dummy07018@jnu.ac.kr,5,3
107019,더미학생07019,4,010-9070-7019,dummy07019@jnu.ac.kr,6,4
107020,더미학생07020,1,010-9070-7020,dummy07020@jnu.ac.kr,1,5
107021,더미학생07021,2,010-9070-7021,dummy07021@jnu.ac.kr,2,6
107022,더미학생07022,3,010-9070-7022,dummy07022@jnu.ac.kr,3,7
107023,더미학생07023,4,010-9070-7023,dummy07023@jnu.ac.kr,4,8
107024,더미학생07024,1,010-9070-7024,dummy07024@jnu.ac.kr,5,1
107025,더미학생07025,2,010-9070-7025,dummy07025@jnu.ac.kr,6,2
107026,더미학생07026,3,010-9070-7026,dummy07026@jnu.ac.kr,1,3
107027,더미학생07027,4,010-9070-7027,dummy07027@jnu.ac.kr,2,4
107028,더미학생07028,1,010-9070-7028,dummy07028@jnu.ac.kr,3,5
107029,더미학생07029,2,010-9070-7029,dummy07029@jnu.ac.kr,4,6
107030,더미학생07030,3,010-9070-7030,dummy07030@jnu.ac.kr,5,7
107031,더미학생07031,4,010-9070-7031,dummy07031@jnu.ac.kr,6,8
107032,더미학생07032,1,010-9070-7032,dummy07032@jnu.ac.kr,1,1
107033,더미학생07033,2,010-9070-7033,dummy07033@jnu.ac.kr,2,2
107034,더미학생07034,3,010-9070-7034,dummy07034@jnu.ac.kr,3,3
107035,더미학생07035,4,010-9070-7035,dummy07035@jnu.ac.kr,4,4
107036,더미학생07036,1,010-9070-7036,dummy07036@jnu.ac.kr,5,5
107037,더미학생07037,2,010-9070-7037,dummy07037@jnu.ac.kr,6,6
107038,더미학생07038,3,010-9070-7038,dummy07038@jnu.ac.kr,1,7
107039,더미학생07039,4,010-9070-7039,dummy07039@jnu.ac.kr,2,8
107040,더미학생07040,1,010-9070-7040,dummy07040@jnu.ac.kr,3,1
107041,더미학생07041,2,010-9070-7041,dummy07041@jnu.ac.kr,4,2
107042,더미학생07042,3,010-9070-7042,dummy07042@jnu.ac.kr,5,3
107043,더미학생07043,4,010-9070-7043,dummy07043@jnu.ac.kr,6,4
107044,더미학생07044,1,010-9070-7044,dummy07044@jnu.ac.kr,1,5
107045,더미학생07045,2,010-9070-7045,dummy07045@jnu.ac.kr,2,6
107046,더미학생07046,3,010-9070-7046,dummy07046@jnu.ac.kr,3,7
107047,더미학생07047,4,010-9070-7047,dummy07047@jnu.ac.kr,4,8
107048,더미학생07048,1,010-9070-7048,dummy07048@jnu.ac.kr,5,1
107049,더미학생07049,2,010-9070-7049,dummy07049@jnu.ac.kr,6,2
107050,더미학생07050,3,010-9070-7050,dummy07050@jnu.ac.kr,1,3
107051,더미학생07051,4,010-9070-7051,dummy07051@jnu.ac.kr,2,4
107052,더미학생07052,1,010-9070-7052,dummy07052@jnu.ac.kr,3,5
107053,더미학생07053,2,010-9070-7053,dummy07053@jnu.ac.kr,4,6
107054,더미학생07054,3,010-9070-7054,dummy07054@jnu.ac.kr,5,7
107055,더미학생07055,4,010-9070-7055,dummy07055@jnu.ac.kr,6,8
107056,더미학생07056,1,010-9070-7056,dummy07056@jnu.ac.kr,1,1
107057,더미학생07057,2,010-9070-7057,dummy07057@jnu.ac.kr,2,2
107058,더미학생07058,3,010-9070-7058,dummy07058@jnu.ac.kr,3,3
107059,더미학생07059,4,010-9070-7059,dummy07059@jnu.ac.kr,4,4
107060,더미학생07060,1,010-9070-7060,dummy07060@jnu.ac.kr,5,5
107061,더미학생07061,2,010-9070-7061,dummy07061@jnu.ac.kr,6,6
107062,더미학생07062,3,010-9070-7062,dummy07062@jnu.ac.kr,1,7
107063,더미학생07063,4,010-9070-7063,dummy07063@jnu.ac.kr,2,8
107064,더미학생07064,1,010-9070-7064,dummy07064@jnu.ac.kr,3,1
107065,더미학생07065,2,010-9070-7065,dummy07065@jnu.ac.kr,4,2
107066,더미학생07066,3,010-9070-7066,dummy07066@jnu.ac.kr,5,3
107067,더미학생07067,4,010-9070-7067,dummy07067@jnu.ac.kr,6,4
107068,더미학생07068,1,010-9070-7068,dummy07068@jnu.ac.kr,1,5
107069,더미학생07069,2,010-9070-7069,dummy07069@jnu.ac.kr,2,6
107070,더미학생07070,3,010-9070-7070,dummy07070@jnu.ac.kr,3,7
107071,더미학생07071,4,010-9070-7071,dummy07071@jnu.ac.kr,4,8
107072,더미학생07072,1,010-9070-7072,dummy07072@jnu.ac.kr,5,1
107073,더미학생07073,2,010-9070-7073,dummy07073@jnu.ac.kr,6,2
107074,더미학생07074,3,010-9070-7074,dummy07074@jnu.ac.kr,1,3
107075,더미학생07075,4,010-9070-7075,dummy07075@jnu.ac.kr,2,4
107076,더미학생07076,1,010-9070-7076,dummy07076@jnu.ac.kr,3,5
107077,더미학생07077,2,010-9070-7077,dummy07077@jnu.ac.kr,4,6
107078,더미학생07078,3,010-9070-7078,dummy07078@jnu.ac.kr,5,7
107079,더미학생07079,4,010-9070-7079,dummy07079@jnu.ac.kr,6,8
107080,더미학생07080,1,010-9070-7080,dummy07080@jnu.ac.kr,1,1
107081,더미학생07081,2,010-9070-7081,dummy07081@jnu.ac.kr,2,2
107082,더미학생07082,3,010-9070-7082,dummy07082@jnu.ac.kr,3,3
107083,더미학생07083,4,010-9070-7083,dummy07083@jnu.ac.kr,4,4
107084,더미학생07084,1,010-9070-7084,dummy07084@jnu.ac.kr,5,5
107085,더미학생07085,2,010-9070-7085,dummy07085@jnu.ac.kr,6,6
107086,더미학생07086,3,010-9070-7086,dummy07086@jnu.ac.kr,1,7
107087,더미학생07087,4,010-9070-7087,dummy07087@jnu.ac.kr,2,8
107088,더미학생07088,1,010-9070-7088,dummy07088@jnu.ac.kr,3,1
107089,더미학생07089,2,010-9070-7089,dummy07089@jnu.ac.kr,4,2
107090,더미학생07090,3,010-9070-7090,dummy07090@jnu.ac.kr,5,3
107091,더미학생07091,4,010-9070-7091,dummy07091@jnu.ac.kr,6,4
107092,더미학생07092,1,010-9070-7092,dummy07092@jnu.ac.kr,1,5
107093,더미학생07093,2,010-9070-7093,dummy07093@jnu.ac.kr,2,6
107094,더미학생07094,3,010-9070-7094,dummy07094@jnu.ac.kr,3,7
107095,더미학생07095,4,010-9070-7095,dummy07095@jnu.ac.kr,4,8
107096,더미학생07096,1,010-9070-7096,dummy07096@jnu.ac.kr,5,1
107097,더미학생07097,2,010-9070-7097,dummy07097@jnu.ac.kr,6,2
107098,더미학생07098,3,010-9070-7098,dummy07098@jnu.ac.kr,1,3
107099,더미학생07099,4,010-9070-7099,dummy07099@jnu.ac.kr,2,4
107100,더미학생07100,1,010-9071-7100,dummy07100@jnu.ac.kr,3,5
107101,더미학생07101,2,010-9071-7101,dummy07101@jnu.ac.kr,4,6
107102,더미학생07102,3,010-9071-7102,dummy07102@jnu.ac.kr,5,7
107103,더미학생07103,4,010-9071-7103,dummy07103@jnu.ac.kr,6,8
107104,더미학생07104,1,010-9071-7104,dummy07104@jnu.ac.kr,1,1
107105,더미학생07105,2,010-9071-7105,dummy07105@jnu.ac.kr,2,2
107106,더미학생07106,3,010-9071-7106,dummy07106@jnu.ac.kr,3,3
107107,더미학생07107,4,010-9071-7107,dummy07107@jnu.ac.kr,4,4
107108,더미학생07108,1,010-9071-7108,dummy07108@jnu.ac.kr,5,5
107109,더미학생07109,2,010-9071-7109,dummy07109@jnu.ac.kr,6,6
107110,더미학생07110,3,010-9071-7110,dummy07110@jnu.ac.kr,1,7
107111,더미학생07111,4,010-9071-7111,dummy07111@jnu.ac.kr,2,8
107112,더미학생07112,1,010-9071-7112,dummy07112@jnu.ac.kr,3,1
107113,더미학생07113,2,010-9071-7113,dummy07113@jnu.ac.kr,4,2
107114,더미학생07114,3,010-9071-7114,dummy07114@jnu.ac.kr,5,3
107115,더미학생07115,4,010-9071-7115,dummy07115@jnu.ac.kr,6,4
107116,더미학생07116,1,010-9071-7116,dummy07116@jnu.ac.kr,1,5
107117,더미학생07117,2,010-9071-7117,dummy07117@jnu.ac.kr,2,6
107118,더미학생07118,3,010-9071-7118,dummy07118@jnu.ac.kr,3,7
107119,더미학생07119,4,010-9071-7119,dummy07119@jnu.ac.kr,4,8
107120,더미학생07120,1,010-9071-7120,dummy07120@jnu.ac.kr,5,1
107121,더미학생07121,2,010-9071-7121,dummy07121@jnu.ac.kr,6,2
107122,더미학생07122,3,010-9071-7122,dummy07122@jnu.ac.kr,1,3
107123,더미학생07123,4,010-9071-7123,dummy07123@jnu.ac.kr,2,4
107124,더미학생07124,1,010-9071-7124,dummy07124@jnu.ac.kr,3,5
107125,더미학생07125,2,010-9071-7125,dummy07125@jnu.ac.kr,4,6
107126,더미학생07126,3,010-9071-7126,dummy07126@jnu.ac.kr,5,7
107127,더미학생07127,4,010-9071-7127,dummy07127@jnu.ac.kr,6,8
107128,더미학생07128,1,010-9071-7128,dummy07128@jnu.ac.kr,1,1
107129,더미학생07129,2,010-9071-7129,dummy07129@jnu.ac.kr,2,2
107130,더미학생07130,3,010-9071-7130,dummy07130@jnu.ac.kr,3,3
107131,더미학생07131,4,010-9071-7131,dummy07131@jnu.ac.kr,4,4
107132,더미학생07132,1,010-9071-7132,dummy07132@jnu.ac.kr,5,5
107133,더미학생07133,2,010-9071-7133,dummy07133@jnu.ac.kr,6,6
107134,더미학생07134,3,010-9071-7134,dummy07134@jnu.ac.kr,1,7
107135,더미학생07135,4,010-9071-7135,dummy07135@jnu.ac.kr,2,8
107136,더미학생07136,1,010-9071-7136,dummy07136@jnu.ac.kr,3,1
107137,더미학생07137,2,010-9071-7137,dummy07137@jnu.ac.kr,4,2
107138,더미학생07138,3,010-9071-7138,dummy07138@jnu.ac.kr,5,3
107139,더미학생07139,4,010-9071-7139,dummy07139@jnu.ac.kr,6,4
107140,더미학생07140,1,010-9071-7140,dummy07140@jnu.ac.kr,1,5
107141,더미학생07141,2,010-9071-7141,dummy07141@jnu.ac.kr,2,6
107142,더미학생07142,3,010-9071-7142,dummy07142@jnu.ac.kr,3,7
107143,더미학생07143,4,010-9071-7143,dummy07143@jnu.ac.kr,4,8
107144,더미학생07144,1,010-9071-7144,dummy07144@jnu.ac.kr,5,1
107145,더미학생07145,2,010-9071-7145,dummy07145@jnu.ac.kr,6,2
107146,더미학생07146,3,010-9071-7146,dummy07146@jnu.ac.kr,1,3
107147,더미학생07147,4,010-9071-7147,dummy07147@jnu.ac.kr,2,4
107148,더미학생07148,1,010-9071-7148,dummy07148@jnu.ac.kr,3,5
107149,더미학생07149,2,010-9071-7149,dummy07149@jnu.ac.kr,4,6
107150,더미학생07150,3,010-9071-7150,dummy07150@jnu.ac.kr,5,7
107151,더미학생07151,4,010-9071-7151,dummy07151@jnu.ac.kr,6,8
107152,더미학생07152,1,010-9071-7152,dummy07152@jnu.ac.kr,1,1
107153,더미학생07153,2,010-9071-7153,dummy07153@jnu.ac.kr,2,2
107154,더미학생07154,3,010-9071-7154,dummy07154@jnu.ac.kr,3,3
107155,더미학생07155,4,010-9071-7155,dummy07155@jnu.ac.kr,4,4
107156,더미학생07156,1,010-9071-7156,dummy07156@jnu.ac.kr,5,5
107157,더미학생07157,2,010-9071-7157,dummy07157@jnu.ac.kr,6,6
107158,더미학생07158,3,010-9071-7158,dummy07158@jnu.ac.kr,1,7
107159,더미학생07159,4,010-9071-7159,dummy07159@jnu.ac.kr,2,8
107160,더미학생07160,1,010-9071-7160,dummy07160@jnu.ac.kr,3,1
107161,더미학생07161,2,010-9071-7161,dummy07161@jnu.ac.kr,4,2
107162,더미학생07162,3,010-9071-7162,dummy07162@jnu.ac.kr,5,3
107163,더미학생07163,4,010-9071-7163,dummy07163@jnu.ac.kr,6,4
107164,더미학생07164,1,010-9071-7164,dummy07164@jnu.ac.kr,1,5
107165,더미학생07165,2,010-9071-7165,dummy07165@jnu.ac.kr,2,6
107166,더미학생07166,3,010-9071-7166,dummy07166@jnu.ac.kr,3,7
107167,더미학생07167,4,010-9071-7167,dummy07167@jnu.ac.kr,4,8
107168,더미학생07168,1,010-9071-7168,dummy07168@jnu.ac.kr,5,1
107169,더미학생07169,2,010-9071-7169,dummy07169@jnu.ac.kr,6,2
107170,더미학생07170,3,010-9071-7170,dummy07170@jnu.ac.kr,1,3
107171,더미학생07171,4,010-9071-7171,dummy07171@jnu.ac.kr,2,4
107172,더미학생07172,1,010-9071-7172,dummy07172@jnu.ac.kr,3,5
107173,더미학생07173,2,010-9071-7173,dummy07173@jnu.ac.kr,4,6
107174,더미학생07174,3,010-9071-7174,dummy07174@jnu.ac.kr,5,7
107175,더미학생07175,4,010-9071-7175,dummy07175@jnu.ac.kr,6,8
107176,더미학생07176,1,010-9071-7176,dummy07176@jnu.ac.kr,1,1
107177,더미학생07177,2,010-9071-7177,dummy07177@jnu.ac.kr,2,2
107178,더미학생07178,3,010-9071-7178,dummy07178@jnu.ac.kr,3,3
107179,더미학생07179,4,010-9071-7179,dummy07179@jnu.ac.kr,4,4
107180,더미학생07180,1,010-9071-7180,dummy07180@jnu.ac.kr,5,5
107181,더미학생07181,2,010-9071-7181,dummy07181@jnu.ac.kr,6,6
107182,더미학생07182,3,010-9071-7182,dummy07182@jnu.ac.kr,1,7
107183,더미학생07183,4,010-9071-7183,dummy07183@jnu.ac.kr,2,8
107184,더미학생07184,1,010-9071-7184,dummy07184@jnu.ac.kr,3,1
107185,더미학생07185,2,010-9071-7185,dummy07185@jnu.ac.kr,4,2
107186,더미학생07186,3,010-9071-7186,dummy07186@jnu.ac.kr,5,3
107187,더미학생07187,4,010-9071-7187,dummy07187@jnu.ac.kr,6,4
107188,더미학생07188,1,010-9071-7188,dummy07188@jnu.ac.kr,1,5
107189,더미학생07189,2,010-9071-7189,dummy07189@jnu.ac.kr,2,6
107190,더미학생07190,3,010-9071-7190,dummy07190@jnu.ac.kr,3,7
107191,더미학생07191,4,010-9071-7191,dummy07191@jnu.ac.kr,4,8
107192,더미학생07192,1,010-9071-7192,dummy07192@jnu.ac.kr,5,1
107193,더미학생07193,2,010-9071-7193,dummy07193@jnu.ac.kr,6,2
107194,더미학생07194,3,010-9071-7194,dummy07194@jnu.ac.kr,1,3
107195,더미학생07195,4,010-9071-7195,dummy07195@jnu.ac.kr,2,4
107196,더미학생07196,1,010-9071-7196,dummy07196@jnu.ac.kr,3,5
107197,더미학생07197,2,010-9071-7197,dummy07197@jnu.ac.kr,4,6
107198,더미학생07198,3,010-9071-7198,dummy07198@jnu.ac.kr,5,7
107199,더미학생07199,4,010-9071-7199,dummy07199@jnu.ac.kr,6,8
107200,더미학생07200,1,010-9072-7200,dummy07200@jnu.ac.kr,1,1
107201,더미학생07201,2,010-9072-7201,dummy07201@jnu.ac.kr,2,2
107202,더미학생07202,3,010-9072-7202,dummy07202@jnu.ac.kr,3,3
107203,더미학생07203,4,010-9072-7203,dummy07203@jnu.ac.kr,4,4
107204,더미학생07204,1,010-9072-7204,dummy07204@jnu.ac.kr,5,5
107205,더미학생07205,2,010-9072-7205,dummy07205@jnu.ac.kr,6,6
107206,더미학생07206,3,010-9072-7206,dummy07206@jnu.ac.kr,1,7
107207,더미학생07207,4,010-9072-7207,dummy07207@jnu.ac.kr,2,8
107208,더미학생07208,1,010-9072-7208,dummy07208@jnu.ac.kr,3,1
107209,더미학생07209,2,010-9072-7209,dummy07209@jnu.ac.kr,4,2
107210,더미학생07210,3,010-9072-7210,dummy07210@jnu.ac.kr,5,3
107211,더미학생07211,4,010-9072-7211,dummy07211@jnu.ac.kr,6,4
107212,더미학생07212,1,010-9072-7212,dummy07212@jnu.ac.kr,1,5
107213,더미학생07213,2,010-9072-7213,dummy07213@jnu.ac.kr,2,6
107214,더미학생07214,3,010-9072-7214,dummy07214@jnu.ac.kr,3,7
107215,더미학생07215,4,010-9072-7215,dummy07215@jnu.ac.kr,4,8
107216,더미학생07216,1,010-9072-7216,dummy07216@jnu.ac.kr,5,1
107217,더미학생07217,2,010-9072-7217,dummy07217@jnu.ac.kr,6,2
107218,더미학생07218,3,010-9072-7218,dummy07218@jnu.ac.kr,1,3
107219,더미학생07219,4,010-9072-7219,dummy07219@jnu.ac.kr,2,4
107220,더미학생07220,1,010-9072-7220,dummy07220@jnu.ac.kr,3,5
107221,더미학생07221,2,010-9072-7221,dummy07221@jnu.ac.kr,4,6
107222,더미학생07222,3,010-9072-7222,dummy07222@jnu.ac.kr,5,7
107223,더미학생07223,4,010-9072-7223,dummy07223@jnu.ac.kr,6,8
107224,더미학생07224,1,010-9072-7224,dummy07224@jnu.ac.kr,1,1
107225,더미학생07225,2,010-9072-7225,dummy07225@jnu.ac.kr,2,2
107226,더미학생07226,3,010-9072-7226,dummy07226@jnu.ac.kr,3,3
107227,더미학생07227,4,010-9072-7227,dummy07227@jnu.ac.kr,4,4
107228,더미학생07228,1,010-9072-7228,dummy07228@jnu.ac.kr,5,5
107229,더미학생07229,2,010-9072-7229,dummy07229@jnu.ac.kr,6,6
107230,더미학생07230,3,010-9072-7230,dummy07230@jnu.ac.kr,1,7
107231,더미학생07231,4,010-9072-7231,dummy07231@jnu.ac.kr,2,8
107232,더미학생07232,1,010-9072-7232,dummy07232@jnu.ac.kr,3,1
107233,더미학생07233,2,010-9072-7233,dummy07233@jnu.ac.kr,4,2
107234,더미학생07234,3,010-9072-7234,dummy07234@jnu.ac.kr,5,3
107235,더미학생07235,4,010-9072-7235,dummy07235@jnu.ac.kr,6,4
107236,더미학생07236,1,010-9072-7236,dummy07236@jnu.ac.kr,1,5
107237,더미학생07237,2,010-9072-7237,dummy07237@jnu.ac.kr,2,6
107238,더미학생07238,3,010-9072-7238,dummy07238@jnu.ac.kr,3,7
107239,더미학생07239,4,010-9072-7239,dummy07239@jnu.ac.kr,4,8
107240,더미학생07240,1,010-9072-7240,dummy07240@jnu.ac.kr,5,1
107241,더미학생07241,2,010-9072-7241,dummy07241@jnu.ac.kr,6,2
107242,더미학생07242,3,010-9072-7242,dummy07242@jnu.ac.kr,1,3
107243,더미학생07243,4,010-9072-7243,dummy07243@jnu.ac.kr,2,4
107244,더미학생07244,1,010-9072-7244,dummy07244@jnu.ac.kr,3,5
107245,더미학생07245,2,010-9072-7245,dummy07245@jnu.ac.kr,4,6
107246,더미학생07246,3,010-9072-7246,dummy07246@jnu.ac.kr,5,7
107247,더미학생07247,4,010-9072-7247,dummy07247@jnu.ac.kr,6,8
107248,더미학생07248,1,010-9072-7248,dummy07248@jnu.ac.kr,1,1
107249,더미학생07249,2,010-9072-7249,dummy07249@jnu.ac.kr,2,2
107250,더미학생07250,3,010-9072-7250,dummy07250@jnu.ac.kr,3,3
107251,더미학생07251,4,010-9072-7251,dummy07251@jnu.ac.kr,4,4
107252,더미학생07252,1,010-9072-7252,dummy07252@jnu.ac.kr,5,5
107253,더미학생07253,2,010-9072-7253,dummy07253@jnu.ac.kr,6,6
107254,더미학생07254,3,010-9072-7254,dummy07254@jnu.ac.kr,1,7
107255,더미학생07255,4,010-9072-7255,dummy07255@jnu.ac.kr,2,8
107256,더미학생07256,1,010-9072-7256,dummy07256@jnu.ac.kr,3,1
107257,더미학생07257,2,010-9072-7257,dummy07257@jnu.ac.kr,4,2
107258,더미학생07258,3,010-9072-7258,dummy07258@jnu.ac.kr,5,3
107259,더미학생07259,4,010-9072-7259,dummy07259@jnu.ac.kr,6,4
107260,더미학생07260,1,010-9072-7260,dummy07260@jnu.ac.kr,1,5
107261,더미학생07261,2,010-9072-7261,dummy07261@jnu.ac.kr,2,6
107262,더미학생07262,3,010-9072-7262,dummy07262@jnu.ac.kr,3,7
107263,더미학생07263,4,010-9072-7263,dummy07263@jnu.ac.kr,4,8
107264,더미학생07264,1,010-9072-7264,dummy07264@jnu.ac.kr,5,1
107265,더미학생07265,2,010-9072-7265,dummy07265@jnu.ac.kr,6,2
107266,더미학생07266,3,010-9072-7266,dummy07266@jnu.ac.kr,1,3
107267,더미학생07267,4,010-9072-7267,dummy07267@jnu.ac.kr,2,4
107268,더미학생07268,1,010-9072-7268,dummy07268@jnu.ac.kr,3,5
107269,더미학생07269,2,010-9072-7269,dummy07269@jnu.ac.kr,4,6
107270,더미학생07270,3,010-9072-7270,dummy07270@jnu.ac.kr,5,7
107271,더미학생07271,4,010-9072-7271,dummy07271@jnu.ac.kr,6,8
107272,더미학생07272,1,010-9072-7272,dummy07272@jnu.ac.kr,1,1
107273,더미학생07273,2,010-9072-7273,dummy07273@jnu.ac.kr,2,2
107274,더미학생07274,3,010-9072-7274,dummy07274@jnu.ac.kr,3,3
107275,더미학생07275,4,010-9072-7275,dummy07275@jnu.ac.kr,4,4
107276,더미학생07276,1,010-9072-7276,dummy07276@jnu.ac.kr,5,5
107277,더미학생07277,2,010-9072-7277,dummy07277@jnu.ac.kr,6,6
107278,더미학생07278,3,010-9072-7278,dummy07278@jnu.ac.kr,1,7
107279,더미학생07279,4,010-9072-7279,dummy07279@jnu.ac.kr,2,8
107280,더미학생07280,1,010-9072-7280,dummy07280@jnu.ac.kr,3,1
107281,더미학생07281,2,010-9072-7281,dummy07281@jnu.ac.kr,4,2
107282,더미학생07282,3,010-9072-7282,dummy07282@jnu.ac.kr,5,3
107283,더미학생07283,4,010-9072-7283,dummy07283@jnu.ac.kr,6,4
107284,더미학생07284,1,010-9072-7284,dummy07284@jnu.ac.kr,1,5
107285,더미학생07285,2,010-9072-7285,dummy07285@jnu.ac.kr,2,6
107286,더미학생07286,3,010-9072-7286,dummy07286@jnu.ac.kr,3,7
107287,더미학생07287,4,010-9072-7287,dummy07287@jnu.ac.kr,4,8
107288,더미학생07288,1,010-9072-7288,dummy07288@jnu.ac.kr,5,1
107289,더미학생07289,2,010-9072-7289,dummy07289@jnu.ac.kr,6,2
107290,더미학생07290,3,010-9072-7290,dummy07290@jnu.ac.kr,1,3
107291,더미학생07291,4,010-9072-7291,dummy07291@jnu.ac.kr,2,4
107292,더미학생07292,1,010-9072-7292,dummy07292@jnu.ac.kr,3,5
107293,더미학생07293,2,010-9072-7293,dummy07293@jnu.ac.kr,4,6
107294,더미학생07294,3,010-9072-7294,dummy07294@jnu.ac.kr,5,7
107295,더미학생07295,4,010-9072-7295,dummy07295@jnu.ac.kr,6,8
107296,더미학생07296,1,010-9072-7296,dummy07296@jnu.ac.kr,1,1
107297,더미학생07297,2,010-9072-7297,dummy07297@jnu.ac.kr,2,2
107298,더미학생07298,3,010-9072-7298,dummy07298@jnu.ac.kr,3,3
107299,더미학생07299,4,010-9072-7299,dummy07299@jnu.ac.kr,4,4
107300,더미학생07300,1,010-9073-7300,dummy07300@jnu.ac.kr,5,5
107301,더미학생07301,2,010-9073-7301,dummy07301@jnu.ac.kr,6,6
107302,더미학생07302,3,010-9073-7302,dummy07302@jnu.ac.kr,1,7
107303,더미학생07303,4,010-9073-7303,dummy07303@jnu.ac.kr,2,8
107304,더미학생07304,1,010-9073-7304,dummy07304@jnu.ac.kr,3,1
107305,더미학생07305,2,010-9073-7305,dummy07305@jnu.ac.kr,4,2
107306,더미학생07306,3,010-9073-7306,dummy07306@jnu.ac.kr,5,3
107307,더미학생07307,4,010-9073-7307,dummy07307@jnu.ac.kr,6,4
107308,더미학생07308,1,010-9073-7308,dummy07308@jnu.ac.kr,1,5
107309,더미학생07309,2,010-9073-7309,dummy07309@jnu.ac.kr,2,6
107310,더미학생07310,3,010-9073-7310,dummy07310@jnu.ac.kr,3,7
107311,더미학생07311,4,010-9073-7311,dummy07311@jnu.ac.kr,4,8
107312,더미학생07312,1,010-9073-7312,dummy07312@jnu.ac.kr,5,1
107313,더미학생07313,2,010-9073-7313,dummy07313@jnu.ac.kr,6,2
107314,더미학생07314,3,010-9073-7314,dummy07314@jnu.ac.kr,1,3
107315,더미학생07315,4,010-9073-7315,dummy07315@jnu.ac.kr,2,4
107316,더미학생07316,1,010-9073-7316,dummy07316@jnu.ac.kr,3,5
107317,더미학생07317,2,010-9073-7317,dummy07317@jnu.ac.kr,4,6
107318,더미학생07318,3,010-9073-7318,dummy07318@jnu.ac.kr,5,7
107319,더미학생07319,4,010-9073-7319,dummy07319@jnu.ac.kr,6,8
107320,더미학생07320,1,010-9073-7320,dummy07320@jnu.ac.kr,1,1
107321,더미학생07321,2,010-9073-7321,dummy07321@jnu.ac.kr,2,2
107322,더미학생07322,3,010-9073-7322,dummy07322@jnu.ac.kr,3,3
107323,더미학생07323,4,010-9073-7323,dummy07323@jnu.ac.kr,4,4
107324,더미학생07324,1,010-9073-7324,dummy07324@jnu.ac.kr,5,5
107325,더미학생07325,2,010-9073-7325,dummy07325@jnu.ac.kr,6,6
107326,더미학생07326,3,010-9073-7326,dummy07326@jnu.ac.kr,1,7
107327,더미학생07327,4,010-9073-7327,dummy07327@jnu.ac.kr,2,8
107328,더미학생07328,1,010-9073-7328,dummy07328@jnu.ac.kr,3,1
107329,더미학생07329,2,010-9073-7329,dummy07329@jnu.ac.kr,4,2
107330,더미학생07330,3,010-9073-7330,dummy07330@jnu.ac.kr,5,3
107331,더미학생07331,4,010-9073-7331,dummy07331@jnu.ac.kr,6,4
107332,더미학생07332,1,010-9073-7332,dummy07332@jnu.ac.kr,1,5
107333,더미학생07333,2,010-9073-7333,dummy07333@jnu.ac.kr,2,6
107334,더미학생07334,3,010-9073-7334,dummy07334@jnu.ac.kr,3,7
107335,더미학생07335,4,010-9073-7335,dummy07335@jnu.ac.kr,4,8
107336,더미학생07336,1,010-9073-7336,dummy07336@jnu.ac.kr,5,1
107337,더미학생07337,2,010-9073-7337,dummy07337@jnu.ac.kr,6,2
107338,더미학생07338,3,010-9073-7338,dummy07338@jnu.ac.kr,1,3
107339,더미학생07339,4,010-9073-7339,dummy07339@jnu.ac.kr,2,4
107340,더미학생07340,1,010-9073-7340,dummy07340@jnu.ac.kr,3,5
107341,더미학생07341,2,010-9073-7341,dummy07341@jnu.ac.kr,4,6
107342,더미학생07342,3,010-9073-7342,dummy07342@jnu.ac.kr,5,7
107343,더미학생07343,4,010-9073-7343,dummy07343@jnu.ac.kr,6,8
107344,더미학생07344,1,010-9073-7344,dummy07344@jnu.ac.kr,1,1
107345,더미학생07345,2,010-9073-7345,dummy07345@jnu.ac.kr,2,2
107346,더미학생07346,3,010-9073-7346,dummy07346@jnu.ac.kr,3,3
107347,더미학생07347,4,010-9073-7347,dummy07347@jnu.ac.kr,4,4
107348,더미학생07348,1,010-9073-7348,dummy07348@jnu.ac.kr,5,5
107349,더미학생07349,2,010-9073-7349,dummy07349@jnu.ac.kr,6,6
107350,더미학생07350,3,010-9073-7350,dummy07350@jnu.ac.kr,1,7
107351,더미학생07351,4,010-9073-7351,dummy07351@jnu.ac.kr,2,8
107352,더미학생07352,1,010-9073-7352,dummy07352@jnu.ac.kr,3,1
107353,더미학생07353,2,010-9073-7353,dummy07353@jnu.ac.kr,4,2
107354,더미학생07354,3,010-9073-7354,dummy07354@jnu.ac.kr,5,3
107355,더미학생07355,4,010-9073-7355,dummy07355@jnu.ac.kr,6,4
107356,더미학생07356,1,010-9073-7356,dummy07356@jnu.ac.kr,1,5
107357,더미학생07357,2,010-9073-7357,dummy07357@jnu.ac.kr,2,6
107358,더미학생07358,3,010-9073-7358,dummy07358@jnu.ac.kr,3,7
107359,더미학생07359,4,010-9073-7359,dummy07359@jnu.ac.kr,4,8
107360,더미학생07360,1,010-9073-7360,dummy07360@jnu.ac.kr,5,1
107361,더미학생07361,2,010-9073-7361,dummy07361@jnu.ac.kr,6,2
107362,더미학생07362,3,010-9073-7362,dummy07362@jnu.ac.kr,1,3
107363,더미학생07363,4,010-9073-7363,dummy07363@jnu.ac.kr,2,4
107364,더미학생07364,1,010-9073-7364,dummy07364@jnu.ac.kr,3,5
107365,더미학생07365,2,010-9073-7365,dummy07365@jnu.ac.kr,4,6
107366,더미학생07366,3,010-9073-7366,dummy07366@jnu.ac.kr,5,7
107367,더미학생07367,4,010-9073-7367,dummy07367@jnu.ac.kr,6,8
107368,더미학생07368,1,010-9073-7368,dummy07368@jnu.ac.kr,1,1
107369,더미학생07369,2,010-9073-7369,dummy07369@jnu.ac.kr,2,2
107370,더미학생07370,3,010-9073-7370,dummy07370@jnu.ac.kr,3,3
107371,더미학생07371,4,010-9073-7371,dummy07371@jnu.ac.kr,4,4
107372,더미학생07372,1,010-9073-7372,dummy07372@jnu.ac.kr,5,5
107373,더미학생07373,2,010-9073-7373,dummy07373@jnu.ac.kr,6,6
107374,더미학생07374,3,010-9073-7374,dummy07374@jnu.ac.kr,1,7
107375,더미학생07375,4,010-9073-7375,dummy07375@jnu.ac.kr,2,8
107376,더미학생07376,1,010-9073-7376,dummy07376@jnu.ac.kr,3,1
107377,더미학생07377,2,010-9073-7377,dummy07377@jnu.ac.kr,4,2
107378,더미학생07378,3,010-9073-7378,dummy07378@jnu.ac.kr,5,3
107379,더미학생07379,4,010-9073-7379,dummy07379@jnu.ac.kr,6,4
107380,더미학생07380,1,010-9073-7380,dummy07380@jnu.ac.kr,1,5
107381,더미학생07381,2,010-9073-7381,dummy07381@jnu.ac.kr,2,6
107382,더미학생07382,3,010-9073-7382,dummy07382@jnu.ac.kr,3,7
107383,더미학생07383,4,010-9073-7383,dummy07383@jnu.ac.kr,4,8
107384,더미학생07384,1,010-9073-7384,dummy07384@jnu.ac.kr,5,1
107385,더미학생07385,2,010-9073-7385,dummy07385@jnu.ac.kr,6,2
107386,더미학생07386,3,010-9073-7386,dummy07386@jnu.ac.kr,1,3
107387,더미학생07387,4,010-9073-7387,dummy07387@jnu.ac.kr,2,4
107388,더미학생07388,1,010-9073-7388,dummy07388@jnu.ac.kr,3,5
107389,더미학생07389,2,010-9073-7389,dummy07389@jnu.ac.kr,4,6
107390,더미학생07390,3,010-9073-7390,dummy07390@jnu.ac.kr,5,7
107391,더미학생07391,4,010-9073-7391,dummy07391@jnu.ac.kr,6,8
107392,더미학생07392,1,010-9073-7392,dummy07392@jnu.ac.kr,1,1
107393,더미학생07393,2,010-9073-7393,dummy07393@jnu.ac.kr,2,2
107394,더미학생07394,3,010-9073-7394,dummy07394@jnu.ac.kr,3,3
107395,더미학생07395,4,010-9073-7395,dummy07395@jnu.ac.kr,4,4
107396,더미학생07396,1,010-9073-7396,dummy07396@jnu.ac.kr,5,5
107397,더미학생07397,2,010-9073-7397,dummy07397@jnu.ac.kr,6,6
107398,더미학생07398,3,010-9073-7398,dummy07398@jnu.ac.kr,1,7
107399,더미학생07399,4,010-9073-7399,dummy07399@jnu.ac.kr,2,8
107400,더미학생07400,1,010-9074-7400,dummy07400@jnu.ac.kr,3,1
107401,더미학생07401,2,010-9074-7401,dummy07401@jnu.ac.kr,4,2
107402,더미학생07402,3,010-9074-7402,dummy07402@jnu.ac.kr,5,3
107403,더미학생07403,4,010-9074-7403,dummy07403@jnu.ac.kr,6,4
107404,더미학생07404,1,010-9074-7404,dummy07404@jnu.ac.kr,1,5
107405,더미학생07405,2,010-9074-7405,dummy07405@jnu.ac.kr,2,6
107406,더미학생07406,3,010-9074-7406,dummy07406@jnu.ac.kr,3,7
107407,더미학생07407,4,010-9074-7407,dummy07407@jnu.ac.kr,4,8
107408,더미학생07408,1,010-9074-7408,dummy07408@jnu.ac.kr,5,1
107409,더미학생07409,2,010-9074-7409,dummy07409@jnu.ac.kr,6,2
107410,더미학생07410,3,010-9074-7410,dummy07410@jnu.ac.kr,1,3
107411,더미학생07411,4,010-9074-7411,dummy07411@jnu.ac.kr,2,4
107412,더미학생07412,1,010-9074-7412,dummy07412@jnu.ac.kr,3,5
107413,더미학생07413,2,010-9074-7413,dummy07413@jnu.ac.kr,4,6
107414,더미학생07414,3,010-9074-7414,dummy07414@jnu.ac.kr,5,7
107415,더미학생07415,4,010-9074-7415,dummy07415@jnu.ac.kr,6,8
107416,더미학생07416,1,010-9074-7416,dummy07416@jnu.ac.kr,1,1
107417,더미학생07417,2,010-9074-7417,dummy07417@jnu.ac.kr,2,2
107418,더미학생07418,3,010-9074-7418,dummy07418@jnu.ac.kr,3,3
107419,더미학생07419,4,010-9074-7419,dummy07419@jnu.ac.kr,4,4
107420,더미학생07420,1,010-9074-7420,dummy07420@jnu.ac.kr,5,5
107421,더미학생07421,2,010-9074-7421,dummy07421@jnu.ac.kr,6,6
107422,더미학생07422,3,010-9074-7422,dummy07422@jnu.ac.kr,1,7
107423,더미학생07423,4,010-9074-7423,dummy07423@jnu.ac.kr,2,8
107424,더미학생07424,1,010-9074-7424,dummy07424@jnu.ac.kr,3,1
107425,더미학생07425,2,010-9074-7425,dummy07425@jnu.ac.kr,4,2
107426,더미학생07426,3,010-9074-7426,dummy07426@jnu.ac.kr,5,3
107427,더미학생07427,4,010-9074-7427,dummy07427@jnu.ac.kr,6,4
107428,더미학생07428,1,010-9074-7428,dummy07428@jnu.ac.kr,1,5
107429,더미학생07429,2,010-9074-7429,dummy07429@jnu.ac.kr,2,6
107430,더미학생07430,3,010-9074-7430,dummy07430@jnu.ac.kr,3,7
107431,더미학생07431,4,010-9074-7431,dummy07431@jnu.ac.kr,4,8
107432,더미학생07432,1,010-9074-7432,dummy07432@jnu.ac.kr,5,1
107433,더미학생07433,2,010-9074-7433,dummy07433@jnu.ac.kr,6,2
107434,더미학생07434,3,010-9074-7434,dummy07434@jnu.ac.kr,1,3
107435,더미학생07435,4,010-9074-7435,dummy07435@jnu.ac.kr,2,4
107436,더미학생07436,1,010-9074-7436,dummy07436@jnu.ac.kr,3,5
107437,더미학생07437,2,010-9074-7437,dummy07437@jnu.ac.kr,4,6
107438,더미학생07438,3,010-9074-7438,dummy07438@jnu.ac.kr,5,7
107439,더미학생07439,4,010-9074-7439,dummy07439@jnu.ac.kr,6,8
107440,더미학생07440,1,010-9074-7440,dummy07440@jnu.ac.kr,1,1
107441,더미학생07441,2,010-9074-7441,dummy07441@jnu.ac.kr,2,2
107442,더미학생07442,3,010-9074-7442,dummy07442@jnu.ac.kr,3,3
107443,더미학생07443,4,010-9074-7443,dummy07443@jnu.ac.kr,4,4
107444,더미학생07444,1,010-9074-7444,dummy07444@jnu.ac.kr,5,5
107445,더미학생07445,2,010-9074-7445,dummy07445@jnu.ac.kr,6,6
107446,더미학생07446,3,010-9074-7446,dummy07446@jnu.ac.kr,1,7
107447,더미학생07447,4,010-9074-7447,dummy07447@jnu.ac.kr,2,8
107448,더미학생07448,1,010-9074-7448,dummy07448@jnu.ac.kr,3,1
107449,더미학생07449,2,010-9074-7449,dummy07449@jnu.ac.kr,4,2
107450,더미학생07450,3,010-9074-7450,dummy07450@jnu.ac.kr,5,3
107451,더미학생07451,4,010-9074-7451,dummy07451@jnu.ac.kr,6,4
107452,더미학생07452,1,010-9074-7452,dummy07452@jnu.ac.kr,1,5
107453,더미학생07453,2,010-9074-7453,dummy07453@jnu.ac.kr,2,6
107454,더미학생07454,3,010-9074-7454,dummy07454@jnu.ac.kr,3,7
107455,더미학생07455,4,010-9074-7455,dummy07455@jnu.ac.kr,4,8
107456,더미학생07456,1,010-9074-7456,dummy07456@jnu.ac.kr,5,1
107457,더미학생07457,2,010-9074-7457,dummy07457@jnu.ac.kr,6,2
107458,더미학생07458,3,010-9074-7458,dummy07458@jnu.ac.kr,1,3
107459,더미학생07459,4,010-9074-7459,dummy07459@jnu.ac.kr,2,4
107460,더미학생07460,1,010-9074-7460,dummy07460@jnu.ac.kr,3,5
107461,더미학생07461,2,010-9074-7461,dummy07461@jnu.ac.kr,4,6
107462,더미학생07462,3,010-9074-7462,dummy07462@jnu.ac.kr,5,7
107463,더미학생07463,4,010-9074-7463,dummy07463@jnu.ac.kr,6,8
107464,더미학생07464,1,010-9074-7464,dummy07464@jnu.ac.kr,1,1
107465,더미학생07465,2,010-9074-7465,dummy07465@jnu.ac.kr,2,2
107466,더미학생07466,3,010-9074-7466,dummy07466@jnu.ac.kr,3,3
107467,더미학생07467,4,010-9074-7467,dummy07467@jnu.ac.kr,4,4
107468,더미학생07468,1,010-9074-7468,dummy07468@jnu.ac.kr,5,5
107469,더미학생07469,2,010-9074-7469,dummy07469@jnu.ac.kr,6,6
107470,더미학생07470,3,010-9074-7470,dummy07470@jnu.ac.kr,1,7
107471,더미학생07471,4,010-9074-7471,dummy07471@jnu.ac.kr,2,8
107472,더미학생07472,1,010-9074-7472,dummy07472@jnu.ac.kr,3,1
107473,더미학생07473,2,010-9074-7473,dummy07473@jnu.ac.kr,4,2
107474,더미학생07474,3,010-9074-7474,dummy07474@jnu.ac.kr,5,3
107475,더미학생07475,4,010-9074-7475,dummy07475@jnu.ac.kr,6,4
107476,더미학생07476,1,010-9074-7476,dummy07476@jnu.ac.kr,1,5
107477,더미학생07477,2,010-9074-7477,dummy07477@jnu.ac.kr,2,6
107478,더미학생07478,3,010-9074-7478,dummy07478@jnu.ac.kr,3,7
107479,더미학생07479,4,010-9074-7479,dummy07479@jnu.ac.kr,4,8
107480,더미학생07480,1,010-9074-7480,dummy07480@jnu.ac.kr,5,1
107481,더미학생07481,2,010-9074-7481,dummy07481@jnu.ac.kr,6,2
107482,더미학생07482,3,010-9074-7482,dummy07482@jnu.ac.kr,1,3
107483,더미학생07483,4,010-9074-7483,dummy07483@jnu.ac.kr,2,4
107484,더미학생07484,1,010-9074-7484,dummy07484@jnu.ac.kr,3,5
107485,더미학생07485,2,010-9074-7485,dummy07485@jnu.ac.kr,4,6
107486,더미학생07486,3,010-9074-7486,dummy07486@jnu.ac.kr,5,7
107487,더미학생07487,4,010-9074-7487,dummy07487@jnu.ac.kr,6,8
107488,더미학생07488,1,010-9074-7488,dummy07488@jnu.ac.kr,1,1
107489,더미학생07489,2,010-9074-7489,dummy07489@jnu.ac.kr,2,2
107490,더미학생07490,3,010-9074-7490,dummy07490@jnu.ac.kr,3,3
107491,더미학생07491,4,010-9074-7491,dummy07491@jnu.ac.kr,4,4
107492,더미학생07492,1,010-9074-7492,dummy07492@jnu.ac.kr,5,5
107493,더미학생07493,2,010-9074-7493,dummy07493@jnu.ac.kr,6,6
107494,더미학생07494,3,010-9074-7494,dummy07494@jnu.ac.kr,1,7
107495,더미학생07495,4,010-9074-7495,dummy07495@jnu.ac.kr,2,8
107496,더미학생07496,1,010-9074-7496,dummy07496@jnu.ac.kr,3,1
107497,더미학생07497,2,010-9074-7497,dummy07497@jnu.ac.kr,4,2
107498,더미학생07498,3,010-9074-7498,dummy07498@jnu.ac.kr,5,3
107499,더미학생07499,4,010-9074-7499,dummy07499@jnu.ac.kr,6,4
107500,더미학생07500,1,010-9075-7500,dummy07500@jnu.ac.kr,1,5
107501,더미학생07501,2,010-9075-7501,dummy07501@jnu.ac.kr,2,6
107502,더미학생07502,3,010-9075-7502,dummy07502@jnu.ac.kr,3,7
107503,더미학생07503,4,010-9075-7503,dummy07503@jnu.ac.kr,4,8
107504,더미학생07504,1,010-9075-7504,dummy07504@jnu.ac.kr,5,1
107505,더미학생07505,2,010-9075-7505,dummy07505@jnu.ac.kr,6,2
107506,더미학생07506,3,010-9075-7506,dummy07506@jnu.ac.kr,1,3
107507,더미학생07507,4,010-9075-7507,dummy07507@jnu.ac.kr,2,4
107508,더미학생07508,1,010-9075-7508,dummy07508@jnu.ac.kr,3,5
107509,더미학생07509,2,010-9075-7509,dummy07509@jnu.ac.kr,4,6
107510,더미학생07510,3,010-9075-7510,dummy07510@jnu.ac.kr,5,7
107511,더미학생07511,4,010-9075-7511,dummy07511@jnu.ac.kr,6,8
107512,더미학생07512,1,010-9075-7512,dummy07512@jnu.ac.kr,1,1
107513,더미학생07513,2,010-9075-7513,dummy07513@jnu.ac.kr,2,2
107514,더미학생07514,3,010-9075-7514,dummy07514@jnu.ac.kr,3,3
107515,더미학생07515,4,010-9075-7515,dummy07515@jnu.ac.kr,4,4
107516,더미학생07516,1,010-9075-7516,dummy07516@jnu.ac.kr,5,5
107517,더미학생07517,2,010-9075-7517,dummy07517@jnu.ac.kr,6,6
107518,더미학생07518,3,010-9075-7518,dummy07518@jnu.ac.kr,1,7
107519,더미학생07519,4,010-9075-7519,dummy07519@jnu.ac.kr,2,8
107520,더미학생07520,1,010-9075-7520,dummy07520@jnu.ac.kr,3,1
107521,더미학생07521,2,010-9075-7521,dummy07521@jnu.ac.kr,4,2
107522,더미학생07522,3,010-9075-7522,dummy07522@jnu.ac.kr,5,3
107523,더미학생07523,4,010-9075-7523,dummy07523@jnu.ac.kr,6,4
107524,더미학생07524,1,010-9075-7524,dummy07524@jnu.ac.kr,1,5
107525,더미학생07525,2,010-9075-7525,dummy07525@jnu.ac.kr,2,6
107526,더미학생07526,3,010-9075-7526,dummy07526@jnu.ac.kr,3,7
107527,더미학생07527,4,010-9075-7527,dummy07527@jnu.ac.kr,4,8
107528,더미학생07528,1,010-9075-7528,dummy07528@jnu.ac.kr,5,1
107529,더미학생07529,2,010-9075-7529,dummy07529@jnu.ac.kr,6,2
107530,더미학생07530,3,010-9075-7530,dummy07530@jnu.ac.kr,1,3
107531,더미학생07531,4,010-9075-7531,dummy07531@jnu.ac.kr,2,4
107532,더미학생07532,1,010-9075-7532,dummy07532@jnu.ac.kr,3,5
107533,더미학생07533,2,010-9075-7533,dummy07533@jnu.ac.kr,4,6
107534,더미학생07534,3,010-9075-7534,dummy07534@jnu.ac.kr,5,7
107535,더미학생07535,4,010-9075-7535,dummy07535@jnu.ac.kr,6,8
107536,더미학생07536,1,010-9075-7536,dummy07536@jnu.ac.kr,1,1
107537,더미학생07537,2,010-9075-7537,dummy07537@jnu.ac.kr,2,2
107538,더미학생07538,3,010-9075-7538,dummy07538@jnu.ac.kr,3,3
107539,더미학생07539,4,010-9075-7539,dummy07539@jnu.ac.kr,4,4
107540,더미학생07540,1,010-9075-7540,dummy07540@jnu.ac.kr,5,5
107541,더미학생07541,2,010-9075-7541,dummy07541@jnu.ac.kr,6,6
107542,더미학생07542,3,010-9075-7542,dummy07542@jnu.ac.kr,1,7
107543,더미학생07543,4,010-9075-7543,dummy07543@jnu.ac.kr,2,8
107544,더미학생07544,1,010-9075-7544,dummy07544@jnu.ac.kr,3,1
107545,더미학생07545,2,010-9075-7545,dummy07545@jnu.ac.kr,4,2
107546,더미학생07546,3,010-9075-7546,dummy07546@jnu.ac.kr,5,3
107547,더미학생07547,4,010-9075-7547,dummy07547@jnu.ac.kr,6,4
107548,더미학생07548,1,010-9075-7548,dummy07548@jnu.ac.kr,1,5
107549,더미학생07549,2,010-9075-7549,dummy07549@jnu.ac.kr,2,6
107550,더미학생07550,3,010-9075-7550,dummy07550@jnu.ac.kr,3,7
107551,더미학생07551,4,010-9075-7551,dummy07551@jnu.ac.kr,4,8
107552,더미학생07552,1,010-9075-7552,dummy07552@jnu.ac.kr,5,1
107553,더미학생07553,2,010-9075-7553,dummy07553@jnu.ac.kr,6,2
107554,더미학생07554,3,010-9075-7554,dummy07554@jnu.ac.kr,1,3
107555,더미학생07555,4,010-9075-7555,dummy07555@jnu.ac.kr,2,4
107556,더미학생07556,1,010-9075-7556,dummy07556@jnu.ac.kr,3,5
107557,더미학생07557,2,010-9075-7557,dummy07557@jnu.ac.kr,4,6
107558,더미학생07558,3,010-9075-7558,dummy07558@jnu.ac.kr,5,7
107559,더미학생07559,4,010-9075-7559,dummy07559@jnu.ac.kr,6,8
107560,더미학생07560,1,010-9075-7560,dummy07560@jnu.ac.kr,1,1
107561,더미학생07561,2,010-9075-7561,dummy07561@jnu.ac.kr,2,2
107562,더미학생07562,3,010-9075-7562,dummy07562@jnu.ac.kr,3,3
107563,더미학생07563,4,010-9075-7563,dummy07563@jnu.ac.kr,4,4
107564,더미학생07564,1,010-9075-7564,dummy07564@jnu.ac.kr,5,5
107565,더미학생07565,2,010-9075-7565,dummy07565@jnu.ac.kr,6,6
107566,더미학생07566,3,010-9075-7566,dummy07566@jnu.ac.kr,1,7
107567,더미학생07567,4,010-9075-7567,dummy07567@jnu.ac.kr,2,8
107568,더미학생07568,1,010-9075-7568,dummy07568@jnu.ac.kr,3,1
107569,더미학생07569,2,010-9075-7569,dummy07569@jnu.ac.kr,4,2
107570,더미학생07570,3,010-9075-7570,dummy07570@jnu.ac.kr,5,3
107571,더미학생07571,4,010-9075-7571,dummy07571@jnu.ac.kr,6,4
107572,더미학생07572,1,010-9075-7572,dummy07572@jnu.ac.kr,1,5
107573,더미학생07573,2,010-9075-7573,dummy07573@jnu.ac.kr,2,6
107574,더미학생07574,3,010-9075-7574,dummy07574@jnu.ac.kr,3,7
107575,더미학생07575,4,010-9075-7575,dummy07575@jnu.ac.kr,4,8
107576,더미학생07576,1,010-9075-7576,dummy07576@jnu.ac.kr,5,1
107577,더미학생07577,2,010-9075-7577,dummy07577@jnu.ac.kr,6,2
107578,더미학생07578,3,010-9075-7578,dummy07578@jnu.ac.kr,1,3
107579,더미학생07579,4,010-9075-7579,dummy07579@jnu.ac.kr,2,4
107580,더미학생07580,1,010-9075-7580,dummy07580@jnu.ac.kr,3,5
107581,더미학생07581,2,010-9075-7581,dummy07581@jnu.ac.kr,4,6
107582,더미학생07582,3,010-9075-7582,dummy07582@jnu.ac.kr,5,7
107583,더미학생07583,4,010-9075-7583,dummy07583@jnu.ac.kr,6,8
107584,더미학생07584,1,010-9075-7584,dummy07584@jnu.ac.kr,1,1
107585,더미학생07585,2,010-9075-7585,dummy07585@jnu.ac.kr,2,2
107586,더미학생07586,3,010-9075-7586,dummy07586@jnu.ac.kr,3,3
107587,더미학생07587,4,010-9075-7587,dummy07587@jnu.ac.kr,4,4
107588,더미학생07588,1,010-9075-7588,dummy07588@jnu.ac.kr,5,5
107589,더미학생07589,2,010-9075-7589,dummy07589@jnu.ac.kr,6,6
107590,더미학생07590,3,010-9075-7590,dummy07590@jnu.ac.kr,1,7
107591,더미학생07591,4,010-9075-7591,dummy07591@jnu.ac.kr,2,8
107592,더미학생07592,1,010-9075-7592,dummy07592@jnu.ac.kr,3,1
107593,더미학생07593,2,010-9075-7593,dummy07593@jnu.ac.kr,4,2
107594,더미학생07594,3,010-9075-7594,dummy07594@jnu.ac.kr,5,3
107595,더미학생07595,4,010-9075-7595,dummy07595@jnu.ac.kr,6,4
107596,더미학생07596,1,010-9075-7596,dummy07596@jnu.ac.kr,1,5
107597,더미학생07597,2,010-9075-7597,dummy07597@jnu.ac.kr,2,6
107598,더미학생07598,3,010-9075-7598,dummy07598@jnu.ac.kr,3,7
107599,더미학생07599,4,010-9075-7599,dummy07599@jnu.ac.kr,4,8
107600,더미학생07600,1,010-9076-7600,dummy07600@jnu.ac.kr,5,1
107601,더미학생07601,2,010-9076-7601,dummy07601@jnu.ac.kr,6,2
107602,더미학생07602,3,010-9076-7602,dummy07602@jnu.ac.kr,1,3
107603,더미학생07603,4,010-9076-7603,dummy07603@jnu.ac.kr,2,4
107604,더미학생07604,1,010-9076-7604,dummy07604@jnu.ac.kr,3,5
107605,더미학생07605,2,010-9076-7605,dummy07605@jnu.ac.kr,4,6
107606,더미학생07606,3,010-9076-7606,dummy07606@jnu.ac.kr,5,7
107607,더미학생07607,4,010-9076-7607,dummy07607@jnu.ac.kr,6,8
107608,더미학생07608,1,010-9076-7608,dummy07608@jnu.ac.kr,1,1
107609,더미학생07609,2,010-9076-7609,dummy07609@jnu.ac.kr,2,2
107610,더미학생07610,3,010-9076-7610,dummy07610@jnu.ac.kr,3,3
107611,더미학생07611,4,010-9076-7611,dummy07611@jnu.ac.kr,4,4
107612,더미학생07612,1,010-9076-7612,dummy07612@jnu.ac.kr,5,5
107613,더미학생07613,2,010-9076-7613,dummy07613@jnu.ac.kr,6,6
107614,더미학생07614,3,010-9076-7614,dummy07614@jnu.ac.kr,1,7
107615,더미학생07615,4,010-9076-7615,dummy07615@jnu.ac.kr,2,8
107616,더미학생07616,1,010-9076-7616,dummy07616@jnu.ac.kr,3,1
107617,더미학생07617,2,010-9076-7617,dummy07617@jnu.ac.kr,4,2
107618,더미학생07618,3,010-9076-7618,dummy07618@jnu.ac.kr,5,3
107619,더미학생07619,4,010-9076-7619,dummy07619@jnu.ac.kr,6,4
107620,더미학생07620,1,010-9076-7620,dummy07620@jnu.ac.kr,1,5
107621,더미학생07621,2,010-9076-7621,dummy07621@jnu.ac.kr,2,6
107622,더미학생07622,3,010-9076-7622,dummy07622@jnu.ac.kr,3,7
107623,더미학생07623,4,010-9076-7623,dummy07623@jnu.ac.kr,4,8
107624,더미학생07624,1,010-9076-7624,dummy07624@jnu.ac.kr,5,1
107625,더미학생07625,2,010-9076-7625,dummy07625@jnu.ac.kr,6,2
107626,더미학생07626,3,010-9076-7626,dummy07626@jnu.ac.kr,1,3
107627,더미학생07627,4,010-9076-7627,dummy07627@jnu.ac.kr,2,4
107628,더미학생07628,1,010-9076-7628,dummy07628@jnu.ac.kr,3,5
107629,더미학생07629,2,010-9076-7629,dummy07629@jnu.ac.kr,4,6
107630,더미학생07630,3,010-9076-7630,dummy07630@jnu.ac.kr,5,7
107631,더미학생07631,4,010-9076-7631,dummy07631@jnu.ac.kr,6,8
107632,더미학생07632,1,010-9076-7632,dummy07632@jnu.ac.kr,1,1
107633,더미학생07633,2,010-9076-7633,dummy07633@jnu.ac.kr,2,2
107634,더미학생07634,3,010-9076-7634,dummy07634@jnu.ac.kr,3,3
107635,더미학생07635,4,010-9076-7635,dummy07635@jnu.ac.kr,4,4
107636,더미학생07636,1,010-9076-7636,dummy07636@jnu.ac.kr,5,5
107637,더미학생07637,2,010-9076-7637,dummy07637@jnu.ac.kr,6,6
107638,더미학생07638,3,010-9076-7638,dummy07638@jnu.ac.kr,1,7
107639,더미학생07639,4,010-9076-7639,dummy07639@jnu.ac.kr,2,8
107640,더미학생07640,1,010-9076-7640,dummy07640@jnu.ac.kr,3,1
107641,더미학생07641,2,010-9076-7641,dummy07641@jnu.ac.kr,4,2
107642,더미학생07642,3,010-9076-7642,dummy07642@jnu.ac.kr,5,3
107643,더미학생07643,4,010-9076-7643,dummy07643@jnu.ac.kr,6,4
107644,더미학생07644,1,010-9076-7644,dummy07644@jnu.ac.kr,1,5
107645,더미학생07645,2,010-9076-7645,dummy07645@jnu.ac.kr,2,6
107646,더미학생07646,3,010-9076-7646,dummy07646@jnu.ac.kr,3,7
107647,더미학생07647,4,010-9076-7647,dummy07647@jnu.ac.kr,4,8
107648,더미학생07648,1,010-9076-7648,dummy07648@jnu.ac.kr,5,1
107649,더미학생07649,2,010-9076-7649,dummy07649@jnu.ac.kr,6,2
107650,더미학생07650,3,010-9076-7650,dummy07650@jnu.ac.kr,1,3
107651,더미학생07651,4,010-9076-7651,dummy07651@jnu.ac.kr,2,4
107652,더미학생07652,1,010-9076-7652,dummy07652@jnu.ac.kr,3,5
107653,더미학생07653,2,010-9076-7653,dummy07653@jnu.ac.kr,4,6
107654,더미학생07654,3,010-9076-7654,dummy07654@jnu.ac.kr,5,7
107655,더미학생07655,4,010-9076-7655,dummy07655@jnu.ac.kr,6,8
107656,더미학생07656,1,010-9076-7656,dummy07656@jnu.ac.kr,1,1
107657,더미학생07657,2,010-9076-7657,dummy07657@jnu.ac.kr,2,2
107658,더미학생07658,3,010-9076-7658,dummy07658@jnu.ac.kr,3,3
107659,더미학생07659,4,010-9076-7659,dummy07659@jnu.ac.kr,4,4
107660,더미학생07660,1,010-9076-7660,dummy07660@jnu.ac.kr,5,5
107661,더미학생07661,2,010-9076-7661,dummy07661@jnu.ac.kr,6,6
107662,더미학생07662,3,010-9076-7662,dummy07662@jnu.ac.kr,1,7
107663,더미학생07663,4,010-9076-7663,dummy07663@jnu.ac.kr,2,8
107664,더미학생07664,1,010-9076-7664,dummy07664@jnu.ac.kr,3,1
107665,더미학생07665,2,010-9076-7665,dummy07665@jnu.ac.kr,4,2
107666,더미학생07666,3,010-9076-7666,dummy07666@jnu.ac.kr,5,3
107667,더미학생07667,4,010-9076-7667,dummy07667@jnu.ac.kr,6,4
107668,더미학생07668,1,010-9076-7668,dummy07668@jnu.ac.kr,1,5
107669,더미학생07669,2,010-9076-7669,dummy07669@jnu.ac.kr,2,6
107670,더미학생07670,3,010-9076-7670,dummy07670@jnu.ac.kr,3,7
107671,더미학생07671,4,010-9076-7671,dummy07671@jnu.ac.kr,4,8
107672,더미학생07672,1,010-9076-7672,dummy07672@jnu.ac.kr,5,1
107673,더미학생07673,2,010-9076-7673,dummy07673@jnu.ac.kr,6,2
107674,더미학생07674,3,010-9076-7674,dummy07674@jnu.ac.kr,1,3
107675,더미학생07675,4,010-9076-7675,dummy07675@jnu.ac.kr,2,4
107676,더미학생07676,1,010-9076-7676,dummy07676@jnu.ac.kr,3,5
107677,더미학생07677,2,010-9076-7677,dummy07677@jnu.ac.kr,4,6
107678,더미학생07678,3,010-9076-7678,dummy07678@jnu.ac.kr,5,7
107679,더미학생07679,4,010-9076-7679,dummy07679@jnu.ac.kr,6,8
107680,더미학생07680,1,010-9076-7680,dummy07680@jnu.ac.kr,1,1
107681,더미학생07681,2,010-9076-7681,dummy07681@jnu.ac.kr,2,2
107682,더미학생07682,3,010-9076-7682,dummy07682@jnu.ac.kr,3,3
107683,더미학생07683,4,010-9076-7683,dummy07683@jnu.ac.kr,4,4
107684,더미학생07684,1,010-9076-7684,dummy07684@jnu.ac.kr,5,5
107685,더미학생07685,2,010-9076-7685,dummy07685@jnu.ac.kr,6,6
107686,더미학생07686,3,010-9076-7686,dummy07686@jnu.ac.kr,1,7
107687,더미학생07687,4,010-9076-7687,dummy07687@jnu.ac.kr,2,8
107688,더미학생07688,1,010-9076-7688,dummy07688@jnu.ac.kr,3,1
107689,더미학생07689,2,010-9076-7689,dummy07689@jnu.ac.kr,4,2
107690,더미학생07690,3,010-9076-7690,dummy07690@jnu.ac.kr,5,3
107691,더미학생07691,4,010-9076-7691,dummy07691@jnu.ac.kr,6,4
107692,더미학생07692,1,010-9076-7692,dummy07692@jnu.ac.kr,1,5
107693,더미학생07693,2,010-9076-7693,dummy07693@jnu.ac.kr,2,6
107694,더미학생07694,3,010-9076-7694,dummy07694@jnu.ac.kr,3,7
107695,더미학생07695,4,010-9076-7695,dummy07695@jnu.ac.kr,4,8
107696,더미학생07696,1,010-9076-7696,dummy07696@jnu.ac.kr,5,1
107697,더미학생07697,2,010-9076-7697,dummy07697@jnu.ac.kr,6,2
107698,더미학생07698,3,010-9076-7698,dummy07698@jnu.ac.kr,1,3
107699,더미학생07699,4,010-9076-7699,dummy07699@jnu.ac.kr,2,4
107700,더미학생07700,1,010-9077-7700,dummy07700@jnu.ac.kr,3,5
107701,더미학생07701,2,010-9077-7701,dummy07701@jnu.ac.kr,4,6
107702,더미학생07702,3,010-9077-7702,dummy07702@jnu.ac.kr,5,7
107703,더미학생07703,4,010-9077-7703,dummy07703@jnu.ac.kr,6,8
107704,더미학생07704,1,010-9077-7704,dummy07704@jnu.ac.kr,1,1
107705,더미학생07705,2,010-9077-7705,dummy07705@jnu.ac.kr,2,2
107706,더미학생07706,3,010-9077-7706,dummy07706@jnu.ac.kr,3,3
107707,더미학생07707,4,010-9077-7707,dummy07707@jnu.ac.kr,4,4
107708,더미학생07708,1,010-9077-7708,dummy07708@jnu.ac.kr,5,5
107709,더미학생07709,2,010-9077-7709,dummy07709@jnu.ac.kr,6,6
107710,더미학생07710,3,010-9077-7710,dummy07710@jnu.ac.kr,1,7
107711,더미학생07711,4,010-9077-7711,dummy07711@jnu.ac.kr,2,8
107712,더미학생07712,1,010-9077-7712,dummy07712@jnu.ac.kr,3,1
107713,더미학생07713,2,010-9077-7713,dummy07713@jnu.ac.kr,4,2
107714,더미학생07714,3,010-9077-7714,dummy07714@jnu.ac.kr,5,3
107715,더미학생07715,4,010-9077-7715,dummy07715@jnu.ac.kr,6,4
107716,더미학생07716,1,010-9077-7716,dummy07716@jnu.ac.kr,1,5
107717,더미학생07717,2,010-9077-7717,dummy07717@jnu.ac.kr,2,6
107718,더미학생07718,3,010-9077-7718,dummy07718@jnu.ac.kr,3,7
107719,더미학생07719,4,010-9077-7719,dummy07719@jnu.ac.kr,4,8
107720,더미학생07720,1,010-9077-7720,dummy07720@jnu.ac.kr,5,1
107721,더미학생07721,2,010-9077-7721,dummy07721@jnu.ac.kr,6,2
107722,더미학생07722,3,010-9077-7722,dummy07722@jnu.ac.kr,1,3
107723,더미학생07723,4,010-9077-7723,dummy07723@jnu.ac.kr,2,4
107724,더미학생07724,1,010-9077-7724,dummy07724@jnu.ac.kr,3,5
107725,더미학생07725,2,010-9077-7725,dummy07725@jnu.ac.kr,4,6
107726,더미학생07726,3,010-9077-7726,dummy07726@jnu.ac.kr,5,7
107727,더미학생07727,4,010-9077-7727,dummy07727@jnu.ac.kr,6,8
107728,더미학생07728,1,010-9077-7728,dummy07728@jnu.ac.kr,1,1
107729,더미학생07729,2,010-9077-7729,dummy07729@jnu.ac.kr,2,2
107730,더미학생07730,3,010-9077-7730,dummy07730@jnu.ac.kr,3,3
107731,더미학생07731,4,010-9077-7731,dummy07731@jnu.ac.kr,4,4
107732,더미학생07732,1,010-9077-7732,dummy07732@jnu.ac.kr,5,5
107733,더미학생07733,2,010-9077-7733,dummy07733@jnu.ac.kr,6,6
107734,더미학생07734,3,010-9077-7734,dummy07734@jnu.ac.kr,1,7
107735,더미학생07735,4,010-9077-7735,dummy07735@jnu.ac.kr,2,8
107736,더미학생07736,1,010-9077-7736,dummy07736@jnu.ac.kr,3,1
107737,더미학생07737,2,010-9077-7737,dummy07737@jnu.ac.kr,4,2
107738,더미학생07738,3,010-9077-7738,dummy07738@jnu.ac.kr,5,3
107739,더미학생07739,4,010-9077-7739,dummy07739@jnu.ac.kr,6,4
107740,더미학생07740,1,010-9077-7740,dummy07740@jnu.ac.kr,1,5
107741,더미학생07741,2,010-9077-7741,dummy07741@jnu.ac.kr,2,6
107742,더미학생07742,3,010-9077-7742,dummy07742@jnu.ac.kr,3,7
107743,더미학생07743,4,010-9077-7743,dummy07743@jnu.ac.kr,4,8
107744,더미학생07744,1,010-9077-7744,dummy07744@jnu.ac.kr,5,1
107745,더미학생07745,2,010-9077-7745,dummy07745@jnu.ac.kr,6,2
107746,더미학생07746,3,010-9077-7746,dummy07746@jnu.ac.kr,1,3
107747,더미학생07747,4,010-9077-7747,dummy07747@jnu.ac.kr,2,4
107748,더미학생07748,1,010-9077-7748,dummy07748@jnu.ac.kr,3,5
107749,더미학생07749,2,010-9077-7749,dummy07749@jnu.ac.kr,4,6
107750,더미학생07750,3,010-9077-7750,dummy07750@jnu.ac.kr,5,7
107751,더미학생07751,4,010-9077-7751,dummy07751@jnu.ac.kr,6,8
107752,더미학생07752,1,010-9077-7752,dummy07752@jnu.ac.kr,1,1
107753,더미학생07753,2,010-9077-7753,dummy07753@jnu.ac.kr,2,2
107754,더미학생07754,3,010-9077-7754,dummy07754@jnu.ac.kr,3,3
107755,더미학생07755,4,010-9077-7755,dummy07755@jnu.ac.kr,4,4
107756,더미학생07756,1,010-9077-7756,dummy07756@jnu.ac.kr,5,5
107757,더미학생07757,2,010-9077-7757,dummy07757@jnu.ac.kr,6,6
107758,더미학생07758,3,010-9077-7758,dummy07758@jnu.ac.kr,1,7
107759,더미학생07759,4,010-9077-7759,dummy07759@jnu.ac.kr,2,8
107760,더미학생07760,1,010-9077-7760,dummy07760@jnu.ac.kr,3,1
107761,더미학생07761,2,010-9077-7761,dummy07761@jnu.ac.kr,4,2
107762,더미학생07762,3,010-9077-7762,dummy07762@jnu.ac.kr,5,3
107763,더미학생07763,4,010-9077-7763,dummy07763@jnu.ac.kr,6,4
107764,더미학생07764,1,010-9077-7764,dummy07764@jnu.ac.kr,1,5
107765,더미학생07765,2,010-9077-7765,dummy07765@jnu.ac.kr,2,6
107766,더미학생07766,3,010-9077-7766,dummy07766@jnu.ac.kr,3,7
107767,더미학생07767,4,010-9077-7767,dummy07767@jnu.ac.kr,4,8
107768,더미학생07768,1,010-9077-7768,dummy07768@jnu.ac.kr,5,1
107769,더미학생07769,2,010-9077-7769,dummy07769@jnu.ac.kr,6,2
107770,더미학생07770,3,010-9077-7770,dummy07770@jnu.ac.kr,1,3
107771,더미학생07771,4,010-9077-7771,dummy07771@jnu.ac.kr,2,4
107772,더미학생07772,1,010-9077-7772,dummy07772@jnu.ac.kr,3,5
107773,더미학생07773,2,010-9077-7773,dummy07773@jnu.ac.kr,4,6
107774,더미학생07774,3,010-9077-7774,dummy07774@jnu.ac.kr,5,7
107775,더미학생07775,4,010-9077-7775,dummy07775@jnu.ac.kr,6,8
107776,더미학생07776,1,010-9077-7776,dummy07776@jnu.ac.kr,1,1
107777,더미학생07777,2,010-9077-7777,dummy07777@jnu.ac.kr,2,2
107778,더미학생07778,3,010-9077-7778,dummy07778@jnu.ac.kr,3,3
107779,더미학생07779,4,010-9077-7779,dummy07779@jnu.ac.kr,4,4
107780,더미학생07780,1,010-9077-7780,dummy07780@jnu.ac.kr,5,5
107781,더미학생07781,2,010-9077-7781,dummy07781@jnu.ac.kr,6,6
107782,더미학생07782,3,010-9077-7782,dummy07782@jnu.ac.kr,1,7
107783,더미학생07783,4,010-9077-7783,dummy07783@jnu.ac.kr,2,8
107784,더미학생07784,1,010-9077-7784,dummy07784@jnu.ac.kr,3,1
107785,더미학생07785,2,010-9077-7785,dummy07785@jnu.ac.kr,4,2
107786,더미학생07786,3,010-9077-7786,dummy07786@jnu.ac.kr,5,3
107787,더미학생07787,4,010-9077-7787,dummy07787@jnu.ac.kr,6,4
107788,더미학생07788,1,010-9077-7788,dummy07788@jnu.ac.kr,1,5
107789,더미학생07789,2,010-9077-7789,dummy07789@jnu.ac.kr,2,6
107790,더미학생07790,3,010-9077-7790,dummy07790@jnu.ac.kr,3,7
107791,더미학생07791,4,010-9077-7791,dummy07791@jnu.ac.kr,4,8
107792,더미학생07792,1,010-9077-7792,dummy07792@jnu.ac.kr,5,1
107793,더미학생07793,2,010-9077-7793,dummy07793@jnu.ac.kr,6,2
107794,더미학생07794,3,010-9077-7794,dummy07794@jnu.ac.kr,1,3
107795,더미학생07795,4,010-9077-7795,dummy07795@jnu.ac.kr,2,4
107796,더미학생07796,1,010-9077-7796,dummy07796@jnu.ac.kr,3,5
107797,더미학생07797,2,010-9077-7797,dummy07797@jnu.ac.kr,4,6
107798,더미학생07798,3,010-9077-7798,dummy07798@jnu.ac.kr,5,7
107799,더미학생07799,4,010-9077-7799,dummy07799@jnu.ac.kr,6,8
107800,더미학생07800,1,010-9078-7800,dummy07800@jnu.ac.kr,1,1
107801,더미학생07801,2,010-9078-7801,dummy07801@jnu.ac.kr,2,2
107802,더미학생07802,3,010-9078-7802,dummy07802@jnu.ac.kr,3,3
107803,더미학생07803,4,010-9078-7803,dummy07803@jnu.ac.kr,4,4
107804,더미학생07804,1,010-9078-7804,dummy07804@jnu.ac.kr,5,5
107805,더미학생07805,2,010-9078-7805,dummy07805@jnu.ac.kr,6,6
107806,더미학생07806,3,010-9078-7806,dummy07806@jnu.ac.kr,1,7
107807,더미학생07807,4,010-9078-7807,dummy07807@jnu.ac.kr,2,8
107808,더미학생07808,1,010-9078-7808,dummy07808@jnu.ac.kr,3,1
107809,더미학생07809,2,010-9078-7809,dummy07809@jnu.ac.kr,4,2
107810,더미학생07810,3,010-9078-7810,dummy07810@jnu.ac.kr,5,3
107811,더미학생07811,4,010-9078-7811,dummy07811@jnu.ac.kr,6,4
107812,더미학생07812,1,010-9078-7812,dummy07812@jnu.ac.kr,1,5
107813,더미학생07813,2,010-9078-7813,dummy07813@jnu.ac.kr,2,6
107814,더미학생07814,3,010-9078-7814,dummy07814@jnu.ac.kr,3,7
107815,더미학생07815,4,010-9078-7815,dummy07815@jnu.ac.kr,4,8
107816,더미학생07816,1,010-9078-7816,dummy07816@jnu.ac.kr,5,1
107817,더미학생07817,2,010-9078-7817,dummy07817@jnu.ac.kr,6,2
107818,더미학생07818,3,010-9078-7818,dummy07818@jnu.ac.kr,1,3
107819,더미학생07819,4,010-9078-7819,dummy07819@jnu.ac.kr,2,4
107820,더미학생07820,1,010-9078-7820,dummy07820@jnu.ac.kr,3,5
107821,더미학생07821,2,010-9078-7821,dummy07821@jnu.ac.kr,4,6
107822,더미학생07822,3,010-9078-7822,dummy07822@jnu.ac.kr,5,7
107823,더미학생07823,4,010-9078-7823,dummy07823@jnu.ac.kr,6,8
107824,더미학생07824,1,010-9078-7824,dummy07824@jnu.ac.kr,1,1
107825,더미학생07825,2,010-9078-7825,dummy07825@jnu.ac.kr,2,2
107826,더미학생07826,3,010-9078-7826,dummy07826@jnu.ac.kr,3,3
107827,더미학생07827,4,010-9078-7827,dummy07827@jnu.ac.kr,4,4
107828,더미학생07828,1,010-9078-7828,dummy07828@jnu.ac.kr,5,5
107829,더미학생07829,2,010-9078-7829,dummy07829@jnu.ac.kr,6,6
107830,더미학생07830,3,010-9078-7830,dummy07830@jnu.ac.kr,1,7
107831,더미학생07831,4,010-9078-7831,dummy07831@jnu.ac.kr,2,8
107832,더미학생07832,1,010-9078-7832,dummy07832@jnu.ac.kr,3,1
107833,더미학생07833,2,010-9078-7833,dummy07833@jnu.ac.kr,4,2
107834,더미학생07834,3,010-9078-7834,dummy07834@jnu.ac.kr,5,3
107835,더미학생07835,4,010-9078-7835,dummy07835@jnu.ac.kr,6,4
107836,더미학생07836,1,010-9078-7836,dummy07836@jnu.ac.kr,1,5
107837,더미학생07837,2,010-9078-7837,dummy07837@jnu.ac.kr,2,6
107838,더미학생07838,3,010-9078-7838,dummy07838@jnu.ac.kr,3,7
107839,더미학생07839,4,010-9078-7839,dummy07839@jnu.ac.kr,4,8
107840,더미학생07840,1,010-9078-7840,dummy07840@jnu.ac.kr,5,1
107841,더미학생07841,2,010-9078-7841,dummy07841@jnu.ac.kr,6,2
107842,더미학생07842,3,010-9078-7842,dummy07842@jnu.ac.kr,1,3
107843,더미학생07843,4,010-9078-7843,dummy07843@jnu.ac.kr,2,4
107844,더미학생07844,1,010-9078-7844,dummy07844@jnu.ac.kr,3,5
107845,더미학생07845,2,010-9078-7845,dummy07845@jnu.ac.kr,4,6
107846,더미학생07846,3,010-9078-7846,dummy07846@jnu.ac.kr,5,7
107847,더미학생07847,4,010-9078-7847,dummy07847@jnu.ac.kr,6,8
107848,더미학생07848,1,010-9078-7848,dummy07848@jnu.ac.kr,1,1
107849,더미학생07849,2,010-9078-7849,dummy07849@jnu.ac.kr,2,2
107850,더미학생07850,3,010-9078-7850,dummy07850@jnu.ac.kr,3,3
107851,더미학생07851,4,010-9078-7851,dummy07851@jnu.ac.kr,4,4
107852,더미학생07852,1,010-9078-7852,dummy07852@jnu.ac.kr,5,5
107853,더미학생07853,2,010-9078-7853,dummy07853@jnu.ac.kr,6,6
107854,더미학생07854,3,010-9078-7854,dummy07854@jnu.ac.kr,1,7
107855,더미학생07855,4,010-9078-7855,dummy07855@jnu.ac.kr,2,8
107856,더미학생07856,1,010-9078-7856,dummy07856@jnu.ac.kr,3,1
107857,더미학생07857,2,010-9078-7857,dummy07857@jnu.ac.kr,4,2
107858,더미학생07858,3,010-9078-7858,dummy07858@jnu.ac.kr,5,3
107859,더미학생07859,4,010-9078-7859,dummy07859@jnu.ac.kr,6,4
107860,더미학생07860,1,010-9078-7860,dummy07860@jnu.ac.kr,1,5
107861,더미학생07861,2,010-9078-7861,dummy07861@jnu.ac.kr,2,6
107862,더미학생07862,3,010-9078-7862,dummy07862@jnu.ac.kr,3,7
107863,더미학생07863,4,010-9078-7863,dummy07863@jnu.ac.kr,4,8
107864,더미학생07864,1,010-9078-7864,dummy07864@jnu.ac.kr,5,1
107865,더미학생07865,2,010-9078-7865,dummy07865@jnu.ac.kr,6,2
107866,더미학생07866,3,010-9078-7866,dummy07866@jnu.ac.kr,1,3
107867,더미학생07867,4,010-9078-7867,dummy07867@jnu.ac.kr,2,4
107868,더미학생07868,1,010-9078-7868,dummy07868@jnu.ac.kr,3,5
107869,더미학생07869,2,010-9078-7869,dummy07869@jnu.ac.kr,4,6
107870,더미학생07870,3,010-9078-7870,dummy07870@jnu.ac.kr,5,7
107871,더미학생07871,4,010-9078-7871,dummy07871@jnu.ac.kr,6,8
107872,더미학생07872,1,010-9078-7872,dummy07872@jnu.ac.kr,1,1
107873,더미학생07873,2,010-9078-7873,dummy07873@jnu.ac.kr,2,2
107874,더미학생07874,3,010-9078-7874,dummy07874@jnu.ac.kr,3,3
107875,더미학생07875,4,010-9078-7875,dummy07875@jnu.ac.kr,4,4
107876,더미학생07876,1,010-9078-7876,dummy07876@jnu.ac.kr,5,5
107877,더미학생07877,2,010-9078-7877,dummy07877@jnu.ac.kr,6,6
107878,더미학생07878,3,010-9078-7878,dummy07878@jnu.ac.kr,1,7
107879,더미학생07879,4,010-9078-7879,dummy07879@jnu.ac.kr,2,8
107880,더미학생07880,1,010-9078-7880,dummy07880@jnu.ac.kr,3,1
107881,더미학생07881,2,010-9078-7881,dummy07881@jnu.ac.kr,4,2
107882,더미학생07882,3,010-9078-7882,dummy07882@jnu.ac.kr,5,3
107883,더미학생07883,4,010-9078-7883,dummy07883@jnu.ac.kr,6,4
107884,더미학생07884,1,010-9078-7884,dummy07884@jnu.ac.kr,1,5
107885,더미학생07885,2,010-9078-7885,dummy07885@jnu.ac.kr,2,6
107886,더미학생07886,3,010-9078-7886,dummy07886@jnu.ac.kr,3,7
107887,더미학생07887,4,010-9078-7887,dummy07887@jnu.ac.kr,4,8
107888,더미학생07888,1,010-9078-7888,dummy07888@jnu.ac.kr,5,1
107889,더미학생07889,2,010-9078-7889,dummy07889@jnu.ac.kr,6,2
107890,더미학생07890,3,010-9078-7890,dummy07890@jnu.ac.kr,1,3
107891,더미학생07891,4,010-9078-7891,dummy07891@jnu.ac.kr,2,4
107892,더미학생07892,1,010-9078-7892,dummy07892@jnu.ac.kr,3,5
107893,더미학생07893,2,010-9078-7893,dummy07893@jnu.ac.kr,4,6
107894,더미학생07894,3,010-9078-7894,dummy07894@jnu.ac.kr,5,7
107895,더미학생07895,4,010-9078-7895,dummy07895@jnu.ac.kr,6,8
107896,더미학생07896,1,010-9078-7896,dummy07896@jnu.ac.kr,1,1
107897,더미학생07897,2,010-9078-7897,dummy07897@jnu.ac.kr,2,2
107898,더미학생07898,3,010-9078-7898,dummy07898@jnu.ac.kr,3,3
107899,더미학생07899,4,010-9078-7899,dummy07899@jnu.ac.kr,4,4
107900,더미학생07900,1,010-9079-7900,dummy07900@jnu.ac.kr,5,5
107901,더미학생07901,2,010-9079-7901,dummy07901@jnu.ac.kr,6,6
107902,더미학생07902,3,010-9079-7902,dummy07902@jnu.ac.kr,1,7
107903,더미학생07903,4,010-9079-7903,dummy07903@jnu.ac.kr,2,8
107904,더미학생07904,1,010-9079-7904,dummy07904@jnu.ac.kr,3,1
107905,더미학생07905,2,010-9079-7905,dummy07905@jnu.ac.kr,4,2
107906,더미학생07906,3,010-9079-7906,dummy07906@jnu.ac.kr,5,3
107907,더미학생07907,4,010-9079-7907,dummy07907@jnu.ac.kr,6,4
107908,더미학생07908,1,010-9079-7908,dummy07908@jnu.ac.kr,1,5
107909,더미학생07909,2,010-9079-7909,dummy07909@jnu.ac.kr,2,6
107910,더미학생07910,3,010-9079-7910,dummy07910@jnu.ac.kr,3,7
107911,더미학생07911,4,010-9079-7911,dummy07911@jnu.ac.kr,4,8
107912,더미학생07912,1,010-9079-7912,dummy07912@jnu.ac.kr,5,1
107913,더미학생07913,2,010-9079-7913,dummy07913@jnu.ac.kr,6,2
107914,더미학생07914,3,010-9079-7914,dummy07914@jnu.ac.kr,1,3
107915,더미학생07915,4,010-9079-7915,dummy07915@jnu.ac.kr,2,4
107916,더미학생07916,1,010-9079-7916,dummy07916@jnu.ac.kr,3,5
107917,더미학생07917,2,010-9079-7917,dummy07917@jnu.ac.kr,4,6
107918,더미학생07918,3,010-9079-7918,dummy07918@jnu.ac.kr,5,7
107919,더미학생07919,4,010-9079-7919,dummy07919@jnu.ac.kr,6,8
107920,더미학생07920,1,010-9079-7920,dummy07920@jnu.ac.kr,1,1
107921,더미학생07921,2,010-9079-7921,dummy07921@jnu.ac.kr,2,2
107922,더미학생07922,3,010-9079-7922,dummy07922@jnu.ac.kr,3,3
107923,더미학생07923,4,010-9079-7923,dummy07923@jnu.ac.kr,4,4
107924,더미학생07924,1,010-9079-7924,dummy07924@jnu.ac.kr,5,5
107925,더미학생07925,2,010-9079-7925,dummy07925@jnu.ac.kr,6,6
107926,더미학생07926,3,010-9079-7926,dummy07926@jnu.ac.kr,1,7
107927,더미학생07927,4,010-9079-7927,dummy07927@jnu.ac.kr,2,8
107928,더미학생07928,1,010-9079-7928,dummy07928@jnu.ac.kr,3,1
107929,더미학생07929,2,010-9079-7929,dummy07929@jnu.ac.kr,4,2
107930,더미학생07930,3,010-9079-7930,dummy07930@jnu.ac.kr,5,3
107931,더미학생07931,4,010-9079-7931,dummy07931@jnu.ac.kr,6,4
107932,더미학생07932,1,010-9079-7932,dummy07932@jnu.ac.kr,1,5
107933,더미학생07933,2,010-9079-7933,dummy07933@jnu.ac.kr,2,6
107934,더미학생07934,3,010-9079-7934,dummy07934@jnu.ac.kr,3,7
107935,더미학생07935,4,010-9079-7935,dummy07935@jnu.ac.kr,4,8
107936,더미학생07936,1,010-9079-7936,dummy07936@jnu.ac.kr,5,1
107937,더미학생07937,2,010-9079-7937,dummy07937@jnu.ac.kr,6,2
107938,더미학생07938,3,010-9079-7938,dummy07938@jnu.ac.kr,1,3
107939,더미학생07939,4,010-9079-7939,dummy07939@jnu.ac.kr,2,4
107940,더미학생07940,1,010-9079-7940,dummy07940@jnu.ac.kr,3,5
107941,더미학생07941,2,010-9079-7941,dummy07941@jnu.ac.kr,4,6
107942,더미학생07942,3,010-9079-7942,dummy07942@jnu.ac.kr,5,7
107943,더미학생07943,4,010-9079-7943,dummy07943@jnu.ac.kr,6,8
107944,더미학생07944,1,010-9079-7944,dummy07944@jnu.ac.kr,1,1
107945,더미학생07945,2,010-9079-7945,dummy07945@jnu.ac.kr,2,2
107946,더미학생07946,3,010-9079-7946,dummy07946@jnu.ac.kr,3,3
107947,더미학생07947,4,010-9079-7947,dummy07947@jnu.ac.kr,4,4
107948,더미학생07948,1,010-9079-7948,dummy07948@jnu.ac.kr,5,5
107949,더미학생07949,2,010-9079-7949,dummy07949@jnu.ac.kr,6,6
107950,더미학생07950,3,010-9079-7950,dummy07950@jnu.ac.kr,1,7
107951,더미학생07951,4,010-9079-7951,dummy07951@jnu.ac.kr,2,8
107952,더미학생07952,1,010-9079-7952,dummy07952@jnu.ac.kr,3,1
107953,더미학생07953,2,010-9079-7953,dummy07953@jnu.ac.kr,4,2
107954,더미학생07954,3,010-9079-7954,dummy07954@jnu.ac.kr,5,3
107955,더미학생07955,4,010-9079-7955,dummy07955@jnu.ac.kr,6,4
107956,더미학생07956,1,010-9079-7956,dummy07956@jnu.ac.kr,1,5
107957,더미학생07957,2,010-9079-7957,dummy07957@jnu.ac.kr,2,6
107958,더미학생07958,3,010-9079-7958,dummy07958@jnu.ac.kr,3,7
107959,더미학생07959,4,010-9079-7959,dummy07959@jnu.ac.kr,4,8
107960,더미학생07960,1,010-9079-7960,dummy07960@jnu.ac.kr,5,1
107961,더미학생07961,2,010-9079-7961,dummy07961@jnu.ac.kr,6,2
107962,더미학생07962,3,010-9079-7962,dummy07962@jnu.ac.kr,1,3
107963,더미학생07963,4,010-9079-7963,dummy07963@jnu.ac.kr,2,4
107964,더미학생07964,1,010-9079-7964,dummy07964@jnu.ac.kr,3,5
107965,더미학생07965,2,010-9079-7965,dummy07965@jnu.ac.kr,4,6
107966,더미학생07966,3,010-9079-7966,dummy07966@jnu.ac.kr,5,7
107967,더미학생07967,4,010-9079-7967,dummy07967@jnu.ac.kr,6,8
107968,더미학생07968,1,010-9079-7968,dummy07968@jnu.ac.kr,1,1
107969,더미학생07969,2,010-9079-7969,dummy07969@jnu.ac.kr,2,2
107970,더미학생07970,3,010-9079-7970,dummy07970@jnu.ac.kr,3,3
107971,더미학생07971,4,010-9079-7971,dummy07971@jnu.ac.kr,4,4
107972,더미학생07972,1,010-9079-7972,dummy07972@jnu.ac.kr,5,5
107973,더미학생07973,2,010-9079-7973,dummy07973@jnu.ac.kr,6,6
107974,더미학생07974,3,010-9079-7974,dummy07974@jnu.ac.kr,1,7
107975,더미학생07975,4,010-9079-7975,dummy07975@jnu.ac.kr,2,8
107976,더미학생07976,1,010-9079-7976,dummy07976@jnu.ac.kr,3,1
107977,더미학생07977,2,010-9079-7977,dummy07977@jnu.ac.kr,4,2
107978,더미학생07978,3,010-9079-7978,dummy07978@jnu.ac.kr,5,3
107979,더미학생07979,4,010-9079-7979,dummy07979@jnu.ac.kr,6,4
107980,더미학생07980,1,010-9079-7980,dummy07980@jnu.ac.kr,1,5
107981,더미학생07981,2,010-9079-7981,dummy07981@jnu.ac.kr,2,6
107982,더미학생07982,3,010-9079-7982,dummy07982@jnu.ac.kr,3,7
107983,더미학생07983,4,010-9079-7983,dummy07983@jnu.ac.kr,4,8
107984,더미학생07984,1,010-9079-7984,dummy07984@jnu.ac.kr,5,1
107985,더미학생07985,2,010-9079-7985,dummy07985@jnu.ac.kr,6,2
107986,더미학생07986,3,010-9079-7986,dummy07986@jnu.ac.kr,1,3
107987,더미학생07987,4,010-9079-7987,dummy07987@jnu.ac.kr,2,4
107988,더미학생07988,1,010-9079-7988,dummy07988@jnu.ac.kr,3,5
107989,더미학생07989,2,010-9079-7989,dummy07989@jnu.ac.kr,4,6
107990,더미학생07990,3,010-9079-7990,dummy07990@jnu.ac.kr,5,7
107991,더미학생07991,4,010-9079-7991,dummy07991@jnu.ac.kr,6,8
107992,더미학생07992,1,010-9079-7992,dummy07992@jnu.ac.kr,1,1
107993,더미학생07993,2,010-9079-7993,dummy07993@jnu.ac.kr,2,2
107994,더미학생07994,3,010-9079-7994,dummy07994@jnu.ac.kr,3,3
107995,더미학생07995,4,010-9079-7995,dummy07995@jnu.ac.kr,4,4
107996,더미학생07996,1,010-9079-7996,dummy07996@jnu.ac.kr,5,5
107997,더미학생07997,2,010-9079-7997,dummy07997@jnu.ac.kr,6,6
107998,더미학생07998,3,010-9079-7998,dummy07998@jnu.ac.kr,1,7
107999,더미학생07999,4,010-9079-7999,dummy07999@jnu.ac.kr,2,8
108000,더미학생08000,1,010-9080-8000,dummy08000@jnu.ac.kr,3,1
108001,더미학생08001,2,010-9080-8001,dummy08001@jnu.ac.kr,4,2
108002,더미학생08002,3,010-9080-8002,dummy08002@jnu.ac.kr,5,3
108003,더미학생08003,4,010-9080-8003,dummy08003@jnu.ac.kr,6,4
108004,더미학생08004,1,010-9080-8004,dummy08004@jnu.ac.kr,1,5
108005,더미학생08005,2,010-9080-8005,dummy08005@jnu.ac.kr,2,6
108006,더미학생08006,3,010-9080-8006,dummy08006@jnu.ac.kr,3,7
108007,더미학생08007,4,010-9080-8007,dummy08007@jnu.ac.kr,4,8
108008,더미학생08008,1,010-9080-8008,dummy08008@jnu.ac.kr,5,1
108009,더미학생08009,2,010-9080-8009,dummy08009@jnu.ac.kr,6,2
108010,더미학생08010,3,010-9080-8010,dummy08010@jnu.ac.kr,1,3
108011,더미학생08011,4,010-9080-8011,dummy08011@jnu.ac.kr,2,4
108012,더미학생08012,1,010-9080-8012,dummy08012@jnu.ac.kr,3,5
108013,더미학생08013,2,010-9080-8013,dummy08013@jnu.ac.kr,4,6
108014,더미학생08014,3,010-9080-8014,dummy08014@jnu.ac.kr,5,7
108015,더미학생08015,4,010-9080-8015,dummy08015@jnu.ac.kr,6,8
108016,더미학생08016,1,010-9080-8016,dummy08016@jnu.ac.kr,1,1
108017,더미학생08017,2,010-9080-8017,dummy08017@jnu.ac.kr,2,2
108018,더미학생08018,3,010-9080-8018,dummy08018@jnu.ac.kr,3,3
108019,더미학생08019,4,010-9080-8019,dummy08019@jnu.ac.kr,4,4
108020,더미학생08020,1,010-9080-8020,dummy08020@jnu.ac.kr,5,5
108021,더미학생08021,2,010-9080-8021,dummy08021@jnu.ac.kr,6,6
108022,더미학생08022,3,010-9080-8022,dummy08022@jnu.ac.kr,1,7
108023,더미학생08023,4,010-9080-8023,dummy08023@jnu.ac.kr,2,8
108024,더미학생08024,1,010-9080-8024,dummy08024@jnu.ac.kr,3,1
108025,더미학생08025,2,010-9080-8025,dummy08025@jnu.ac.kr,4,2
108026,더미학생08026,3,010-9080-8026,dummy08026@jnu.ac.kr,5,3
108027,더미학생08027,4,010-9080-8027,dummy08027@jnu.ac.kr,6,4
108028,더미학생08028,1,010-9080-8028,dummy08028@jnu.ac.kr,1,5
108029,더미학생08029,2,010-9080-8029,dummy08029@jnu.ac.kr,2,6
108030,더미학생08030,3,010-9080-8030,dummy08030@jnu.ac.kr,3,7
108031,더미학생08031,4,010-9080-8031,dummy08031@jnu.ac.kr,4,8
108032,더미학생08032,1,010-9080-8032,dummy08032@jnu.ac.kr,5,1
108033,더미학생08033,2,010-9080-8033,dummy08033@jnu.ac.kr,6,2
108034,더미학생08034,3,010-9080-8034,dummy08034@jnu.ac.kr,1,3
108035,더미학생08035,4,010-9080-8035,dummy08035@jnu.ac.kr,2,4
108036,더미학생08036,1,010-9080-8036,dummy08036@jnu.ac.kr,3,5
108037,더미학생08037,2,010-9080-8037,dummy08037@jnu.ac.kr,4,6
108038,더미학생08038,3,010-9080-8038,dummy08038@jnu.ac.kr,5,7
108039,더미학생08039,4,010-9080-8039,dummy08039@jnu.ac.kr,6,8
108040,더미학생08040,1,010-9080-8040,dummy08040@jnu.ac.kr,1,1
108041,더미학생08041,2,010-9080-8041,dummy08041@jnu.ac.kr,2,2
108042,더미학생08042,3,010-9080-8042,dummy08042@jnu.ac.kr,3,3
108043,더미학생08043,4,010-9080-8043,dummy08043@jnu.ac.kr,4,4
108044,더미학생08044,1,010-9080-8044,dummy08044@jnu.ac.kr,5,5
108045,더미학생08045,2,010-9080-8045,dummy08045@jnu.ac.kr,6,6
108046,더미학생08046,3,010-9080-8046,dummy08046@jnu.ac.kr,1,7
108047,더미학생08047,4,010-9080-8047,dummy08047@jnu.ac.kr,2,8
108048,더미학생08048,1,010-9080-8048,dummy08048@jnu.ac.kr,3,1
108049,더미학생08049,2,010-9080-8049,dummy08049@jnu.ac.kr,4,2
108050,더미학생08050,3,010-9080-8050,dummy08050@jnu.ac.kr,5,3
108051,더미학생08051,4,010-9080-8051,dummy08051@jnu.ac.kr,6,4
108052,더미학생08052,1,010-9080-8052,dummy08052@jnu.ac.kr,1,5
108053,더미학생08053,2,010-9080-8053,dummy08053@jnu.ac.kr,2,6
108054,더미학생08054,3,010-9080-8054,dummy08054@jnu.ac.kr,3,7
108055,더미학생08055,4,010-9080-8055,dummy08055@jnu.ac.kr,4,8
108056,더미학생08056,1,010-9080-8056,dummy08056@jnu.ac.kr,5,1
108057,더미학생08057,2,010-9080-8057,dummy08057@jnu.ac.kr,6,2
108058,더미학생08058,3,010-9080-8058,dummy08058@jnu.ac.kr,1,3
108059,더미학생08059,4,010-9080-8059,dummy08059@jnu.ac.kr,2,4
108060,더미학생08060,1,010-9080-8060,dummy08060@jnu.ac.kr,3,5
108061,더미학생08061,2,010-9080-8061,dummy08061@jnu.ac.kr,4,6
108062,더미학생08062,3,010-9080-8062,dummy08062@jnu.ac.kr,5,7
108063,더미학생08063,4,010-9080-8063,dummy08063@jnu.ac.kr,6,8
108064,더미학생08064,1,010-9080-8064,dummy08064@jnu.ac.kr,1,1
108065,더미학생08065,2,010-9080-8065,dummy08065@jnu.ac.kr,2,2
108066,더미학생08066,3,010-9080-8066,dummy08066@jnu.ac.kr,3,3
108067,더미학생08067,4,010-9080-8067,dummy08067@jnu.ac.kr,4,4
108068,더미학생08068,1,010-9080-8068,dummy08068@jnu.ac.kr,5,5
108069,더미학생08069,2,010-9080-8069,dummy08069@jnu.ac.kr,6,6
108070,더미학생08070,3,010-9080-8070,dummy08070@jnu.ac.kr,1,7
108071,더미학생08071,4,010-9080-8071,dummy08071@jnu.ac.kr,2,8
108072,더미학생08072,1,010-9080-8072,dummy08072@jnu.ac.kr,3,1
108073,더미학생08073,2,010-9080-8073,dummy08073@jnu.ac.kr,4,2
108074,더미학생08074,3,010-9080-8074,dummy08074@jnu.ac.kr,5,3
108075,더미학생08075,4,010-9080-8075,dummy08075@jnu.ac.kr,6,4
108076,더미학생08076,1,010-9080-8076,dummy08076@jnu.ac.kr,1,5
108077,더미학생08077,2,010-9080-8077,dummy08077@jnu.ac.kr,2,6
108078,더미학생08078,3,010-9080-8078,dummy08078@jnu.ac.kr,3,7
108079,더미학생08079,4,010-9080-8079,dummy08079@jnu.ac.kr,4,8
108080,더미학생08080,1,010-9080-8080,dummy08080@jnu.ac.kr,5,1
108081,더미학생08081,2,010-9080-8081,dummy08081@jnu.ac.kr,6,2
108082,더미학생08082,3,010-9080-8082,dummy08082@jnu.ac.kr,1,3
108083,더미학생08083,4,010-9080-8083,dummy08083@jnu.ac.kr,2,4
108084,더미학생08084,1,010-9080-8084,dummy08084@jnu.ac.kr,3,5
108085,더미학생08085,2,010-9080-8085,dummy08085@jnu.ac.kr,4,6
108086,더미학생08086,3,010-9080-8086,dummy08086@jnu.ac.kr,5,7
108087,더미학생08087,4,010-9080-8087,dummy08087@jnu.ac.kr,6,8
108088,더미학생08088,1,010-9080-8088,dummy08088@jnu.ac.kr,1,1
108089,더미학생08089,2,010-9080-8089,dummy08089@jnu.ac.kr,2,2
108090,더미학생08090,3,010-9080-8090,dummy08090@jnu.ac.kr,3,3
108091,더미학생08091,4,010-9080-8091,dummy08091@jnu.ac.kr,4,4
108092,더미학생08092,1,010-9080-8092,dummy08092@jnu.ac.kr,5,5
108093,더미학생08093,2,010-9080-8093,dummy08093@jnu.ac.kr,6,6
108094,더미학생08094,3,010-9080-8094,dummy08094@jnu.ac.kr,1,7
108095,더미학생08095,4,010-9080-8095,dummy08095@jnu.ac.kr,2,8
108096,더미학생08096,1,010-9080-8096,dummy08096@jnu.ac.kr,3,1
108097,더미학생08097,2,010-9080-8097,dummy08097@jnu.ac.kr,4,2
108098,더미학생08098,3,010-9080-8098,dummy08098@jnu.ac.kr,5,3
108099,더미학생08099,4,010-9080-8099,dummy08099@jnu.ac.kr,6,4
108100,더미학생08100,1,010-9081-8100,dummy08100@jnu.ac.kr,1,5
108101,더미학생08101,2,010-9081-8101,dummy08101@jnu.ac.kr,2,6
108102,더미학생08102,3,010-9081-8102,dummy08102@jnu.ac.kr,3,7
108103,더미학생08103,4,010-9081-8103,dummy08103@jnu.ac.kr,4,8
108104,더미학생08104,1,010-9081-8104,dummy08104@jnu.ac.kr,5,1
108105,더미학생08105,2,010-9081-8105,dummy08105@jnu.ac.kr,6,2
108106,더미학생08106,3,010-9081-8106,dummy08106@jnu.ac.kr,1,3
108107,더미학생08107,4,010-9081-8107,dummy08107@jnu.ac.kr,2,4
108108,더미학생08108,1,010-9081-8108,dummy08108@jnu.ac.kr,3,5
108109,더미학생08109,2,010-9081-8109,dummy08109@jnu.ac.kr,4,6
108110,더미학생08110,3,010-9081-8110,dummy08110@jnu.ac.kr,5,7
108111,더미학생08111,4,010-9081-8111,dummy08111@jnu.ac.kr,6,8
108112,더미학생08112,1,010-9081-8112,dummy08112@jnu.ac.kr,1,1
108113,더미학생08113,2,010-9081-8113,dummy08113@jnu.ac.kr,2,2
108114,더미학생08114,3,010-9081-8114,dummy08114@jnu.ac.kr,3,3
108115,더미학생08115,4,010-9081-8115,dummy08115@jnu.ac.kr,4,4
108116,더미학생08116,1,010-9081-8116,dummy08116@jnu.ac.kr,5,5
108117,더미학생08117,2,010-9081-8117,dummy08117@jnu.ac.kr,6,6
108118,더미학생08118,3,010-9081-8118,dummy08118@jnu.ac.kr,1,7
108119,더미학생08119,4,010-9081-8119,dummy08119@jnu.ac.kr,2,8
108120,더미학생08120,1,010-9081-8120,dummy08120@jnu.ac.kr,3,1
108121,더미학생08121,2,010-9081-8121,dummy08121@jnu.ac.kr,4,2
108122,더미학생08122,3,010-9081-8122,dummy08122@jnu.ac.kr,5,3
108123,더미학생08123,4,010-9081-8123,dummy08123@jnu.ac.kr,6,4
108124,더미학생08124,1,010-9081-8124,dummy08124@jnu.ac.kr,1,5
108125,더미학생08125,2,010-9081-8125,dummy08125@jnu.ac.kr,2,6
108126,더미학생08126,3,010-9081-8126,dummy08126@jnu.ac.kr,3,7
108127,더미학생08127,4,010-9081-8127,dummy08127@jnu.ac.kr,4,8
108128,더미학생08128,1,010-9081-8128,dummy08128@jnu.ac.kr,5,1
108129,더미학생08129,2,010-9081-8129,dummy08129@jnu.ac.kr,6,2
108130,더미학생08130,3,010-9081-8130,dummy08130@jnu.ac.kr,1,3
108131,더미학생08131,4,010-9081-8131,dummy08131@jnu.ac.kr,2,4
108132,더미학생08132,1,010-9081-8132,dummy08132@jnu.ac.kr,3,5
108133,더미학생08133,2,010-9081-8133,dummy08133@jnu.ac.kr,4,6
108134,더미학생08134,3,010-9081-8134,dummy08134@jnu.ac.kr,5,7
108135,더미학생08135,4,010-9081-8135,dummy08135@jnu.ac.kr,6,8
108136,더미학생08136,1,010-9081-8136,dummy08136@jnu.ac.kr,1,1
108137,더미학생08137,2,010-9081-8137,dummy08137@jnu.ac.kr,2,2
108138,더미학생08138,3,010-9081-8138,dummy08138@jnu.ac.kr,3,3
108139,더미학생08139,4,010-9081-8139,dummy08139@jnu.ac.kr,4,4
108140,더미학생08140,1,010-9081-8140,dummy08140@jnu.ac.kr,5,5
108141,더미학생08141,2,010-9081-8141,dummy08141@jnu.ac.kr,6,6
108142,더미학생08142,3,010-9081-8142,dummy08142@jnu.ac.kr,1,7
108143,더미학생08143,4,010-9081-8143,dummy08143@jnu.ac.kr,2,8
108144,더미학생08144,1,010-9081-8144,dummy08144@jnu.ac.kr,3,1
108145,더미학생08145,2,010-9081-8145,dummy08145@jnu.ac.kr,4,2
108146,더미학생08146,3,010-9081-8146,dummy08146@jnu.ac.kr,5,3
108147,더미학생08147,4,010-9081-8147,dummy08147@jnu.ac.kr,6,4
108148,더미학생08148,1,010-9081-8148,dummy08148@jnu.ac.kr,1,5
108149,더미학생08149,2,010-9081-8149,dummy08149@jnu.ac.kr,2,6
108150,더미학생08150,3,010-9081-8150,dummy08150@jnu.ac.kr,3,7
108151,더미학생08151,4,010-9081-8151,dummy08151@jnu.ac.kr,4,8
108152,더미학생08152,1,010-9081-8152,dummy08152@jnu.ac.kr,5,1
108153,더미학생08153,2,010-9081-8153,dummy08153@jnu.ac.kr,6,2
108154,더미학생08154,3,010-9081-8154,dummy08154@jnu.ac.kr,1,3
108155,더미학생08155,4,010-9081-8155,dummy08155@jnu.ac.kr,2,4
108156,더미학생08156,1,010-9081-8156,dummy08156@jnu.ac.kr,3,5
108157,더미학생08157,2,010-9081-8157,dummy08157@jnu.ac.kr,4,6
108158,더미학생08158,3,010-9081-8158,dummy08158@jnu.ac.kr,5,7
108159,더미학생08159,4,010-9081-8159,dummy08159@jnu.ac.kr,6,8
108160,더미학생08160,1,010-9081-8160,dummy08160@jnu.ac.kr,1,1
108161,더미학생08161,2,010-9081-8161,dummy08161@jnu.ac.kr,2,2
108162,더미학생08162,3,010-9081-8162,dummy08162@jnu.ac.kr,3,3
108163,더미학생08163,4,010-9081-8163,dummy08163@jnu.ac.kr,4,4
108164,더미학생08164,1,010-9081-8164,dummy08164@jnu.ac.kr,5,5
108165,더미학생08165,2,010-9081-8165,dummy08165@jnu.ac.kr,6,6
108166,더미학생08166,3,010-9081-8166,dummy08166@jnu.ac.kr,1,7
108167,더미학생08167,4,010-9081-8167,dummy08167@jnu.ac.kr,2,8
108168,더미학생08168,1,010-9081-8168,dummy08168@jnu.ac.kr,3,1
108169,더미학생08169,2,010-9081-8169,dummy08169@jnu.ac.kr,4,2
108170,더미학생08170,3,010-9081-8170,dummy08170@jnu.ac.kr,5,3
108171,더미학생08171,4,010-9081-8171,dummy08171@jnu.ac.kr,6,4
108172,더미학생08172,1,010-9081-8172,dummy08172@jnu.ac.kr,1,5
108173,더미학생08173,2,010-9081-8173,dummy08173@jnu.ac.kr,2,6
108174,더미학생08174,3,010-9081-8174,dummy08174@jnu.ac.kr,3,7
108175,더미학생08175,4,010-9081-8175,dummy08175@jnu.ac.kr,4,8
108176,더미학생08176,1,010-9081-8176,dummy08176@jnu.ac.kr,5,1
108177,더미학생08177,2,010-9081-8177,dummy08177@jnu.ac.kr,6,2
108178,더미학생08178,3,010-9081-8178,dummy08178@jnu.ac.kr,1,3
108179,더미학생08179,4,010-9081-8179,dummy08179@jnu.ac.kr,2,4
108180,더미학생08180,1,010-9081-8180,dummy08180@jnu.ac.kr,3,5
108181,더미학생08181,2,010-9081-8181,dummy08181@jnu.ac.kr,4,6
108182,더미학생08182,3,010-9081-8182,dummy08182@jnu.ac.kr,5,7
108183,더미학생08183,4,010-9081-8183,dummy08183@jnu.ac.kr,6,8
108184,더미학생08184,1,010-9081-8184,dummy08184@jnu.ac.kr,1,1
108185,더미학생08185,2,010-9081-8185,dummy08185@jnu.ac.kr,2,2
108186,더미학생08186,3,010-9081-8186,dummy08186@jnu.ac.kr,3,3
108187,더미학생08187,4,010-9081-8187,dummy08187@jnu.ac.kr,4,4
108188,더미학생08188,1,010-9081-8188,dummy08188@jnu.ac.kr,5,5
108189,더미학생08189,2,010-9081-8189,dummy08189@jnu.ac.kr,6,6
108190,더미학생08190,3,010-9081-8190,dummy08190@jnu.ac.kr,1,7
108191,더미학생08191,4,010-9081-8191,dummy08191@jnu.ac.kr,2,8
108192,더미학생08192,1,010-9081-8192,dummy08192@jnu.ac.kr,3,1
108193,더미학생08193,2,010-9081-8193,dummy08193@jnu.ac.kr,4,2
108194,더미학생08194,3,010-9081-8194,dummy08194@jnu.ac.kr,5,3
108195,더미학생08195,4,010-9081-8195,dummy08195@jnu.ac.kr,6,4
108196,더미학생08196,1,010-9081-8196,dummy08196@jnu.ac.kr,1,5
108197,더미학생08197,2,010-9081-8197,dummy08197@jnu.ac.kr,2,6
108198,더미학생08198,3,010-9081-8198,dummy08198@jnu.ac.kr,3,7
108199,더미학생08199,4,010-9081-8199,dummy08199@jnu.ac.kr,4,8
108200,더미학생08200,1,010-9082-8200,dummy08200@jnu.ac.kr,5,1
108201,더미학생08201,2,010-9082-8201,dummy08201@jnu.ac.kr,6,2
108202,더미학생08202,3,010-9082-8202,dummy08202@jnu.ac.kr,1,3
108203,더미학생08203,4,010-9082-8203,dummy08203@jnu.ac.kr,2,4
108204,더미학생08204,1,010-9082-8204,dummy08204@jnu.ac.kr,3,5
108205,더미학생08205,2,010-9082-8205,dummy08205@jnu.ac.kr,4,6
108206,더미학생08206,3,010-9082-8206,dummy08206@jnu.ac.kr,5,7
108207,더미학생08207,4,010-9082-8207,dummy08207@jnu.ac.kr,6,8
108208,더미학생08208,1,010-9082-8208,dummy08208@jnu.ac.kr,1,1
108209,더미학생08209,2,010-9082-8209,dummy08209@jnu.ac.kr,2,2
108210,더미학생08210,3,010-9082-8210,dummy08210@jnu.ac.kr,3,3
108211,더미학생08211,4,010-9082-8211,dummy08211@jnu.ac.kr,4,4
108212,더미학생08212,1,010-9082-8212,dummy08212@jnu.ac.kr,5,5
108213,더미학생08213,2,010-9082-8213,dummy08213@jnu.ac.kr,6,6
108214,더미학생08214,3,010-9082-8214,dummy08214@jnu.ac.kr,1,7
108215,더미학생08215,4,010-9082-8215,dummy08215@jnu.ac.kr,2,8
108216,더미학생08216,1,010-9082-8216,dummy08216@jnu.ac.kr,3,1
108217,더미학생08217,2,010-9082-8217,dummy08217@jnu.ac.kr,4,2
108218,더미학생08218,3,010-9082-8218,dummy08218@jnu.ac.kr,5,3
108219,더미학생08219,4,010-9082-8219,dummy08219@jnu.ac.kr,6,4
108220,더미학생08220,1,010-9082-8220,dummy08220@jnu.ac.kr,1,5
108221,더미학생08221,2,010-9082-8221,dummy08221@jnu.ac.kr,2,6
108222,더미학생08222,3,010-9082-8222,dummy08222@jnu.ac.kr,3,7
108223,더미학생08223,4,010-9082-8223,dummy08223@jnu.ac.kr,4,8
108224,더미학생08224,1,010-9082-8224,dummy08224@jnu.ac.kr,5,1
108225,더미학생08225,2,010-9082-8225,dummy08225@jnu.ac.kr,6,2
108226,더미학생08226,3,010-9082-8226,dummy08226@jnu.ac.kr,1,3
108227,더미학생08227,4,010-9082-8227,dummy08227@jnu.ac.kr,2,4
108228,더미학생08228,1,010-9082-8228,dummy08228@jnu.ac.kr,3,5
108229,더미학생08229,2,010-9082-8229,dummy08229@jnu.ac.kr,4,6
108230,더미학생08230,3,010-9082-8230,dummy08230@jnu.ac.kr,5,7
108231,더미학생08231,4,010-9082-8231,dummy08231@jnu.ac.kr,6,8
108232,더미학생08232,1,010-9082-8232,dummy08232@jnu.ac.kr,1,1
108233,더미학생08233,2,010-9082-8233,dummy08233@jnu.ac.kr,2,2
108234,더미학생08234,3,010-9082-8234,dummy08234@jnu.ac.kr,3,3
108235,더미학생08235,4,010-9082-8235,dummy08235@jnu.ac.kr,4,4
108236,더미학생08236,1,010-9082-8236,dummy08236@jnu.ac.kr,5,5
108237,더미학생08237,2,010-9082-8237,dummy08237@jnu.ac.kr,6,6
108238,더미학생08238,3,010-9082-8238,dummy08238@jnu.ac.kr,1,7
108239,더미학생08239,4,010-9082-8239,dummy08239@jnu.ac.kr,2,8
108240,더미학생08240,1,010-9082-8240,dummy08240@jnu.ac.kr,3,1
108241,더미학생08241,2,010-9082-8241,dummy08241@jnu.ac.kr,4,2
108242,더미학생08242,3,010-9082-8242,dummy08242@jnu.ac.kr,5,3
108243,더미학생08243,4,010-9082-8243,dummy08243@jnu.ac.kr,6,4
108244,더미학생08244,1,010-9082-8244,dummy08244@jnu.ac.kr,1,5
108245,더미학생08245,2,010-9082-8245,dummy08245@jnu.ac.kr,2,6
108246,더미학생08246,3,010-9082-8246,dummy08246@jnu.ac.kr,3,7
108247,더미학생08247,4,010-9082-8247,dummy08247@jnu.ac.kr,4,8
108248,더미학생08248,1,010-9082-8248,dummy08248@jnu.ac.kr,5,1
108249,더미학생08249,2,010-9082-8249,dummy08249@jnu.ac.kr,6,2
108250,더미학생08250,3,010-9082-8250,dummy08250@jnu.ac.kr,1,3
108251,더미학생08251,4,010-9082-8251,dummy08251@jnu.ac.kr,2,4
108252,더미학생08252,1,010-9082-8252,dummy08252@jnu.ac.kr,3,5
108253,더미학생08253,2,010-9082-8253,dummy08253@jnu.ac.kr,4,6
108254,더미학생08254,3,010-9082-8254,dummy08254@jnu.ac.kr,5,7
108255,더미학생08255,4,010-9082-8255,dummy08255@jnu.ac.kr,6,8
108256,더미학생08256,1,010-9082-8256,dummy08256@jnu.ac.kr,1,1
108257,더미학생08257,2,010-9082-8257,dummy08257@jnu.ac.kr,2,2
108258,더미학생08258,3,010-9082-8258,dummy08258@jnu.ac.kr,3,3
108259,더미학생08259,4,010-9082-8259,dummy08259@jnu.ac.kr,4,4
108260,더미학생08260,1,010-9082-8260,dummy08260@jnu.ac.kr,5,5
108261,더미학생08261,2,010-9082-8261,dummy08261@jnu.ac.kr,6,6
108262,더미학생08262,3,010-9082-8262,dummy08262@jnu.ac.kr,1,7
108263,더미학생08263,4,010-9082-8263,dummy08263@jnu.ac.kr,2,8
108264,더미학생08264,1,010-9082-8264,dummy08264@jnu.ac.kr,3,1
108265,더미학생08265,2,010-9082-8265,dummy08265@jnu.ac.kr,4,2
108266,더미학생08266,3,010-9082-8266,dummy08266@jnu.ac.kr,5,3
108267,더미학생08267,4,010-9082-8267,dummy08267@jnu.ac.kr,6,4
108268,더미학생08268,1,010-9082-8268,dummy08268@jnu.ac.kr,1,5
108269,더미학생08269,2,010-9082-8269,dummy08269@jnu.ac.kr,2,6
108270,더미학생08270,3,010-9082-8270,dummy08270@jnu.ac.kr,3,7
108271,더미학생08271,4,010-9082-8271,dummy08271@jnu.ac.kr,4,8
108272,더미학생08272,1,010-9082-8272,dummy08272@jnu.ac.kr,5,1
108273,더미학생08273,2,010-9082-8273,dummy08273@jnu.ac.kr,6,2
108274,더미학생08274,3,010-9082-8274,dummy08274@jnu.ac.kr,1,3
108275,더미학생08275,4,010-9082-8275,dummy08275@jnu.ac.kr,2,4
108276,더미학생08276,1,010-9082-8276,dummy08276@jnu.ac.kr,3,5
108277,더미학생08277,2,010-9082-8277,dummy08277@jnu.ac.kr,4,6
108278,더미학생08278,3,010-9082-8278,dummy08278@jnu.ac.kr,5,7
108279,더미학생08279,4,010-9082-8279,dummy08279@jnu.ac.kr,6,8
108280,더미학생08280,1,010-9082-8280,dummy08280@jnu.ac.kr,1,1
108281,더미학생08281,2,010-9082-8281,dummy08281@jnu.ac.kr,2,2
108282,더미학생08282,3,010-9082-8282,dummy08282@jnu.ac.kr,3,3
108283,더미학생08283,4,010-9082-8283,dummy08283@jnu.ac.kr,4,4
108284,더미학생08284,1,010-9082-8284,dummy08284@jnu.ac.kr,5,5
108285,더미학생08285,2,010-9082-8285,dummy08285@jnu.ac.kr,6,6
108286,더미학생08286,3,010-9082-8286,dummy08286@jnu.ac.kr,1,7
108287,더미학생08287,4,010-9082-8287,dummy08287@jnu.ac.kr,2,8
108288,더미학생08288,1,010-9082-8288,dummy08288@jnu.ac.kr,3,1
108289,더미학생08289,2,010-9082-8289,dummy08289@jnu.ac.kr,4,2
108290,더미학생08290,3,010-9082-8290,dummy08290@jnu.ac.kr,5,3
108291,더미학생08291,4,010-9082-8291,dummy08291@jnu.ac.kr,6,4
108292,더미학생08292,1,010-9082-8292,dummy08292@jnu.ac.kr,1,5
108293,더미학생08293,2,010-9082-8293,dummy08293@jnu.ac.kr,2,6
108294,더미학생08294,3,010-9082-8294,dummy08294@jnu.ac.kr,3,7
108295,더미학생08295,4,010-9082-8295,dummy08295@jnu.ac.kr,4,8
108296,더미학생08296,1,010-9082-8296,dummy08296@jnu.ac.kr,5,1
108297,더미학생08297,2,010-9082-8297,dummy08297@jnu.ac.kr,6,2
108298,더미학생08298,3,010-9082-8298,dummy08298@jnu.ac.kr,1,3
108299,더미학생08299,4,010-9082-8299,dummy08299@jnu.ac.kr,2,4
108300,더미학생08300,1,010-9083-8300,dummy08300@jnu.ac.kr,3,5
108301,더미학생08301,2,010-9083-8301,dummy08301@jnu.ac.kr,4,6
108302,더미학생08302,3,010-9083-8302,dummy08302@jnu.ac.kr,5,7
108303,더미학생08303,4,010-9083-8303,dummy08303@jnu.ac.kr,6,8
108304,더미학생08304,1,010-9083-8304,dummy08304@jnu.ac.kr,1,1
108305,더미학생08305,2,010-9083-8305,dummy08305@jnu.ac.kr,2,2
108306,더미학생08306,3,010-9083-8306,dummy08306@jnu.ac.kr,3,3
108307,더미학생08307,4,010-9083-8307,dummy08307@jnu.ac.kr,4,4
108308,더미학생08308,1,010-9083-8308,dummy08308@jnu.ac.kr,5,5
108309,더미학생08309,2,010-9083-8309,dummy08309@jnu.ac.kr,6,6
108310,더미학생08310,3,010-9083-8310,dummy08310@jnu.ac.kr,1,7
108311,더미학생08311,4,010-9083-8311,dummy08311@jnu.ac.kr,2,8
108312,더미학생08312,1,010-9083-8312,dummy08312@jnu.ac.kr,3,1
108313,더미학생08313,2,010-9083-8313,dummy08313@jnu.ac.kr,4,2
108314,더미학생08314,3,010-9083-8314,dummy08314@jnu.ac.kr,5,3
108315,더미학생08315,4,010-9083-8315,dummy08315@jnu.ac.kr,6,4
108316,더미학생08316,1,010-9083-8316,dummy08316@jnu.ac.kr,1,5
108317,더미학생08317,2,010-9083-8317,dummy08317@jnu.ac.kr,2,6
108318,더미학생08318,3,010-9083-8318,dummy08318@jnu.ac.kr,3,7
108319,더미학생08319,4,010-9083-8319,dummy08319@jnu.ac.kr,4,8
108320,더미학생08320,1,010-9083-8320,dummy08320@jnu.ac.kr,5,1
108321,더미학생08321,2,010-9083-8321,dummy08321@jnu.ac.kr,6,2
108322,더미학생08322,3,010-9083-8322,dummy08322@jnu.ac.kr,1,3
108323,더미학생08323,4,010-9083-8323,dummy08323@jnu.ac.kr,2,4
108324,더미학생08324,1,010-9083-8324,dummy08324@jnu.ac.kr,3,5
108325,더미학생08325,2,010-9083-8325,dummy08325@jnu.ac.kr,4,6
108326,더미학생08326,3,010-9083-8326,dummy08326@jnu.ac.kr,5,7
108327,더미학생08327,4,010-9083-8327,dummy08327@jnu.ac.kr,6,8
108328,더미학생08328,1,010-9083-8328,dummy08328@jnu.ac.kr,1,1
108329,더미학생08329,2,010-9083-8329,dummy08329@jnu.ac.kr,2,2
108330,더미학생08330,3,010-9083-8330,dummy08330@jnu.ac.kr,3,3
108331,더미학생08331,4,010-9083-8331,dummy08331@jnu.ac.kr,4,4
108332,더미학생08332,1,010-9083-8332,dummy08332@jnu.ac.kr,5,5
108333,더미학생08333,2,010-9083-8333,dummy08333@jnu.ac.kr,6,6
108334,더미학생08334,3,010-9083-8334,dummy08334@jnu.ac.kr,1,7
108335,더미학생08335,4,010-9083-8335,dummy08335@jnu.ac.kr,2,8
108336,더미학생08336,1,010-9083-8336,dummy08336@jnu.ac.kr,3,1
108337,더미학생08337,2,010-9083-8337,dummy08337@jnu.ac.kr,4,2
108338,더미학생08338,3,010-9083-8338,dummy08338@jnu.ac.kr,5,3
108339,더미학생08339,4,010-9083-8339,dummy08339@jnu.ac.kr,6,4
108340,더미학생08340,1,010-9083-8340,dummy08340@jnu.ac.kr,1,5
108341,더미학생08341,2,010-9083-8341,dummy08341@jnu.ac.kr,2,6
108342,더미학생08342,3,010-9083-8342,dummy08342@jnu.ac.kr,3,7
108343,더미학생08343,4,010-9083-8343,dummy08343@jnu.ac.kr,4,8
108344,더미학생08344,1,010-9083-8344,dummy08344@jnu.ac.kr,5,1
108345,더미학생08345,2,010-9083-8345,dummy08345@jnu.ac.kr,6,2
108346,더미학생08346,3,010-9083-8346,dummy08346@jnu.ac.kr,1,3
108347,더미학생08347,4,010-9083-8347,dummy08347@jnu.ac.kr,2,4
108348,더미학생08348,1,010-9083-8348,dummy08348@jnu.ac.kr,3,5
108349,더미학생08349,2,010-9083-8349,dummy08349@jnu.ac.kr,4,6
108350,더미학생08350,3,010-9083-8350,dummy08350@jnu.ac.kr,5,7
108351,더미학생08351,4,010-9083-8351,dummy08351@jnu.ac.kr,6,8
108352,더미학생08352,1,010-9083-8352,dummy08352@jnu.ac.kr,1,1
108353,더미학생08353,2,010-9083-8353,dummy08353@jnu.ac.kr,2,2
108354,더미학생08354,3,010-9083-8354,dummy08354@jnu.ac.kr,3,3
108355,더미학생08355,4,010-9083-8355,dummy08355@jnu.ac.kr,4,4
108356,더미학생08356,1,010-9083-8356,dummy08356@jnu.ac.kr,5,5
108357,더미학생08357,2,010-9083-8357,dummy08357@jnu.ac.kr,6,6
108358,더미학생08358,3,010-9083-8358,dummy08358@jnu.ac.kr,1,7
108359,더미학생08359,4,010-9083-8359,dummy08359@jnu.ac.kr,2,8
108360,더미학생08360,1,010-9083-8360,dummy08360@jnu.ac.kr,3,1
108361,더미학생08361,2,010-9083-8361,dummy08361@jnu.ac.kr,4,2
108362,더미학생08362,3,010-9083-8362,dummy08362@jnu.ac.kr,5,3
108363,더미학생08363,4,010-9083-8363,dummy08363@jnu.ac.kr,6,4
108364,더미학생08364,1,010-9083-8364,dummy08364@jnu.ac.kr,1,5
108365,더미학생08365,2,010-9083-8365,dummy08365@jnu.ac.kr,2,6
108366,더미학생08366,3,010-9083-8366,dummy08366@jnu.ac.kr,3,7
108367,더미학생08367,4,010-9083-8367,dummy08367@jnu.ac.kr,4,8
108368,더미학생08368,1,010-9083-8368,dummy08368@jnu.ac.kr,5,1
108369,더미학생08369,2,010-9083-8369,dummy08369@jnu.ac.kr,6,2
108370,더미학생08370,3,010-9083-8370,dummy08370@jnu.ac.kr,1,3
108371,더미학생08371,4,010-9083-8371,dummy08371@jnu.ac.kr,2,4
108372,더미학생08372,1,010-9083-8372,dummy08372@jnu.ac.kr,3,5
108373,더미학생08373,2,010-9083-8373,dummy08373@jnu.ac.kr,4,6
108374,더미학생08374,3,010-9083-8374,dummy08374@jnu.ac.kr,5,7
108375,더미학생08375,4,010-9083-8375,dummy08375@jnu.ac.kr,6,8
108376,더미학생08376,1,010-9083-8376,dummy08376@jnu.ac.kr,1,1
108377,더미학생08377,2,010-9083-8377,dummy08377@jnu.ac.kr,2,2
108378,더미학생08378,3,010-9083-8378,dummy08378@jnu.ac.kr,3,3
108379,더미학생08379,4,010-9083-8379,dummy08379@jnu.ac.kr,4,4
108380,더미학생08380,1,010-9083-8380,dummy08380@jnu.ac.kr,5,5
108381,더미학생08381,2,010-9083-8381,dummy08381@jnu.ac.kr,6,6
108382,더미학생08382,3,010-9083-8382,dummy08382@jnu.ac.kr,1,7
108383,더미학생08383,4,010-9083-8383,dummy08383@jnu.ac.kr,2,8
108384,더미학생08384,1,010-9083-8384,dummy08384@jnu.ac.kr,3,1
108385,더미학생08385,2,010-9083-8385,dummy08385@jnu.ac.kr,4,2
108386,더미학생08386,3,010-9083-8386,dummy08386@jnu.ac.kr,5,3
108387,더미학생08387,4,010-9083-8387,dummy08387@jnu.ac.kr,6,4
108388,더미학생08388,1,010-9083-8388,dummy08388@jnu.ac.kr,1,5
108389,더미학생08389,2,010-9083-8389,dummy08389@jnu.ac.kr,2,6
108390,더미학생08390,3,010-9083-8390,dummy08390@jnu.ac.kr,3,7
108391,더미학생08391,4,010-9083-8391,dummy08391@jnu.ac.kr,4,8
108392,더미학생08392,1,010-9083-8392,dummy08392@jnu.ac.kr,5,1
108393,더미학생08393,2,010-9083-8393,dummy08393@jnu.ac.kr,6,2
108394,더미학생08394,3,010-9083-8394,dummy08394@jnu.ac.kr,1,3
108395,더미학생08395,4,010-9083-8395,dummy08395@jnu.ac.kr,2,4
108396,더미학생08396,1,010-9083-8396,dummy08396@jnu.ac.kr,3,5
108397,더미학생08397,2,010-9083-8397,dummy08397@jnu.ac.kr,4,6
108398,더미학생08398,3,010-9083-8398,dummy08398@jnu.ac.kr,5,7
108399,더미학생08399,4,010-9083-8399,dummy08399@jnu.ac.kr,6,8
108400,더미학생08400,1,010-9084-8400,dummy08400@jnu.ac.kr,1,1
108401,더미학생08401,2,010-9084-8401,dummy08401@jnu.ac.kr,2,2
108402,더미학생08402,3,010-9084-8402,dummy08402@jnu.ac.kr,3,3
108403,더미학생08403,4,010-9084-8403,dummy08403@jnu.ac.kr,4,4
108404,더미학생08404,1,010-9084-8404,dummy08404@jnu.ac.kr,5,5
108405,더미학생08405,2,010-9084-8405,dummy08405@jnu.ac.kr,6,6
108406,더미학생08406,3,010-9084-8406,dummy08406@jnu.ac.kr,1,7
108407,더미학생08407,4,010-9084-8407,dummy08407@jnu.ac.kr,2,8
108408,더미학생08408,1,010-9084-8408,dummy08408@jnu.ac.kr,3,1
108409,더미학생08409,2,010-9084-8409,dummy08409@jnu.ac.kr,4,2
108410,더미학생08410,3,010-9084-8410,dummy08410@jnu.ac.kr,5,3
108411,더미학생08411,4,010-9084-8411,dummy08411@jnu.ac.kr,6,4
108412,더미학생08412,1,010-9084-8412,dummy08412@jnu.ac.kr,1,5
108413,더미학생08413,2,010-9084-8413,dummy08413@jnu.ac.kr,2,6
108414,더미학생08414,3,010-9084-8414,dummy08414@jnu.ac.kr,3,7
108415,더미학생08415,4,010-9084-8415,dummy08415@jnu.ac.kr,4,8
108416,더미학생08416,1,010-9084-8416,dummy08416@jnu.ac.kr,5,1
108417,더미학생08417,2,010-9084-8417,dummy08417@jnu.ac.kr,6,2
108418,더미학생08418,3,010-9084-8418,dummy08418@jnu.ac.kr,1,3
108419,더미학생08419,4,010-9084-8419,dummy08419@jnu.ac.kr,2,4
108420,더미학생08420,1,010-9084-8420,dummy08420@jnu.ac.kr,3,5
108421,더미학생08421,2,010-9084-8421,dummy08421@jnu.ac.kr,4,6
108422,더미학생08422,3,010-9084-8422,dummy08422@jnu.ac.kr,5,7
108423,더미학생08423,4,010-9084-8423,dummy08423@jnu.ac.kr,6,8
108424,더미학생08424,1,010-9084-8424,dummy08424@jnu.ac.kr,1,1
108425,더미학생08425,2,010-9084-8425,dummy08425@jnu.ac.kr,2,2
108426,더미학생08426,3,010-9084-8426,dummy08426@jnu.ac.kr,3,3
108427,더미학생08427,4,010-9084-8427,dummy08427@jnu.ac.kr,4,4
108428,더미학생08428,1,010-9084-8428,dummy08428@jnu.ac.kr,5,5
108429,더미학생08429,2,010-9084-8429,dummy08429@jnu.ac.kr,6,6
108430,더미학생08430,3,010-9084-8430,dummy08430@jnu.ac.kr,1,7
108431,더미학생08431,4,010-9084-8431,dummy08431@jnu.ac.kr,2,8
108432,더미학생08432,1,010-9084-8432,dummy08432@jnu.ac.kr,3,1
108433,더미학생08433,2,010-9084-8433,dummy08433@jnu.ac.kr,4,2
108434,더미학생08434,3,010-9084-8434,dummy08434@jnu.ac.kr,5,3
108435,더미학생08435,4,010-9084-8435,dummy08435@jnu.ac.kr,6,4
108436,더미학생08436,1,010-9084-8436,dummy08436@jnu.ac.kr,1,5
108437,더미학생08437,2,010-9084-8437,dummy08437@jnu.ac.kr,2,6
108438,더미학생08438,3,010-9084-8438,dummy08438@jnu.ac.kr,3,7
108439,더미학생08439,4,010-9084-8439,dummy08439@jnu.ac.kr,4,8
108440,더미학생08440,1,010-9084-8440,dummy08440@jnu.ac.kr,5,1
108441,더미학생08441,2,010-9084-8441,dummy08441@jnu.ac.kr,6,2
108442,더미학생08442,3,010-9084-8442,dummy08442@jnu.ac.kr,1,3
108443,더미학생08443,4,010-9084-8443,dummy08443@jnu.ac.kr,2,4
108444,더미학생08444,1,010-9084-8444,dummy08444@jnu.ac.kr,3,5
108445,더미학생08445,2,010-9084-8445,dummy08445@jnu.ac.kr,4,6
108446,더미학생08446,3,010-9084-8446,dummy08446@jnu.ac.kr,5,7
108447,더미학생08447,4,010-9084-8447,dummy08447@jnu.ac.kr,6,8
108448,더미학생08448,1,010-9084-8448,dummy08448@jnu.ac.kr,1,1
108449,더미학생08449,2,010-9084-8449,dummy08449@jnu.ac.kr,2,2
108450,더미학생08450,3,010-9084-8450,dummy08450@jnu.ac.kr,3,3
108451,더미학생08451,4,010-9084-8451,dummy08451@jnu.ac.kr,4,4
108452,더미학생08452,1,010-9084-8452,dummy08452@jnu.ac.kr,5,5
108453,더미학생08453,2,010-9084-8453,dummy08453@jnu.ac.kr,6,6
108454,더미학생08454,3,010-9084-8454,dummy08454@jnu.ac.kr,1,7
108455,더미학생08455,4,010-9084-8455,dummy08455@jnu.ac.kr,2,8
108456,더미학생08456,1,010-9084-8456,dummy08456@jnu.ac.kr,3,1
108457,더미학생08457,2,010-9084-8457,dummy08457@jnu.ac.kr,4,2
108458,더미학생08458,3,010-9084-8458,dummy08458@jnu.ac.kr,5,3
108459,더미학생08459,4,010-9084-8459,dummy08459@jnu.ac.kr,6,4
108460,더미학생08460,1,010-9084-8460,dummy08460@jnu.ac.kr,1,5
108461,더미학생08461,2,010-9084-8461,dummy08461@jnu.ac.kr,2,6
108462,더미학생08462,3,010-9084-8462,dummy08462@jnu.ac.kr,3,7
108463,더미학생08463,4,010-9084-8463,dummy08463@jnu.ac.kr,4,8
108464,더미학생08464,1,010-9084-8464,dummy08464@jnu.ac.kr,5,1
108465,더미학생08465,2,010-9084-8465,dummy08465@jnu.ac.kr,6,2
108466,더미학생08466,3,010-9084-8466,dummy08466@jnu.ac.kr,1,3
108467,더미학생08467,4,010-9084-8467,dummy08467@jnu.ac.kr,2,4
108468,더미학생08468,1,010-9084-8468,dummy08468@jnu.ac.kr,3,5
108469,더미학생08469,2,010-9084-8469,dummy08469@jnu.ac.kr,4,6
108470,더미학생08470,3,010-9084-8470,dummy08470@jnu.ac.kr,5,7
108471,더미학생08471,4,010-9084-8471,dummy08471@jnu.ac.kr,6,8
108472,더미학생08472,1,010-9084-8472,dummy08472@jnu.ac.kr,1,1
108473,더미학생08473,2,010-9084-8473,dummy08473@jnu.ac.kr,2,2
108474,더미학생08474,3,010-9084-8474,dummy08474@jnu.ac.kr,3,3
108475,더미학생08475,4,010-9084-8475,dummy08475@jnu.ac.kr,4,4
108476,더미학생08476,1,010-9084-8476,dummy08476@jnu.ac.kr,5,5
108477,더미학생08477,2,010-9084-8477,dummy08477@jnu.ac.kr,6,6
108478,더미학생08478,3,010-9084-8478,dummy08478@jnu.ac.kr,1,7
108479,더미학생08479,4,010-9084-8479,dummy08479@jnu.ac.kr,2,8
108480,더미학생08480,1,010-9084-8480,dummy08480@jnu.ac.kr,3,1
108481,더미학생08481,2,010-9084-8481,dummy08481@jnu.ac.kr,4,2
108482,더미학생08482,3,010-9084-8482,dummy08482@jnu.ac.kr,5,3
108483,더미학생08483,4,010-9084-8483,dummy08483@jnu.ac.kr,6,4
108484,더미학생08484,1,010-9084-8484,dummy08484@jnu.ac.kr,1,5
108485,더미학생08485,2,010-9084-8485,dummy08485@jnu.ac.kr,2,6
108486,더미학생08486,3,010-9084-8486,dummy08486@jnu.ac.kr,3,7
108487,더미학생08487,4,010-9084-8487,dummy08487@jnu.ac.kr,4,8
108488,더미학생08488,1,010-9084-8488,dummy08488@jnu.ac.kr,5,1
108489,더미학생08489,2,010-9084-8489,dummy08489@jnu.ac.kr,6,2
108490,더미학생08490,3,010-9084-8490,dummy08490@jnu.ac.kr,1,3
108491,더미학생08491,4,010-9084-8491,dummy08491@jnu.ac.kr,2,4
108492,더미학생08492,1,010-9084-8492,dummy08492@jnu.ac.kr,3,5
108493,더미학생08493,2,010-9084-8493,dummy08493@jnu.ac.kr,4,6
108494,더미학생08494,3,010-9084-8494,dummy08494@jnu.ac.kr,5,7
108495,더미학생08495,4,010-9084-8495,dummy08495@jnu.ac.kr,6,8
108496,더미학생08496,1,010-9084-8496,dummy08496@jnu.ac.kr,1,1
108497,더미학생08497,2,010-9084-8497,dummy08497@jnu.ac.kr,2,2
108498,더미학생08498,3,010-9084-8498,dummy08498@jnu.ac.kr,3,3
108499,더미학생08499,4,010-9084-8499,dummy08499@jnu.ac.kr,4,4
108500,더미학생08500,1,010-9085-8500,dummy08500@jnu.ac.kr,5,5
108501,더미학생08501,2,010-9085-8501,dummy08501@jnu.ac.kr,6,6
108502,더미학생08502,3,010-9085-8502,dummy08502@jnu.ac.kr,1,7
108503,더미학생08503,4,010-9085-8503,dummy08503@jnu.ac.kr,2,8
108504,더미학생08504,1,010-9085-8504,dummy08504@jnu.ac.kr,3,1
108505,더미학생08505,2,010-9085-8505,dummy08505@jnu.ac.kr,4,2
108506,더미학생08506,3,010-9085-8506,dummy08506@jnu.ac.kr,5,3
108507,더미학생08507,4,010-9085-8507,dummy08507@jnu.ac.kr,6,4
108508,더미학생08508,1,010-9085-8508,dummy08508@jnu.ac.kr,1,5
108509,더미학생08509,2,010-9085-8509,dummy08509@jnu.ac.kr,2,6
108510,더미학생08510,3,010-9085-8510,dummy08510@jnu.ac.kr,3,7
108511,더미학생08511,4,010-9085-8511,dummy08511@jnu.ac.kr,4,8
108512,더미학생08512,1,010-9085-8512,dummy08512@jnu.ac.kr,5,1
108513,더미학생08513,2,010-9085-8513,dummy08513@jnu.ac.kr,6,2
108514,더미학생08514,3,010-9085-8514,dummy08514@jnu.ac.kr,1,3
108515,더미학생08515,4,010-9085-8515,dummy08515@jnu.ac.kr,2,4
108516,더미학생08516,1,010-9085-8516,dummy08516@jnu.ac.kr,3,5
108517,더미학생08517,2,010-9085-8517,dummy08517@jnu.ac.kr,4,6
108518,더미학생08518,3,010-9085-8518,dummy08518@jnu.ac.kr,5,7
108519,더미학생08519,4,010-9085-8519,dummy08519@jnu.ac.kr,6,8
108520,더미학생08520,1,010-9085-8520,dummy08520@jnu.ac.kr,1,1
108521,더미학생08521,2,010-9085-8521,dummy08521@jnu.ac.kr,2,2
108522,더미학생08522,3,010-9085-8522,dummy08522@jnu.ac.kr,3,3
108523,더미학생08523,4,010-9085-8523,dummy08523@jnu.ac.kr,4,4
108524,더미학생08524,1,010-9085-8524,dummy08524@jnu.ac.kr,5,5
108525,더미학생08525,2,010-9085-8525,dummy08525@jnu.ac.kr,6,6
108526,더미학생08526,3,010-9085-8526,dummy08526@jnu.ac.kr,1,7
108527,더미학생08527,4,010-9085-8527,dummy08527@jnu.ac.kr,2,8
108528,더미학생08528,1,010-9085-8528,dummy08528@jnu.ac.kr,3,1
108529,더미학생08529,2,010-9085-8529,dummy08529@jnu.ac.kr,4,2
108530,더미학생08530,3,010-9085-8530,dummy08530@jnu.ac.kr,5,3
108531,더미학생08531,4,010-9085-8531,dummy08531@jnu.ac.kr,6,4
108532,더미학생08532,1,010-9085-8532,dummy08532@jnu.ac.kr,1,5
108533,더미학생08533,2,010-9085-8533,dummy08533@jnu.ac.kr,2,6
108534,더미학생08534,3,010-9085-8534,dummy08534@jnu.ac.kr,3,7
108535,더미학생08535,4,010-9085-8535,dummy08535@jnu.ac.kr,4,8
108536,더미학생08536,1,010-9085-8536,dummy08536@jnu.ac.kr,5,1
108537,더미학생08537,2,010-9085-8537,dummy08537@jnu.ac.kr,6,2
108538,더미학생08538,3,010-9085-8538,dummy08538@jnu.ac.kr,1,3
108539,더미학생08539,4,010-9085-8539,dummy08539@jnu.ac.kr,2,4
108540,더미학생08540,1,010-9085-8540,dummy08540@jnu.ac.kr,3,5
108541,더미학생08541,2,010-9085-8541,dummy08541@jnu.ac.kr,4,6
108542,더미학생08542,3,010-9085-8542,dummy08542@jnu.ac.kr,5,7
108543,더미학생08543,4,010-9085-8543,dummy08543@jnu.ac.kr,6,8
108544,더미학생08544,1,010-9085-8544,dummy08544@jnu.ac.kr,1,1
108545,더미학생08545,2,010-9085-8545,dummy08545@jnu.ac.kr,2,2
108546,더미학생08546,3,010-9085-8546,dummy08546@jnu.ac.kr,3,3
108547,더미학생08547,4,010-9085-8547,dummy08547@jnu.ac.kr,4,4
108548,더미학생08548,1,010-9085-8548,dummy08548@jnu.ac.kr,5,5
108549,더미학생08549,2,010-9085-8549,dummy08549@jnu.ac.kr,6,6
108550,더미학생08550,3,010-9085-8550,dummy08550@jnu.ac.kr,1,7
108551,더미학생08551,4,010-9085-8551,dummy08551@jnu.ac.kr,2,8
108552,더미학생08552,1,010-9085-8552,dummy08552@jnu.ac.kr,3,1
108553,더미학생08553,2,010-9085-8553,dummy08553@jnu.ac.kr,4,2
108554,더미학생08554,3,010-9085-8554,dummy08554@jnu.ac.kr,5,3
108555,더미학생08555,4,010-9085-8555,dummy08555@jnu.ac.kr,6,4
108556,더미학생08556,1,010-9085-8556,dummy08556@jnu.ac.kr,1,5
108557,더미학생08557,2,010-9085-8557,dummy08557@jnu.ac.kr,2,6
108558,더미학생08558,3,010-9085-8558,dummy08558@jnu.ac.kr,3,7
108559,더미학생08559,4,010-9085-8559,dummy08559@jnu.ac.kr,4,8
108560,더미학생08560,1,010-9085-8560,dummy08560@jnu.ac.kr,5,1
108561,더미학생08561,2,010-9085-8561,dummy08561@jnu.ac.kr,6,2
108562,더미학생08562,3,010-9085-8562,dummy08562@jnu.ac.kr,1,3
108563,더미학생08563,4,010-9085-8563,dummy08563@jnu.ac.kr,2,4
108564,더미학생08564,1,010-9085-8564,dummy08564@jnu.ac.kr,3,5
108565,더미학생08565,2,010-9085-8565,dummy08565@jnu.ac.kr,4,6
108566,더미학생08566,3,010-9085-8566,dummy08566@jnu.ac.kr,5,7
108567,더미학생08567,4,010-9085-8567,dummy08567@jnu.ac.kr,6,8
108568,더미학생08568,1,010-9085-8568,dummy08568@jnu.ac.kr,1,1
108569,더미학생08569,2,010-9085-8569,dummy08569@jnu.ac.kr,2,2
108570,더미학생08570,3,010-9085-8570,dummy08570@jnu.ac.kr,3,3
108571,더미학생08571,4,010-9085-8571,dummy08571@jnu.ac.kr,4,4
108572,더미학생08572,1,010-9085-8572,dummy08572@jnu.ac.kr,5,5
108573,더미학생08573,2,010-9085-8573,dummy08573@jnu.ac.kr,6,6
108574,더미학생08574,3,010-9085-8574,dummy08574@jnu.ac.kr,1,7
108575,더미학생08575,4,010-9085-8575,dummy08575@jnu.ac.kr,2,8
108576,더미학생08576,1,010-9085-8576,dummy08576@jnu.ac.kr,3,1
108577,더미학생08577,2,010-9085-8577,dummy08577@jnu.ac.kr,4,2
108578,더미학생08578,3,010-9085-8578,dummy08578@jnu.ac.kr,5,3
108579,더미학생08579,4,010-9085-8579,dummy08579@jnu.ac.kr,6,4
108580,더미학생08580,1,010-9085-8580,dummy08580@jnu.ac.kr,1,5
108581,더미학생08581,2,010-9085-8581,dummy08581@jnu.ac.kr,2,6
108582,더미학생08582,3,010-9085-8582,dummy08582@jnu.ac.kr,3,7
108583,더미학생08583,4,010-9085-8583,dummy08583@jnu.ac.kr,4,8
108584,더미학생08584,1,010-9085-8584,dummy08584@jnu.ac.kr,5,1
108585,더미학생08585,2,010-9085-8585,dummy08585@jnu.ac.kr,6,2
108586,더미학생08586,3,010-9085-8586,dummy08586@jnu.ac.kr,1,3
108587,더미학생08587,4,010-9085-8587,dummy08587@jnu.ac.kr,2,4
108588,더미학생08588,1,010-9085-8588,dummy08588@jnu.ac.kr,3,5
108589,더미학생08589,2,010-9085-8589,dummy08589@jnu.ac.kr,4,6
108590,더미학생08590,3,010-9085-8590,dummy08590@jnu.ac.kr,5,7
108591,더미학생08591,4,010-9085-8591,dummy08591@jnu.ac.kr,6,8
108592,더미학생08592,1,010-9085-8592,dummy08592@jnu.ac.kr,1,1
108593,더미학생08593,2,010-9085-8593,dummy08593@jnu.ac.kr,2,2
108594,더미학생08594,3,010-9085-8594,dummy08594@jnu.ac.kr,3,3
108595,더미학생08595,4,010-9085-8595,dummy08595@jnu.ac.kr,4,4
108596,더미학생08596,1,010-9085-8596,dummy08596@jnu.ac.kr,5,5
108597,더미학생08597,2,010-9085-8597,dummy08597@jnu.ac.kr,6,6
108598,더미학생08598,3,010-9085-8598,dummy08598@jnu.ac.kr,1,7
108599,더미학생08599,4,010-9085-8599,dummy08599@jnu.ac.kr,2,8
108600,더미학생08600,1,010-9086-8600,dummy08600@jnu.ac.kr,3,1
108601,더미학생08601,2,010-9086-8601,dummy08601@jnu.ac.kr,4,2
108602,더미학생08602,3,010-9086-8602,dummy08602@jnu.ac.kr,5,3
108603,더미학생08603,4,010-9086-8603,dummy08603@jnu.ac.kr,6,4
108604,더미학생08604,1,010-9086-8604,dummy08604@jnu.ac.kr,1,5
108605,더미학생08605,2,010-9086-8605,dummy08605@jnu.ac.kr,2,6
108606,더미학생08606,3,010-9086-8606,dummy08606@jnu.ac.kr,3,7
108607,더미학생08607,4,010-9086-8607,dummy08607@jnu.ac.kr,4,8
108608,더미학생08608,1,010-9086-8608,dummy08608@jnu.ac.kr,5,1
108609,더미학생08609,2,010-9086-8609,dummy08609@jnu.ac.kr,6,2
108610,더미학생08610,3,010-9086-8610,dummy08610@jnu.ac.kr,1,3
108611,더미학생08611,4,010-9086-8611,dummy08611@jnu.ac.kr,2,4
108612,더미학생08612,1,010-9086-8612,dummy08612@jnu.ac.kr,3,5
108613,더미학생08613,2,010-9086-8613,dummy08613@jnu.ac.kr,4,6
108614,더미학생08614,3,010-9086-8614,dummy08614@jnu.ac.kr,5,7
108615,더미학생08615,4,010-9086-8615,dummy08615@jnu.ac.kr,6,8
108616,더미학생08616,1,010-9086-8616,dummy08616@jnu.ac.kr,1,1
108617,더미학생08617,2,010-9086-8617,dummy08617@jnu.ac.kr,2,2
108618,더미학생08618,3,010-9086-8618,dummy08618@jnu.ac.kr,3,3
108619,더미학생08619,4,010-9086-8619,dummy08619@jnu.ac.kr,4,4
108620,더미학생08620,1,010-9086-8620,dummy08620@jnu.ac.kr,5,5
108621,더미학생08621,2,010-9086-8621,dummy08621@jnu.ac.kr,6,6
108622,더미학생08622,3,010-9086-8622,dummy08622@jnu.ac.kr,1,7
108623,더미학생08623,4,010-9086-8623,dummy08623@jnu.ac.kr,2,8
108624,더미학생08624,1,010-9086-8624,dummy08624@jnu.ac.kr,3,1
108625,더미학생08625,2,010-9086-8625,dummy08625@jnu.ac.kr,4,2
108626,더미학생08626,3,010-9086-8626,dummy08626@jnu.ac.kr,5,3
108627,더미학생08627,4,010-9086-8627,dummy08627@jnu.ac.kr,6,4
108628,더미학생08628,1,010-9086-8628,dummy08628@jnu.ac.kr,1,5
108629,더미학생08629,2,010-9086-8629,dummy08629@jnu.ac.kr,2,6
108630,더미학생08630,3,010-9086-8630,dummy08630@jnu.ac.kr,3,7
108631,더미학생08631,4,010-9086-8631,dummy08631@jnu.ac.kr,4,8
108632,더미학생08632,1,010-9086-8632,dummy08632@jnu.ac.kr,5,1
108633,더미학생08633,2,010-9086-8633,dummy08633@jnu.ac.kr,6,2
108634,더미학생08634,3,010-9086-8634,dummy08634@jnu.ac.kr,1,3
108635,더미학생08635,4,010-9086-8635,dummy08635@jnu.ac.kr,2,4
108636,더미학생08636,1,010-9086-8636,dummy08636@jnu.ac.kr,3,5
108637,더미학생08637,2,010-9086-8637,dummy08637@jnu.ac.kr,4,6
108638,더미학생08638,3,010-9086-8638,dummy08638@jnu.ac.kr,5,7
108639,더미학생08639,4,010-9086-8639,dummy08639@jnu.ac.kr,6,8
108640,더미학생08640,1,010-9086-8640,dummy08640@jnu.ac.kr,1,1
108641,더미학생08641,2,010-9086-8641,dummy08641@jnu.ac.kr,2,2
108642,더미학생08642,3,010-9086-8642,dummy08642@jnu.ac.kr,3,3
108643,더미학생08643,4,010-9086-8643,dummy08643@jnu.ac.kr,4,4
108644,더미학생08644,1,010-9086-8644,dummy08644@jnu.ac.kr,5,5
108645,더미학생08645,2,010-9086-8645,dummy08645@jnu.ac.kr,6,6
108646,더미학생08646,3,010-9086-8646,dummy08646@jnu.ac.kr,1,7
108647,더미학생08647,4,010-9086-8647,dummy08647@jnu.ac.kr,2,8
108648,더미학생08648,1,010-9086-8648,dummy08648@jnu.ac.kr,3,1
108649,더미학생08649,2,010-9086-8649,dummy08649@jnu.ac.kr,4,2
108650,더미학생08650,3,010-9086-8650,dummy08650@jnu.ac.kr,5,3
108651,더미학생08651,4,010-9086-8651,dummy08651@jnu.ac.kr,6,4
108652,더미학생08652,1,010-9086-8652,dummy08652@jnu.ac.kr,1,5
108653,더미학생08653,2,010-9086-8653,dummy08653@jnu.ac.kr,2,6
108654,더미학생08654,3,010-9086-8654,dummy08654@jnu.ac.kr,3,7
108655,더미학생08655,4,010-9086-8655,dummy08655@jnu.ac.kr,4,8
108656,더미학생08656,1,010-9086-8656,dummy08656@jnu.ac.kr,5,1
108657,더미학생08657,2,010-9086-8657,dummy08657@jnu.ac.kr,6,2
108658,더미학생08658,3,010-9086-8658,dummy08658@jnu.ac.kr,1,3
108659,더미학생08659,4,010-9086-8659,dummy08659@jnu.ac.kr,2,4
108660,더미학생08660,1,010-9086-8660,dummy08660@jnu.ac.kr,3,5
108661,더미학생08661,2,010-9086-8661,dummy08661@jnu.ac.kr,4,6
108662,더미학생08662,3,010-9086-8662,dummy08662@jnu.ac.kr,5,7
108663,더미학생08663,4,010-9086-8663,dummy08663@jnu.ac.kr,6,8
108664,더미학생08664,1,010-9086-8664,dummy08664@jnu.ac.kr,1,1
108665,더미학생08665,2,010-9086-8665,dummy08665@jnu.ac.kr,2,2
108666,더미학생08666,3,010-9086-8666,dummy08666@jnu.ac.kr,3,3
108667,더미학생08667,4,010-9086-8667,dummy08667@jnu.ac.kr,4,4
108668,더미학생08668,1,010-9086-8668,dummy08668@jnu.ac.kr,5,5
108669,더미학생08669,2,010-9086-8669,dummy08669@jnu.ac.kr,6,6
108670,더미학생08670,3,010-9086-8670,dummy08670@jnu.ac.kr,1,7
108671,더미학생08671,4,010-9086-8671,dummy08671@jnu.ac.kr,2,8
108672,더미학생08672,1,010-9086-8672,dummy08672@jnu.ac.kr,3,1
108673,더미학생08673,2,010-9086-8673,dummy08673@jnu.ac.kr,4,2
108674,더미학생08674,3,010-9086-8674,dummy08674@jnu.ac.kr,5,3
108675,더미학생08675,4,010-9086-8675,dummy08675@jnu.ac.kr,6,4
108676,더미학생08676,1,010-9086-8676,dummy08676@jnu.ac.kr,1,5
108677,더미학생08677,2,010-9086-8677,dummy08677@jnu.ac.kr,2,6
108678,더미학생08678,3,010-9086-8678,dummy08678@jnu.ac.kr,3,7
108679,더미학생08679,4,010-9086-8679,dummy08679@jnu.ac.kr,4,8
108680,더미학생08680,1,010-9086-8680,dummy08680@jnu.ac.kr,5,1
108681,더미학생08681,2,010-9086-8681,dummy08681@jnu.ac.kr,6,2
108682,더미학생08682,3,010-9086-8682,dummy08682@jnu.ac.kr,1,3
108683,더미학생08683,4,010-9086-8683,dummy08683@jnu.ac.kr,2,4
108684,더미학생08684,1,010-9086-8684,dummy08684@jnu.ac.kr,3,5
108685,더미학생08685,2,010-9086-8685,dummy08685@jnu.ac.kr,4,6
108686,더미학생08686,3,010-9086-8686,dummy08686@jnu.ac.kr,5,7
108687,더미학생08687,4,010-9086-8687,dummy08687@jnu.ac.kr,6,8
108688,더미학생08688,1,010-9086-8688,dummy08688@jnu.ac.kr,1,1
108689,더미학생08689,2,010-9086-8689,dummy08689@jnu.ac.kr,2,2
108690,더미학생08690,3,010-9086-8690,dummy08690@jnu.ac.kr,3,3
108691,더미학생08691,4,010-9086-8691,dummy08691@jnu.ac.kr,4,4
108692,더미학생08692,1,010-9086-8692,dummy08692@jnu.ac.kr,5,5
108693,더미학생08693,2,010-9086-8693,dummy08693@jnu.ac.kr,6,6
108694,더미학생08694,3,010-9086-8694,dummy08694@jnu.ac.kr,1,7
108695,더미학생08695,4,010-9086-8695,dummy08695@jnu.ac.kr,2,8
108696,더미학생08696,1,010-9086-8696,dummy08696@jnu.ac.kr,3,1
108697,더미학생08697,2,010-9086-8697,dummy08697@jnu.ac.kr,4,2
108698,더미학생08698,3,010-9086-8698,dummy08698@jnu.ac.kr,5,3
108699,더미학생08699,4,010-9086-8699,dummy08699@jnu.ac.kr,6,4
108700,더미학생08700,1,010-9087-8700,dummy08700@jnu.ac.kr,1,5
108701,더미학생08701,2,010-9087-8701,dummy08701@jnu.ac.kr,2,6
108702,더미학생08702,3,010-9087-8702,dummy08702@jnu.ac.kr,3,7
108703,더미학생08703,4,010-9087-8703,dummy08703@jnu.ac.kr,4,8
108704,더미학생08704,1,010-9087-8704,dummy08704@jnu.ac.kr,5,1
108705,더미학생08705,2,010-9087-8705,dummy08705@jnu.ac.kr,6,2
108706,더미학생08706,3,010-9087-8706,dummy08706@jnu.ac.kr,1,3
108707,더미학생08707,4,010-9087-8707,dummy08707@jnu.ac.kr,2,4
108708,더미학생08708,1,010-9087-8708,dummy08708@jnu.ac.kr,3,5
108709,더미학생08709,2,010-9087-8709,dummy08709@jnu.ac.kr,4,6
108710,더미학생08710,3,010-9087-8710,dummy08710@jnu.ac.kr,5,7
108711,더미학생08711,4,010-9087-8711,dummy08711@jnu.ac.kr,6,8
108712,더미학생08712,1,010-9087-8712,dummy08712@jnu.ac.kr,1,1
108713,더미학생08713,2,010-9087-8713,dummy08713@jnu.ac.kr,2,2
108714,더미학생08714,3,010-9087-8714,dummy08714@jnu.ac.kr,3,3
108715,더미학생08715,4,010-9087-8715,dummy08715@jnu.ac.kr,4,4
108716,더미학생08716,1,010-9087-8716,dummy08716@jnu.ac.kr,5,5
108717,더미학생08717,2,010-9087-8717,dummy08717@jnu.ac.kr,6,6
108718,더미학생08718,3,010-9087-8718,dummy08718@jnu.ac.kr,1,7
108719,더미학생08719,4,010-9087-8719,dummy08719@jnu.ac.kr,2,8
108720,더미학생08720,1,010-9087-8720,dummy08720@jnu.ac.kr,3,1
108721,더미학생08721,2,010-9087-8721,dummy08721@jnu.ac.kr,4,2
108722,더미학생08722,3,010-9087-8722,dummy08722@jnu.ac.kr,5,3
108723,더미학생08723,4,010-9087-8723,dummy08723@jnu.ac.kr,6,4
108724,더미학생08724,1,010-9087-8724,dummy08724@jnu.ac.kr,1,5
108725,더미학생08725,2,010-9087-8725,dummy08725@jnu.ac.kr,2,6
108726,더미학생08726,3,010-9087-8726,dummy08726@jnu.ac.kr,3,7
108727,더미학생08727,4,010-9087-8727,dummy08727@jnu.ac.kr,4,8
108728,더미학생08728,1,010-9087-8728,dummy08728@jnu.ac.kr,5,1
108729,더미학생08729,2,010-9087-8729,dummy08729@jnu.ac.kr,6,2
108730,더미학생08730,3,010-9087-8730,dummy08730@jnu.ac.kr,1,3
108731,더미학생08731,4,010-9087-8731,dummy08731@jnu.ac.kr,2,4
108732,더미학생08732,1,010-9087-8732,dummy08732@jnu.ac.kr,3,5
108733,더미학생08733,2,010-9087-8733,dummy08733@jnu.ac.kr,4,6
108734,더미학생08734,3,010-9087-8734,dummy08734@jnu.ac.kr,5,7
108735,더미학생08735,4,010-9087-8735,dummy08735@jnu.ac.kr,6,8
108736,더미학생08736,1,010-9087-8736,dummy08736@jnu.ac.kr,1,1
108737,더미학생08737,2,010-9087-8737,dummy08737@jnu.ac.kr,2,2
108738,더미학생08738,3,010-9087-8738,dummy08738@jnu.ac.kr,3,3
108739,더미학생08739,4,010-9087-8739,dummy08739@jnu.ac.kr,4,4
108740,더미학생08740,1,010-9087-8740,dummy08740@jnu.ac.kr,5,5
108741,더미학생08741,2,010-9087-8741,dummy08741@jnu.ac.kr,6,6
108742,더미학생08742,3,010-9087-8742,dummy08742@jnu.ac.kr,1,7
108743,더미학생08743,4,010-9087-8743,dummy08743@jnu.ac.kr,2,8
108744,더미학생08744,1,010-9087-8744,dummy08744@jnu.ac.kr,3,1
108745,더미학생08745,2,010-9087-8745,dummy08745@jnu.ac.kr,4,2
108746,더미학생08746,3,010-9087-8746,dummy08746@jnu.ac.kr,5,3
108747,더미학생08747,4,010-9087-8747,dummy08747@jnu.ac.kr,6,4
108748,더미학생08748,1,010-9087-8748,dummy08748@jnu.ac.kr,1,5
108749,더미학생08749,2,010-9087-8749,dummy08749@jnu.ac.kr,2,6
108750,더미학생08750,3,010-9087-8750,dummy08750@jnu.ac.kr,3,7
108751,더미학생08751,4,010-9087-8751,dummy08751@jnu.ac.kr,4,8
108752,더미학생08752,1,010-9087-8752,dummy08752@jnu.ac.kr,5,1
108753,더미학생08753,2,010-9087-8753,dummy08753@jnu.ac.kr,6,2
108754,더미학생08754,3,010-9087-8754,dummy08754@jnu.ac.kr,1,3
108755,더미학생08755,4,010-9087-8755,dummy08755@jnu.ac.kr,2,4
108756,더미학생08756,1,010-9087-8756,dummy08756@jnu.ac.kr,3,5
108757,더미학생08757,2,010-9087-8757,dummy08757@jnu.ac.kr,4,6
108758,더미학생08758,3,010-9087-8758,dummy08758@jnu.ac.kr,5,7
108759,더미학생08759,4,010-9087-8759,dummy08759@jnu.ac.kr,6,8
108760,더미학생08760,1,010-9087-8760,dummy08760@jnu.ac.kr,1,1
108761,더미학생08761,2,010-9087-8761,dummy08761@jnu.ac.kr,2,2
108762,더미학생08762,3,010-9087-8762,dummy08762@jnu.ac.kr,3,3
108763,더미학생08763,4,010-9087-8763,dummy08763@jnu.ac.kr,4,4
108764,더미학생08764,1,010-9087-8764,dummy08764@jnu.ac.kr,5,5
108765,더미학생08765,2,010-9087-8765,dummy08765@jnu.ac.kr,6,6
108766,더미학생08766,3,010-9087-8766,dummy08766@jnu.ac.kr,1,7
108767,더미학생08767,4,010-9087-8767,dummy08767@jnu.ac.kr,2,8
108768,더미학생08768,1,010-9087-8768,dummy08768@jnu.ac.kr,3,1
108769,더미학생08769,2,010-9087-8769,dummy08769@jnu.ac.kr,4,2
108770,더미학생08770,3,010-9087-8770,dummy08770@jnu.ac.kr,5,3
108771,더미학생08771,4,010-9087-8771,dummy08771@jnu.ac.kr,6,4
108772,더미학생08772,1,010-9087-8772,dummy08772@jnu.ac.kr,1,5
108773,더미학생08773,2,010-9087-8773,dummy08773@jnu.ac.kr,2,6
108774,더미학생08774,3,010-9087-8774,dummy08774@jnu.ac.kr,3,7
108775,더미학생08775,4,010-9087-8775,dummy08775@jnu.ac.kr,4,8
108776,더미학생08776,1,010-9087-8776,dummy08776@jnu.ac.kr,5,1
108777,더미학생08777,2,010-9087-8777,dummy08777@jnu.ac.kr,6,2
108778,더미학생08778,3,010-9087-8778,dummy08778@jnu.ac.kr,1,3
108779,더미학생08779,4,010-9087-8779,dummy08779@jnu.ac.kr,2,4
108780,더미학생08780,1,010-9087-8780,dummy08780@jnu.ac.kr,3,5
108781,더미학생08781,2,010-9087-8781,dummy08781@jnu.ac.kr,4,6
108782,더미학생08782,3,010-9087-8782,dummy08782@jnu.ac.kr,5,7
108783,더미학생08783,4,010-9087-8783,dummy08783@jnu.ac.kr,6,8
108784,더미학생08784,1,010-9087-8784,dummy08784@jnu.ac.kr,1,1
108785,더미학생08785,2,010-9087-8785,dummy08785@jnu.ac.kr,2,2
108786,더미학생08786,3,010-9087-8786,dummy08786@jnu.ac.kr,3,3
108787,더미학생08787,4,010-9087-8787,dummy08787@jnu.ac.kr,4,4
108788,더미학생08788,1,010-9087-8788,dummy08788@jnu.ac.kr,5,5
108789,더미학생08789,2,010-9087-8789,dummy08789@jnu.ac.kr,6,6
108790,더미학생08790,3,010-9087-8790,dummy08790@jnu.ac.kr,1,7
108791,더미학생08791,4,010-9087-8791,dummy08791@jnu.ac.kr,2,8
108792,더미학생08792,1,010-9087-8792,dummy08792@jnu.ac.kr,3,1
108793,더미학생08793,2,010-9087-8793,dummy08793@jnu.ac.kr,4,2
108794,더미학생08794,3,010-9087-8794,dummy08794@jnu.ac.kr,5,3
108795,더미학생08795,4,010-9087-8795,dummy08795@jnu.ac.kr,6,4
108796,더미학생08796,1,010-9087-8796,dummy08796@jnu.ac.kr,1,5
108797,더미학생08797,2,010-9087-8797,dummy08797@jnu.ac.kr,2,6
108798,더미학생08798,3,010-9087-8798,dummy08798@jnu.ac.kr,3,7
108799,더미학생08799,4,010-9087-8799,dummy08799@jnu.ac.kr,4,8
108800,더미학생08800,1,010-9088-8800,dummy08800@jnu.ac.kr,5,1
108801,더미학생08801,2,010-9088-8801,dummy08801@jnu.ac.kr,6,2
108802,더미학생08802,3,010-9088-8802,dummy08802@jnu.ac.kr,1,3
108803,더미학생08803,4,010-9088-8803,dummy08803@jnu.ac.kr,2,4
108804,더미학생08804,1,010-9088-8804,dummy08804@jnu.ac.kr,3,5
108805,더미학생08805,2,010-9088-8805,dummy08805@jnu.ac.kr,4,6
108806,더미학생08806,3,010-9088-8806,dummy08806@jnu.ac.kr,5,7
108807,더미학생08807,4,010-9088-8807,dummy08807@jnu.ac.kr,6,8
108808,더미학생08808,1,010-9088-8808,dummy08808@jnu.ac.kr,1,1
108809,더미학생08809,2,010-9088-8809,dummy08809@jnu.ac.kr,2,2
108810,더미학생08810,3,010-9088-8810,dummy08810@jnu.ac.kr,3,3
108811,더미학생08811,4,010-9088-8811,dummy08811@jnu.ac.kr,4,4
108812,더미학생08812,1,010-9088-8812,dummy08812@jnu.ac.kr,5,5
108813,더미학생08813,2,010-9088-8813,dummy08813@jnu.ac.kr,6,6
108814,더미학생08814,3,010-9088-8814,dummy08814@jnu.ac.kr,1,7
108815,더미학생08815,4,010-9088-8815,dummy08815@jnu.ac.kr,2,8
108816,더미학생08816,1,010-9088-8816,dummy08816@jnu.ac.kr,3,1
108817,더미학생08817,2,010-9088-8817,dummy08817@jnu.ac.kr,4,2
108818,더미학생08818,3,010-9088-8818,dummy08818@jnu.ac.kr,5,3
108819,더미학생08819,4,010-9088-8819,dummy08819@jnu.ac.kr,6,4
108820,더미학생08820,1,010-9088-8820,dummy08820@jnu.ac.kr,1,5
108821,더미학생08821,2,010-9088-8821,dummy08821@jnu.ac.kr,2,6
108822,더미학생08822,3,010-9088-8822,dummy08822@jnu.ac.kr,3,7
108823,더미학생08823,4,010-9088-8823,dummy08823@jnu.ac.kr,4,8
108824,더미학생08824,1,010-9088-8824,dummy08824@jnu.ac.kr,5,1
108825,더미학생08825,2,010-9088-8825,dummy08825@jnu.ac.kr,6,2
108826,더미학생08826,3,010-9088-8826,dummy08826@jnu.ac.kr,1,3
108827,더미학생08827,4,010-9088-8827,dummy08827@jnu.ac.kr,2,4
108828,더미학생08828,1,010-9088-8828,dummy08828@jnu.ac.kr,3,5
108829,더미학생08829,2,010-9088-8829,dummy08829@jnu.ac.kr,4,6
108830,더미학생08830,3,010-9088-8830,dummy08830@jnu.ac.kr,5,7
108831,더미학생08831,4,010-9088-8831,dummy08831@jnu.ac.kr,6,8
108832,더미학생08832,1,010-9088-8832,dummy08832@jnu.ac.kr,1,1
108833,더미학생08833,2,010-9088-8833,dummy08833@jnu.ac.kr,2,2
108834,더미학생08834,3,010-9088-8834,dummy08834@jnu.ac.kr,3,3
108835,더미학생08835,4,010-9088-8835,dummy08835@jnu.ac.kr,4,4
108836,더미학생08836,1,010-9088-8836,dummy08836@jnu.ac.kr,5,5
108837,더미학생08837,2,010-9088-8837,dummy08837@jnu.ac.kr,6,6
108838,더미학생08838,3,010-9088-8838,dummy08838@jnu.ac.kr,1,7
108839,더미학생08839,4,010-9088-8839,dummy08839@jnu.ac.kr,2,8
108840,더미학생08840,1,010-9088-8840,dummy08840@jnu.ac.kr,3,1
108841,더미학생08841,2,010-9088-8841,dummy08841@jnu.ac.kr,4,2
108842,더미학생08842,3,010-9088-8842,dummy08842@jnu.ac.kr,5,3
108843,더미학생08843,4,010-9088-8843,dummy08843@jnu.ac.kr,6,4
108844,더미학생08844,1,010-9088-8844,dummy08844@jnu.ac.kr,1,5
108845,더미학생08845,2,010-9088-8845,dummy08845@jnu.ac.kr,2,6
108846,더미학생08846,3,010-9088-8846,dummy08846@jnu.ac.kr,3,7
108847,더미학생08847,4,010-9088-8847,dummy08847@jnu.ac.kr,4,8
108848,더미학생08848,1,010-9088-8848,dummy08848@jnu.ac.kr,5,1
108849,더미학생08849,2,010-9088-8849,dummy08849@jnu.ac.kr,6,2
108850,더미학생08850,3,010-9088-8850,dummy08850@jnu.ac.kr,1,3
108851,더미학생08851,4,010-9088-8851,dummy08851@jnu.ac.kr,2,4
108852,더미학생08852,1,010-9088-8852,dummy08852@jnu.ac.kr,3,5
108853,더미학생08853,2,010-9088-8853,dummy08853@jnu.ac.kr,4,6
108854,더미학생08854,3,010-9088-8854,dummy08854@jnu.ac.kr,5,7
108855,더미학생08855,4,010-9088-8855,dummy08855@jnu.ac.kr,6,8
108856,더미학생08856,1,010-9088-8856,dummy08856@jnu.ac.kr,1,1
108857,더미학생08857,2,010-9088-8857,dummy08857@jnu.ac.kr,2,2
108858,더미학생08858,3,010-9088-8858,dummy08858@jnu.ac.kr,3,3
108859,더미학생08859,4,010-9088-8859,dummy08859@jnu.ac.kr,4,4
108860,더미학생08860,1,010-9088-8860,dummy08860@jnu.ac.kr,5,5
108861,더미학생08861,2,010-9088-8861,dummy08861@jnu.ac.kr,6,6
108862,더미학생08862,3,010-9088-8862,dummy08862@jnu.ac.kr,1,7
108863,더미학생08863,4,010-9088-8863,dummy08863@jnu.ac.kr,2,8
108864,더미학생08864,1,010-9088-8864,dummy08864@jnu.ac.kr,3,1
108865,더미학생08865,2,010-9088-8865,dummy08865@jnu.ac.kr,4,2
108866,더미학생08866,3,010-9088-8866,dummy08866@jnu.ac.kr,5,3
108867,더미학생08867,4,010-9088-8867,dummy08867@jnu.ac.kr,6,4
108868,더미학생08868,1,010-9088-8868,dummy08868@jnu.ac.kr,1,5
108869,더미학생08869,2,010-9088-8869,dummy08869@jnu.ac.kr,2,6
108870,더미학생08870,3,010-9088-8870,dummy08870@jnu.ac.kr,3,7
108871,더미학생08871,4,010-9088-8871,dummy08871@jnu.ac.kr,4,8
108872,더미학생08872,1,010-9088-8872,dummy08872@jnu.ac.kr,5,1
108873,더미학생08873,2,010-9088-8873,dummy08873@jnu.ac.kr,6,2
108874,더미학생08874,3,010-9088-8874,dummy08874@jnu.ac.kr,1,3
108875,더미학생08875,4,010-9088-8875,dummy08875@jnu.ac.kr,2,4
108876,더미학생08876,1,010-9088-8876,dummy08876@jnu.ac.kr,3,5
108877,더미학생08877,2,010-9088-8877,dummy08877@jnu.ac.kr,4,6
108878,더미학생08878,3,010-9088-8878,dummy08878@jnu.ac.kr,5,7
108879,더미학생08879,4,010-9088-8879,dummy08879@jnu.ac.kr,6,8
108880,더미학생08880,1,010-9088-8880,dummy08880@jnu.ac.kr,1,1
108881,더미학생08881,2,010-9088-8881,dummy08881@jnu.ac.kr,2,2
108882,더미학생08882,3,010-9088-8882,dummy08882@jnu.ac.kr,3,3
108883,더미학생08883,4,010-9088-8883,dummy08883@jnu.ac.kr,4,4
108884,더미학생08884,1,010-9088-8884,dummy08884@jnu.ac.kr,5,5
108885,더미학생08885,2,010-9088-8885,dummy08885@jnu.ac.kr,6,6
108886,더미학생08886,3,010-9088-8886,dummy08886@jnu.ac.kr,1,7
108887,더미학생08887,4,010-9088-8887,dummy08887@jnu.ac.kr,2,8
108888,더미학생08888,1,010-9088-8888,dummy08888@jnu.ac.kr,3,1
108889,더미학생08889,2,010-9088-8889,dummy08889@jnu.ac.kr,4,2
108890,더미학생08890,3,010-9088-8890,dummy08890@jnu.ac.kr,5,3
108891,더미학생08891,4,010-9088-8891,dummy08891@jnu.ac.kr,6,4
108892,더미학생08892,1,010-9088-8892,dummy08892@jnu.ac.kr,1,5
108893,더미학생08893,2,010-9088-8893,dummy08893@jnu.ac.kr,2,6
108894,더미학생08894,3,010-9088-8894,dummy08894@jnu.ac.kr,3,7
108895,더미학생08895,4,010-9088-8895,dummy08895@jnu.ac.kr,4,8
108896,더미학생08896,1,010-9088-8896,dummy08896@jnu.ac.kr,5,1
108897,더미학생08897,2,010-9088-8897,dummy08897@jnu.ac.kr,6,2
108898,더미학생08898,3,010-9088-8898,dummy08898@jnu.ac.kr,1,3
108899,더미학생08899,4,010-9088-8899,dummy08899@jnu.ac.kr,2,4
108900,더미학생08900,1,010-9089-8900,dummy08900@jnu.ac.kr,3,5
108901,더미학생08901,2,010-9089-8901,dummy08901@jnu.ac.kr,4,6
108902,더미학생08902,3,010-9089-8902,dummy08902@jnu.ac.kr,5,7
108903,더미학생08903,4,010-9089-8903,dummy08903@jnu.ac.kr,6,8
108904,더미학생08904,1,010-9089-8904,dummy08904@jnu.ac.kr,1,1
108905,더미학생08905,2,010-9089-8905,dummy08905@jnu.ac.kr,2,2
108906,더미학생08906,3,010-9089-8906,dummy08906@jnu.ac.kr,3,3
108907,더미학생08907,4,010-9089-8907,dummy08907@jnu.ac.kr,4,4
108908,더미학생08908,1,010-9089-8908,dummy08908@jnu.ac.kr,5,5
108909,더미학생08909,2,010-9089-8909,dummy08909@jnu.ac.kr,6,6
108910,더미학생08910,3,010-9089-8910,dummy08910@jnu.ac.kr,1,7
108911,더미학생08911,4,010-9089-8911,dummy08911@jnu.ac.kr,2,8
108912,더미학생08912,1,010-9089-8912,dummy08912@jnu.ac.kr,3,1
108913,더미학생08913,2,010-9089-8913,dummy08913@jnu.ac.kr,4,2
108914,더미학생08914,3,010-9089-8914,dummy08914@jnu.ac.kr,5,3
108915,더미학생08915,4,010-9089-8915,dummy08915@jnu.ac.kr,6,4
108916,더미학생08916,1,010-9089-8916,dummy08916@jnu.ac.kr,1,5
108917,더미학생08917,2,010-9089-8917,dummy08917@jnu.ac.kr,2,6
108918,더미학생08918,3,010-9089-8918,dummy08918@jnu.ac.kr,3,7
108919,더미학생08919,4,010-9089-8919,dummy08919@jnu.ac.kr,4,8
108920,더미학생08920,1,010-9089-8920,dummy08920@jnu.ac.kr,5,1
108921,더미학생08921,2,010-9089-8921,dummy08921@jnu.ac.kr,6,2
108922,더미학생08922,3,010-9089-8922,dummy08922@jnu.ac.kr,1,3
108923,더미학생08923,4,010-9089-8923,dummy08923@jnu.ac.kr,2,4
108924,더미학생08924,1,010-9089-8924,dummy08924@jnu.ac.kr,3,5
108925,더미학생08925,2,010-9089-8925,dummy08925@jnu.ac.kr,4,6
108926,더미학생08926,3,010-9089-8926,dummy08926@jnu.ac.kr,5,7
108927,더미학생08927,4,010-9089-8927,dummy08927@jnu.ac.kr,6,8
108928,더미학생08928,1,010-9089-8928,dummy08928@jnu.ac.kr,1,1
108929,더미학생08929,2,010-9089-8929,dummy08929@jnu.ac.kr,2,2
108930,더미학생08930,3,010-9089-8930,dummy08930@jnu.ac.kr,3,3
108931,더미학생08931,4,010-9089-8931,dummy08931@jnu.ac.kr,4,4
108932,더미학생08932,1,010-9089-8932,dummy08932@jnu.ac.kr,5,5
108933,더미학생08933,2,010-9089-8933,dummy08933@jnu.ac.kr,6,6
108934,더미학생08934,3,010-9089-8934,dummy08934@jnu.ac.kr,1,7
108935,더미학생08935,4,010-9089-8935,dummy08935@jnu.ac.kr,2,8
108936,더미학생08936,1,010-9089-8936,dummy08936@jnu.ac.kr,3,1
108937,더미학생08937,2,010-9089-8937,dummy08937@jnu.ac.kr,4,2
108938,더미학생08938,3,010-9089-8938,dummy08938@jnu.ac.kr,5,3
108939,더미학생08939,4,010-9089-8939,dummy08939@jnu.ac.kr,6,4
108940,더미학생08940,1,010-9089-8940,dummy08940@jnu.ac.kr,1,5
108941,더미학생08941,2,010-9089-8941,dummy08941@jnu.ac.kr,2,6
108942,더미학생08942,3,010-9089-8942,dummy08942@jnu.ac.kr,3,7
108943,더미학생08943,4,010-9089-8943,dummy08943@jnu.ac.kr,4,8
108944,더미학생08944,1,010-9089-8944,dummy08944@jnu.ac.kr,5,1
108945,더미학생08945,2,010-9089-8945,dummy08945@jnu.ac.kr,6,2
108946,더미학생08946,3,010-9089-8946,dummy08946@jnu.ac.kr,1,3
108947,더미학생08947,4,010-9089-8947,dummy08947@jnu.ac.kr,2,4
108948,더미학생08948,1,010-9089-8948,dummy08948@jnu.ac.kr,3,5
108949,더미학생08949,2,010-9089-8949,dummy08949@jnu.ac.kr,4,6
108950,더미학생08950,3,010-9089-8950,dummy08950@jnu.ac.kr,5,7
108951,더미학생08951,4,010-9089-8951,dummy08951@jnu.ac.kr,6,8
108952,더미학생08952,1,010-9089-8952,dummy08952@jnu.ac.kr,1,1
108953,더미학생08953,2,010-9089-8953,dummy08953@jnu.ac.kr,2,2
108954,더미학생08954,3,010-9089-8954,dummy08954@jnu.ac.kr,3,3
108955,더미학생08955,4,010-9089-8955,dummy08955@jnu.ac.kr,4,4
108956,더미학생08956,1,010-9089-8956,dummy08956@jnu.ac.kr,5,5
108957,더미학생08957,2,010-9089-8957,dummy08957@jnu.ac.kr,6,6
108958,더미학생08958,3,010-9089-8958,dummy08958@jnu.ac.kr,1,7
108959,더미학생08959,4,010-9089-8959,dummy08959@jnu.ac.kr,2,8
108960,더미학생08960,1,010-9089-8960,dummy08960@jnu.ac.kr,3,1
108961,더미학생08961,2,010-9089-8961,dummy08961@jnu.ac.kr,4,2
108962,더미학생08962,3,010-9089-8962,dummy08962@jnu.ac.kr,5,3
108963,더미학생08963,4,010-9089-8963,dummy08963@jnu.ac.kr,6,4
108964,더미학생08964,1,010-9089-8964,dummy08964@jnu.ac.kr,1,5
108965,더미학생08965,2,010-9089-8965,dummy08965@jnu.ac.kr,2,6
108966,더미학생08966,3,010-9089-8966,dummy08966@jnu.ac.kr,3,7
108967,더미학생08967,4,010-9089-8967,dummy08967@jnu.ac.kr,4,8
108968,더미학생08968,1,010-9089-8968,dummy08968@jnu.ac.kr,5,1
108969,더미학생08969,2,010-9089-8969,dummy08969@jnu.ac.kr,6,2
108970,더미학생08970,3,010-9089-8970,dummy08970@jnu.ac.kr,1,3
108971,더미학생08971,4,010-9089-8971,dummy08971@jnu.ac.kr,2,4
108972,더미학생08972,1,010-9089-8972,dummy08972@jnu.ac.kr,3,5
108973,더미학생08973,2,010-9089-8973,dummy08973@jnu.ac.kr,4,6
108974,더미학생08974,3,010-9089-8974,dummy08974@jnu.ac.kr,5,7
108975,더미학생08975,4,010-9089-8975,dummy08975@jnu.ac.kr,6,8
108976,더미학생08976,1,010-9089-8976,dummy08976@jnu.ac.kr,1,1
108977,더미학생08977,2,010-9089-8977,dummy08977@jnu.ac.kr,2,2
108978,더미학생08978,3,010-9089-8978,dummy08978@jnu.ac.kr,3,3
108979,더미학생08979,4,010-9089-8979,dummy08979@jnu.ac.kr,4,4
108980,더미학생08980,1,010-9089-8980,dummy08980@jnu.ac.kr,5,5
108981,더미학생08981,2,010-9089-8981,dummy08981@jnu.ac.kr,6,6
108982,더미학생08982,3,010-9089-8982,dummy08982@jnu.ac.kr,1,7
108983,더미학생08983,4,010-9089-8983,dummy08983@jnu.ac.kr,2,8
108984,더미학생08984,1,010-9089-8984,dummy08984@jnu.ac.kr,3,1
108985,더미학생08985,2,010-9089-8985,dummy08985@jnu.ac.kr,4,2
108986,더미학생08986,3,010-9089-8986,dummy08986@jnu.ac.kr,5,3
108987,더미학생08987,4,010-9089-8987,dummy08987@jnu.ac.kr,6,4
108988,더미학생08988,1,010-9089-8988,dummy08988@jnu.ac.kr,1,5
108989,더미학생08989,2,010-9089-8989,dummy08989@jnu.ac.kr,2,6
108990,더미학생08990,3,010-9089-8990,dummy08990@jnu.ac.kr,3,7
108991,더미학생08991,4,010-9089-8991,dummy08991@jnu.ac.kr,4,8
108992,더미학생08992,1,010-9089-8992,dummy08992@jnu.ac.kr,5,1
108993,더미학생08993,2,010-9089-8993,dummy08993@jnu.ac.kr,6,2
108994,더미학생08994,3,010-9089-8994,dummy08994@jnu.ac.kr,1,3
108995,더미학생08995,4,010-9089-8995,dummy08995@jnu.ac.kr,2,4
108996,더미학생08996,1,010-9089-8996,dummy08996@jnu.ac.kr,3,5
108997,더미학생08997,2,010-9089-8997,dummy08997@jnu.ac.kr,4,6
108998,더미학생08998,3,010-9089-8998,dummy08998@jnu.ac.kr,5,7
108999,더미학생08999,4,010-9089-8999,dummy08999@jnu.ac.kr,6,8
109000,더미학생09000,1,010-9090-9000,dummy09000@jnu.ac.kr,1,1
109001,더미학생09001,2,010-9090-9001,dummy09001@jnu.ac.kr,2,2
109002,더미학생09002,3,010-9090-9002,dummy09002@jnu.ac.kr,3,3
109003,더미학생09003,4,010-9090-9003,dummy09003@jnu.ac.kr,4,4
109004,더미학생09004,1,010-9090-9004,dummy09004@jnu.ac.kr,5,5
109005,더미학생09005,2,010-9090-9005,dummy09005@jnu.ac.kr,6,6
109006,더미학생09006,3,010-9090-9006,dummy09006@jnu.ac.kr,1,7
109007,더미학생09007,4,010-9090-9007,dummy09007@jnu.ac.kr,2,8
109008,더미학생09008,1,010-9090-9008,dummy09008@jnu.ac.kr,3,1
109009,더미학생09009,2,010-9090-9009,dummy09009@jnu.ac.kr,4,2
109010,더미학생09010,3,010-9090-9010,dummy09010@jnu.ac.kr,5,3
109011,더미학생09011,4,010-9090-9011,dummy09011@jnu.ac.kr,6,4
109012,더미학생09012,1,010-9090-9012,dummy09012@jnu.ac.kr,1,5
109013,더미학생09013,2,010-9090-9013,dummy09013@jnu.ac.kr,2,6
109014,더미학생09014,3,010-9090-9014,dummy09014@jnu.ac.kr,3,7
109015,더미학생09015,4,010-9090-9015,dummy09015@jnu.ac.kr,4,8
109016,더미학생09016,1,010-9090-9016,dummy09016@jnu.ac.kr,5,1
109017,더미학생09017,2,010-9090-9017,dummy09017@jnu.ac.kr,6,2
109018,더미학생09018,3,010-9090-9018,dummy09018@jnu.ac.kr,1,3
109019,더미학생09019,4,010-9090-9019,dummy09019@jnu.ac.kr,2,4
109020,더미학생09020,1,010-9090-9020,dummy09020@jnu.ac.kr,3,5
109021,더미학생09021,2,010-9090-9021,dummy09021@jnu.ac.kr,4,6
109022,더미학생09022,3,010-9090-9022,dummy09022@jnu.ac.kr,5,7
109023,더미학생09023,4,010-9090-9023,dummy09023@jnu.ac.kr,6,8
109024,더미학생09024,1,010-9090-9024,dummy09024@jnu.ac.kr,1,1
109025,더미학생09025,2,010-9090-9025,dummy09025@jnu.ac.kr,2,2
109026,더미학생09026,3,010-9090-9026,dummy09026@jnu.ac.kr,3,3
109027,더미학생09027,4,010-9090-9027,dummy09027@jnu.ac.kr,4,4
109028,더미학생09028,1,010-9090-9028,dummy09028@jnu.ac.kr,5,5
109029,더미학생09029,2,010-9090-9029,dummy09029@jnu.ac.kr,6,6
109030,더미학생09030,3,010-9090-9030,dummy09030@jnu.ac.kr,1,7
109031,더미학생09031,4,010-9090-9031,dummy09031@jnu.ac.kr,2,8
109032,더미학생09032,1,010-9090-9032,dummy09032@jnu.ac.kr,3,1
109033,더미학생09033,2,010-9090-9033,dummy09033@jnu.ac.kr,4,2
109034,더미학생09034,3,010-9090-9034,dummy09034@jnu.ac.kr,5,3
109035,더미학생09035,4,010-9090-9035,dummy09035@jnu.ac.kr,6,4
109036,더미학생09036,1,010-9090-9036,dummy09036@jnu.ac.kr,1,5
109037,더미학생09037,2,010-9090-9037,dummy09037@jnu.ac.kr,2,6
109038,더미학생09038,3,010-9090-9038,dummy09038@jnu.ac.kr,3,7
109039,더미학생09039,4,010-9090-9039,dummy09039@jnu.ac.kr,4,8
109040,더미학생09040,1,010-9090-9040,dummy09040@jnu.ac.kr,5,1
109041,더미학생09041,2,010-9090-9041,dummy09041@jnu.ac.kr,6,2
109042,더미학생09042,3,010-9090-9042,dummy09042@jnu.ac.kr,1,3
109043,더미학생09043,4,010-9090-9043,dummy09043@jnu.ac.kr,2,4
109044,더미학생09044,1,010-9090-9044,dummy09044@jnu.ac.kr,3,5
109045,더미학생09045,2,010-9090-9045,dummy09045@jnu.ac.kr,4,6
109046,더미학생09046,3,010-9090-9046,dummy09046@jnu.ac.kr,5,7
109047,더미학생09047,4,010-9090-9047,dummy09047@jnu.ac.kr,6,8
109048,더미학생09048,1,010-9090-9048,dummy09048@jnu.ac.kr,1,1
109049,더미학생09049,2,010-9090-9049,dummy09049@jnu.ac.kr,2,2
109050,더미학생09050,3,010-9090-9050,dummy09050@jnu.ac.kr,3,3
109051,더미학생09051,4,010-9090-9051,dummy09051@jnu.ac.kr,4,4
109052,더미학생09052,1,010-9090-9052,dummy09052@jnu.ac.kr,5,5
109053,더미학생09053,2,010-9090-9053,dummy09053@jnu.ac.kr,6,6
109054,더미학생09054,3,010-9090-9054,dummy09054@jnu.ac.kr,1,7
109055,더미학생09055,4,010-9090-9055,dummy09055@jnu.ac.kr,2,8
109056,더미학생09056,1,010-9090-9056,dummy09056@jnu.ac.kr,3,1
109057,더미학생09057,2,010-9090-9057,dummy09057@jnu.ac.kr,4,2
109058,더미학생09058,3,010-9090-9058,dummy09058@jnu.ac.kr,5,3
109059,더미학생09059,4,010-9090-9059,dummy09059@jnu.ac.kr,6,4
109060,더미학생09060,1,010-9090-9060,dummy09060@jnu.ac.kr,1,5
109061,더미학생09061,2,010-9090-9061,dummy09061@jnu.ac.kr,2,6
109062,더미학생09062,3,010-9090-9062,dummy09062@jnu.ac.kr,3,7
109063,더미학생09063,4,010-9090-9063,dummy09063@jnu.ac.kr,4,8
109064,더미학생09064,1,010-9090-9064,dummy09064@jnu.ac.kr,5,1
109065,더미학생09065,2,010-9090-9065,dummy09065@jnu.ac.kr,6,2
109066,더미학생09066,3,010-9090-9066,dummy09066@jnu.ac.kr,1,3
109067,더미학생09067,4,010-9090-9067,dummy09067@jnu.ac.kr,2,4
109068,더미학생09068,1,010-9090-9068,dummy09068@jnu.ac.kr,3,5
109069,더미학생09069,2,010-9090-9069,dummy09069@jnu.ac.kr,4,6
109070,더미학생09070,3,010-9090-9070,dummy09070@jnu.ac.kr,5,7
109071,더미학생09071,4,010-9090-9071,dummy09071@jnu.ac.kr,6,8
109072,더미학생09072,1,010-9090-9072,dummy09072@jnu.ac.kr,1,1
109073,더미학생09073,2,010-9090-9073,dummy09073@jnu.ac.kr,2,2
109074,더미학생09074,3,010-9090-9074,dummy09074@jnu.ac.kr,3,3
109075,더미학생09075,4,010-9090-9075,dummy09075@jnu.ac.kr,4,4
109076,더미학생09076,1,010-9090-9076,dummy09076@jnu.ac.kr,5,5
109077,더미학생09077,2,010-9090-9077,dummy09077@jnu.ac.kr,6,6
109078,더미학생09078,3,010-9090-9078,dummy09078@jnu.ac.kr,1,7
109079,더미학생09079,4,010-9090-9079,dummy09079@jnu.ac.kr,2,8
109080,더미학생09080,1,010-9090-9080,dummy09080@jnu.ac.kr,3,1
109081,더미학생09081,2,010-9090-9081,dummy09081@jnu.ac.kr,4,2
109082,더미학생09082,3,010-9090-9082,dummy09082@jnu.ac.kr,5,3
109083,더미학생09083,4,010-9090-9083,dummy09083@jnu.ac.kr,6,4
109084,더미학생09084,1,010-9090-9084,dummy09084@jnu.ac.kr,1,5
109085,더미학생09085,2,010-9090-9085,dummy09085@jnu.ac.kr,2,6
109086,더미학생09086,3,010-9090-9086,dummy09086@jnu.ac.kr,3,7
109087,더미학생09087,4,010-9090-9087,dummy09087@jnu.ac.kr,4,8
109088,더미학생09088,1,010-9090-9088,dummy09088@jnu.ac.kr,5,1
109089,더미학생09089,2,010-9090-9089,dummy09089@jnu.ac.kr,6,2
109090,더미학생09090,3,010-9090-9090,dummy09090@jnu.ac.kr,1,3
109091,더미학생09091,4,010-9090-9091,dummy09091@jnu.ac.kr,2,4
109092,더미학생09092,1,010-9090-9092,dummy09092@jnu.ac.kr,3,5
109093,더미학생09093,2,010-9090-9093,dummy09093@jnu.ac.kr,4,6
109094,더미학생09094,3,010-9090-9094,dummy09094@jnu.ac.kr,5,7
109095,더미학생09095,4,010-9090-9095,dummy09095@jnu.ac.kr,6,8
109096,더미학생09096,1,010-9090-9096,dummy09096@jnu.ac.kr,1,1
109097,더미학생09097,2,010-9090-9097,dummy09097@jnu.ac.kr,2,2
109098,더미학생09098,3,010-9090-9098,dummy09098@jnu.ac.kr,3,3
109099,더미학생09099,4,010-9090-9099,dummy09099@jnu.ac.kr,4,4
109100,더미학생09100,1,010-9091-9100,dummy09100@jnu.ac.kr,5,5
109101,더미학생09101,2,010-9091-9101,dummy09101@jnu.ac.kr,6,6
109102,더미학생09102,3,010-9091-9102,dummy09102@jnu.ac.kr,1,7
109103,더미학생09103,4,010-9091-9103,dummy09103@jnu.ac.kr,2,8
109104,더미학생09104,1,010-9091-9104,dummy09104@jnu.ac.kr,3,1
109105,더미학생09105,2,010-9091-9105,dummy09105@jnu.ac.kr,4,2
109106,더미학생09106,3,010-9091-9106,dummy09106@jnu.ac.kr,5,3
109107,더미학생09107,4,010-9091-9107,dummy09107@jnu.ac.kr,6,4
109108,더미학생09108,1,010-9091-9108,dummy09108@jnu.ac.kr,1,5
109109,더미학생09109,2,010-9091-9109,dummy09109@jnu.ac.kr,2,6
109110,더미학생09110,3,010-9091-9110,dummy09110@jnu.ac.kr,3,7
109111,더미학생09111,4,010-9091-9111,dummy09111@jnu.ac.kr,4,8
109112,더미학생09112,1,010-9091-9112,dummy09112@jnu.ac.kr,5,1
109113,더미학생09113,2,010-9091-9113,dummy09113@jnu.ac.kr,6,2
109114,더미학생09114,3,010-9091-9114,dummy09114@jnu.ac.kr,1,3
109115,더미학생09115,4,010-9091-9115,dummy09115@jnu.ac.kr,2,4
109116,더미학생09116,1,010-9091-9116,dummy09116@jnu.ac.kr,3,5
109117,더미학생09117,2,010-9091-9117,dummy09117@jnu.ac.kr,4,6
109118,더미학생09118,3,010-9091-9118,dummy09118@jnu.ac.kr,5,7
109119,더미학생09119,4,010-9091-9119,dummy09119@jnu.ac.kr,6,8
109120,더미학생09120,1,010-9091-9120,dummy09120@jnu.ac.kr,1,1
109121,더미학생09121,2,010-9091-9121,dummy09121@jnu.ac.kr,2,2
109122,더미학생09122,3,010-9091-9122,dummy09122@jnu.ac.kr,3,3
109123,더미학생09123,4,010-9091-9123,dummy09123@jnu.ac.kr,4,4
109124,더미학생09124,1,010-9091-9124,dummy09124@jnu.ac.kr,5,5
109125,더미학생09125,2,010-9091-9125,dummy09125@jnu.ac.kr,6,6
109126,더미학생09126,3,010-9091-9126,dummy09126@jnu.ac.kr,1,7
109127,더미학생09127,4,010-9091-9127,dummy09127@jnu.ac.kr,2,8
109128,더미학생09128,1,010-9091-9128,dummy09128@jnu.ac.kr,3,1
109129,더미학생09129,2,010-9091-9129,dummy09129@jnu.ac.kr,4,2
109130,더미학생09130,3,010-9091-9130,dummy09130@jnu.ac.kr,5,3
109131,더미학생09131,4,010-9091-9131,dummy09131@jnu.ac.kr,6,4
109132,더미학생09132,1,010-9091-9132,dummy09132@jnu.ac.kr,1,5
109133,더미학생09133,2,010-9091-9133,dummy09133@jnu.ac.kr,2,6
109134,더미학생09134,3,010-9091-9134,dummy09134@jnu.ac.kr,3,7
109135,더미학생09135,4,010-9091-9135,dummy09135@jnu.ac.kr,4,8
109136,더미학생09136,1,010-9091-9136,dummy09136@jnu.ac.kr,5,1
109137,더미학생09137,2,010-9091-9137,dummy09137@jnu.ac.kr,6,2
109138,더미학생09138,3,010-9091-9138,dummy09138@jnu.ac.kr,1,3
109139,더미학생09139,4,010-9091-9139,dummy09139@jnu.ac.kr,2,4
109140,더미학생09140,1,010-9091-9140,dummy09140@jnu.ac.kr,3,5
109141,더미학생09141,2,010-9091-9141,dummy09141@jnu.ac.kr,4,6
109142,더미학생09142,3,010-9091-9142,dummy09142@jnu.ac.kr,5,7
109143,더미학생09143,4,010-9091-9143,dummy09143@jnu.ac.kr,6,8
109144,더미학생09144,1,010-9091-9144,dummy09144@jnu.ac.kr,1,1
109145,더미학생09145,2,010-9091-9145,dummy09145@jnu.ac.kr,2,2
109146,더미학생09146,3,010-9091-9146,dummy09146@jnu.ac.kr,3,3
109147,더미학생09147,4,010-9091-9147,dummy09147@jnu.ac.kr,4,4
109148,더미학생09148,1,010-9091-9148,dummy09148@jnu.ac.kr,5,5
109149,더미학생09149,2,010-9091-9149,dummy09149@jnu.ac.kr,6,6
109150,더미학생09150,3,010-9091-9150,dummy09150@jnu.ac.kr,1,7
109151,더미학생09151,4,010-9091-9151,dummy09151@jnu.ac.kr,2,8
109152,더미학생09152,1,010-9091-9152,dummy09152@jnu.ac.kr,3,1
109153,더미학생09153,2,010-9091-9153,dummy09153@jnu.ac.kr,4,2
109154,더미학생09154,3,010-9091-9154,dummy09154@jnu.ac.kr,5,3
109155,더미학생09155,4,010-9091-9155,dummy09155@jnu.ac.kr,6,4
109156,더미학생09156,1,010-9091-9156,dummy09156@jnu.ac.kr,1,5
109157,더미학생09157,2,010-9091-9157,dummy09157@jnu.ac.kr,2,6
109158,더미학생09158,3,010-9091-9158,dummy09158@jnu.ac.kr,3,7
109159,더미학생09159,4,010-9091-9159,dummy09159@jnu.ac.kr,4,8
109160,더미학생09160,1,010-9091-9160,dummy09160@jnu.ac.kr,5,1
109161,더미학생09161,2,010-9091-9161,dummy09161@jnu.ac.kr,6,2
109162,더미학생09162,3,010-9091-9162,dummy09162@jnu.ac.kr,1,3
109163,더미학생09163,4,010-9091-9163,dummy09163@jnu.ac.kr,2,4
109164,더미학생09164,1,010-9091-9164,dummy09164@jnu.ac.kr,3,5
109165,더미학생09165,2,010-9091-9165,dummy09165@jnu.ac.kr,4,6
109166,더미학생09166,3,010-9091-9166,dummy09166@jnu.ac.kr,5,7
109167,더미학생09167,4,010-9091-9167,dummy09167@jnu.ac.kr,6,8
109168,더미학생09168,1,010-9091-9168,dummy09168@jnu.ac.kr,1,1
109169,더미학생09169,2,010-9091-9169,dummy09169@jnu.ac.kr,2,2
109170,더미학생09170,3,010-9091-9170,dummy09170@jnu.ac.kr,3,3
109171,더미학생09171,4,010-9091-9171,dummy09171@jnu.ac.kr,4,4
109172,더미학생09172,1,010-9091-9172,dummy09172@jnu.ac.kr,5,5
109173,더미학생09173,2,010-9091-9173,dummy09173@jnu.ac.kr,6,6
109174,더미학생09174,3,010-9091-9174,dummy09174@jnu.ac.kr,1,7
109175,더미학생09175,4,010-9091-9175,dummy09175@jnu.ac.kr,2,8
109176,더미학생09176,1,010-9091-9176,dummy09176@jnu.ac.kr,3,1
109177,더미학생09177,2,010-9091-9177,dummy09177@jnu.ac.kr,4,2
109178,더미학생09178,3,010-9091-9178,dummy09178@jnu.ac.kr,5,3
109179,더미학생09179,4,010-9091-9179,dummy09179@jnu.ac.kr,6,4
109180,더미학생09180,1,010-9091-9180,dummy09180@jnu.ac.kr,1,5
109181,더미학생09181,2,010-9091-9181,dummy09181@jnu.ac.kr,2,6
109182,더미학생09182,3,010-9091-9182,dummy09182@jnu.ac.kr,3,7
109183,더미학생09183,4,010-9091-9183,dummy09183@jnu.ac.kr,4,8
109184,더미학생09184,1,010-9091-9184,dummy09184@jnu.ac.kr,5,1
109185,더미학생09185,2,010-9091-9185,dummy09185@jnu.ac.kr,6,2
109186,더미학생09186,3,010-9091-9186,dummy09186@jnu.ac.kr,1,3
109187,더미학생09187,4,010-9091-9187,dummy09187@jnu.ac.kr,2,4
109188,더미학생09188,1,010-9091-9188,dummy09188@jnu.ac.kr,3,5
109189,더미학생09189,2,010-9091-9189,dummy09189@jnu.ac.kr,4,6
109190,더미학생09190,3,010-9091-9190,dummy09190@jnu.ac.kr,5,7
109191,더미학생09191,4,010-9091-9191,dummy09191@jnu.ac.kr,6,8
109192,더미학생09192,1,010-9091-9192,dummy09192@jnu.ac.kr,1,1
109193,더미학생09193,2,010-9091-9193,dummy09193@jnu.ac.kr,2,2
109194,더미학생09194,3,010-9091-9194,dummy09194@jnu.ac.kr,3,3
109195,더미학생09195,4,010-9091-9195,dummy09195@jnu.ac.kr,4,4
109196,더미학생09196,1,010-9091-9196,dummy09196@jnu.ac.kr,5,5
109197,더미학생09197,2,010-9091-9197,dummy09197@jnu.ac.kr,6,6
109198,더미학생09198,3,010-9091-9198,dummy09198@jnu.ac.kr,1,7
109199,더미학생09199,4,010-9091-9199,dummy09199@jnu.ac.kr,2,8
109200,더미학생09200,1,010-9092-9200,dummy09200@jnu.ac.kr,3,1
109201,더미학생09201,2,010-9092-9201,dummy09201@jnu.ac.kr,4,2
109202,더미학생09202,3,010-9092-9202,dummy09202@jnu.ac.kr,5,3
109203,더미학생09203,4,010-9092-9203,dummy09203@jnu.ac.kr,6,4
109204,더미학생09204,1,010-9092-9204,dummy09204@jnu.ac.kr,1,5
109205,더미학생09205,2,010-9092-9205,dummy09205@jnu.ac.kr,2,6
109206,더미학생09206,3,010-9092-9206,dummy09206@jnu.ac.kr,3,7
109207,더미학생09207,4,010-9092-9207,dummy09207@jnu.ac.kr,4,8
109208,더미학생09208,1,010-9092-9208,dummy09208@jnu.ac.kr,5,1
109209,더미학생09209,2,010-9092-9209,dummy09209@jnu.ac.kr,6,2
109210,더미학생09210,3,010-9092-9210,dummy09210@jnu.ac.kr,1,3
109211,더미학생09211,4,010-9092-9211,dummy09211@jnu.ac.kr,2,4
109212,더미학생09212,1,010-9092-9212,dummy09212@jnu.ac.kr,3,5
109213,더미학생09213,2,010-9092-9213,dummy09213@jnu.ac.kr,4,6
109214,더미학생09214,3,010-9092-9214,dummy09214@jnu.ac.kr,5,7
109215,더미학생09215,4,010-9092-9215,dummy09215@jnu.ac.kr,6,8
109216,더미학생09216,1,010-9092-9216,dummy09216@jnu.ac.kr,1,1
109217,더미학생09217,2,010-9092-9217,dummy09217@jnu.ac.kr,2,2
109218,더미학생09218,3,010-9092-9218,dummy09218@jnu.ac.kr,3,3
109219,더미학생09219,4,010-9092-9219,dummy09219@jnu.ac.kr,4,4
109220,더미학생09220,1,010-9092-9220,dummy09220@jnu.ac.kr,5,5
109221,더미학생09221,2,010-9092-9221,dummy09221@jnu.ac.kr,6,6
109222,더미학생09222,3,010-9092-9222,dummy09222@jnu.ac.kr,1,7
109223,더미학생09223,4,010-9092-9223,dummy09223@jnu.ac.kr,2,8
109224,더미학생09224,1,010-9092-9224,dummy09224@jnu.ac.kr,3,1
109225,더미학생09225,2,010-9092-9225,dummy09225@jnu.ac.kr,4,2
109226,더미학생09226,3,010-9092-9226,dummy09226@jnu.ac.kr,5,3
109227,더미학생09227,4,010-9092-9227,dummy09227@jnu.ac.kr,6,4
109228,더미학생09228,1,010-9092-9228,dummy09228@jnu.ac.kr,1,5
109229,더미학생09229,2,010-9092-9229,dummy09229@jnu.ac.kr,2,6
109230,더미학생09230,3,010-9092-9230,dummy09230@jnu.ac.kr,3,7
109231,더미학생09231,4,010-9092-9231,dummy09231@jnu.ac.kr,4,8
109232,더미학생09232,1,010-9092-9232,dummy09232@jnu.ac.kr,5,1
109233,더미학생09233,2,010-9092-9233,dummy09233@jnu.ac.kr,6,2
109234,더미학생09234,3,010-9092-9234,dummy09234@jnu.ac.kr,1,3
109235,더미학생09235,4,010-9092-9235,dummy09235@jnu.ac.kr,2,4
109236,더미학생09236,1,010-9092-9236,dummy09236@jnu.ac.kr,3,5
109237,더미학생09237,2,010-9092-9237,dummy09237@jnu.ac.kr,4,6
109238,더미학생09238,3,010-9092-9238,dummy09238@jnu.ac.kr,5,7
109239,더미학생09239,4,010-9092-9239,dummy09239@jnu.ac.kr,6,8
109240,더미학생09240,1,010-9092-9240,dummy09240@jnu.ac.kr,1,1
109241,더미학생09241,2,010-9092-9241,dummy09241@jnu.ac.kr,2,2
109242,더미학생09242,3,010-9092-9242,dummy09242@jnu.ac.kr,3,3
109243,더미학생09243,4,010-9092-9243,dummy09243@jnu.ac.kr,4,4
109244,더미학생09244,1,010-9092-9244,dummy09244@jnu.ac.kr,5,5
109245,더미학생09245,2,010-9092-9245,dummy09245@jnu.ac.kr,6,6
109246,더미학생09246,3,010-9092-9246,dummy09246@jnu.ac.kr,1,7
109247,더미학생09247,4,010-9092-9247,dummy09247@jnu.ac.kr,2,8
109248,더미학생09248,1,010-9092-9248,dummy09248@jnu.ac.kr,3,1
109249,더미학생09249,2,010-9092-9249,dummy09249@jnu.ac.kr,4,2
109250,더미학생09250,3,010-9092-9250,dummy09250@jnu.ac.kr,5,3
109251,더미학생09251,4,010-9092-9251,dummy09251@jnu.ac.kr,6,4
109252,더미학생09252,1,010-9092-9252,dummy09252@jnu.ac.kr,1,5
109253,더미학생09253,2,010-9092-9253,dummy09253@jnu.ac.kr,2,6
109254,더미학생09254,3,010-9092-9254,dummy09254@jnu.ac.kr,3,7
109255,더미학생09255,4,010-9092-9255,dummy09255@jnu.ac.kr,4,8
109256,더미학생09256,1,010-9092-9256,dummy09256@jnu.ac.kr,5,1
109257,더미학생09257,2,010-9092-9257,dummy09257@jnu.ac.kr,6,2
109258,더미학생09258,3,010-9092-9258,dummy09258@jnu.ac.kr,1,3
109259,더미학생09259,4,010-9092-9259,dummy09259@jnu.ac.kr,2,4
109260,더미학생09260,1,010-9092-9260,dummy09260@jnu.ac.kr,3,5
109261,더미학생09261,2,010-9092-9261,dummy09261@jnu.ac.kr,4,6
109262,더미학생09262,3,010-9092-9262,dummy09262@jnu.ac.kr,5,7
109263,더미학생09263,4,010-9092-9263,dummy09263@jnu.ac.kr,6,8
109264,더미학생09264,1,010-9092-9264,dummy09264@jnu.ac.kr,1,1
109265,더미학생09265,2,010-9092-9265,dummy09265@jnu.ac.kr,2,2
109266,더미학생09266,3,010-9092-9266,dummy09266@jnu.ac.kr,3,3
109267,더미학생09267,4,010-9092-9267,dummy09267@jnu.ac.kr,4,4
109268,더미학생09268,1,010-9092-9268,dummy09268@jnu.ac.kr,5,5
109269,더미학생09269,2,010-9092-9269,dummy09269@jnu.ac.kr,6,6
109270,더미학생09270,3,010-9092-9270,dummy09270@jnu.ac.kr,1,7
109271,더미학생09271,4,010-9092-9271,dummy09271@jnu.ac.kr,2,8
109272,더미학생09272,1,010-9092-9272,dummy09272@jnu.ac.kr,3,1
109273,더미학생09273,2,010-9092-9273,dummy09273@jnu.ac.kr,4,2
109274,더미학생09274,3,010-9092-9274,dummy09274@jnu.ac.kr,5,3
109275,더미학생09275,4,010-9092-9275,dummy09275@jnu.ac.kr,6,4
109276,더미학생09276,1,010-9092-9276,dummy09276@jnu.ac.kr,1,5
109277,더미학생09277,2,010-9092-9277,dummy09277@jnu.ac.kr,2,6
109278,더미학생09278,3,010-9092-9278,dummy09278@jnu.ac.kr,3,7
109279,더미학생09279,4,010-9092-9279,dummy09279@jnu.ac.kr,4,8
109280,더미학생09280,1,010-9092-9280,dummy09280@jnu.ac.kr,5,1
109281,더미학생09281,2,010-9092-9281,dummy09281@jnu.ac.kr,6,2
109282,더미학생09282,3,010-9092-9282,dummy09282@jnu.ac.kr,1,3
109283,더미학생09283,4,010-9092-9283,dummy09283@jnu.ac.kr,2,4
109284,더미학생09284,1,010-9092-9284,dummy09284@jnu.ac.kr,3,5
109285,더미학생09285,2,010-9092-9285,dummy09285@jnu.ac.kr,4,6
109286,더미학생09286,3,010-9092-9286,dummy09286@jnu.ac.kr,5,7
109287,더미학생09287,4,010-9092-9287,dummy09287@jnu.ac.kr,6,8
109288,더미학생09288,1,010-9092-9288,dummy09288@jnu.ac.kr,1,1
109289,더미학생09289,2,010-9092-9289,dummy09289@jnu.ac.kr,2,2
109290,더미학생09290,3,010-9092-9290,dummy09290@jnu.ac.kr,3,3
109291,더미학생09291,4,010-9092-9291,dummy09291@jnu.ac.kr,4,4
109292,더미학생09292,1,010-9092-9292,dummy09292@jnu.ac.kr,5,5
109293,더미학생09293,2,010-9092-9293,dummy09293@jnu.ac.kr,6,6
109294,더미학생09294,3,010-9092-9294,dummy09294@jnu.ac.kr,1,7
109295,더미학생09295,4,010-9092-9295,dummy09295@jnu.ac.kr,2,8
109296,더미학생09296,1,010-9092-9296,dummy09296@jnu.ac.kr,3,1
109297,더미학생09297,2,010-9092-9297,dummy09297@jnu.ac.kr,4,2
109298,더미학생09298,3,010-9092-9298,dummy09298@jnu.ac.kr,5,3
109299,더미학생09299,4,010-9092-9299,dummy09299@jnu.ac.kr,6,4
109300,더미학생09300,1,010-9093-9300,dummy09300@jnu.ac.kr,1,5
109301,더미학생09301,2,010-9093-9301,dummy09301@jnu.ac.kr,2,6
109302,더미학생09302,3,010-9093-9302,dummy09302@jnu.ac.kr,3,7
109303,더미학생09303,4,010-9093-9303,dummy09303@jnu.ac.kr,4,8
109304,더미학생09304,1,010-9093-9304,dummy09304@jnu.ac.kr,5,1
109305,더미학생09305,2,010-9093-9305,dummy09305@jnu.ac.kr,6,2
109306,더미학생09306,3,010-9093-9306,dummy09306@jnu.ac.kr,1,3
109307,더미학생09307,4,010-9093-9307,dummy09307@jnu.ac.kr,2,4
109308,더미학생09308,1,010-9093-9308,dummy09308@jnu.ac.kr,3,5
109309,더미학생09309,2,010-9093-9309,dummy09309@jnu.ac.kr,4,6
109310,더미학생09310,3,010-9093-9310,dummy09310@jnu.ac.kr,5,7
109311,더미학생09311,4,010-9093-9311,dummy09311@jnu.ac.kr,6,8
109312,더미학생09312,1,010-9093-9312,dummy09312@jnu.ac.kr,1,1
109313,더미학생09313,2,010-9093-9313,dummy09313@jnu.ac.kr,2,2
109314,더미학생09314,3,010-9093-9314,dummy09314@jnu.ac.kr,3,3
109315,더미학생09315,4,010-9093-9315,dummy09315@jnu.ac.kr,4,4
109316,더미학생09316,1,010-9093-9316,dummy09316@jnu.ac.kr,5,5
109317,더미학생09317,2,010-9093-9317,dummy09317@jnu.ac.kr,6,6
109318,더미학생09318,3,010-9093-9318,dummy09318@jnu.ac.kr,1,7
109319,더미학생09319,4,010-9093-9319,dummy09319@jnu.ac.kr,2,8
109320,더미학생09320,1,010-9093-9320,dummy09320@jnu.ac.kr,3,1
109321,더미학생09321,2,010-9093-9321,dummy09321@jnu.ac.kr,4,2
109322,더미학생09322,3,010-9093-9322,dummy09322@jnu.ac.kr,5,3
109323,더미학생09323,4,010-9093-9323,dummy09323@jnu.ac.kr,6,4
109324,더미학생09324,1,010-9093-9324,dummy09324@jnu.ac.kr,1,5
109325,더미학생09325,2,010-9093-9325,dummy09325@jnu.ac.kr,2,6
109326,더미학생09326,3,010-9093-9326,dummy09326@jnu.ac.kr,3,7
109327,더미학생09327,4,010-9093-9327,dummy09327@jnu.ac.kr,4,8
109328,더미학생09328,1,010-9093-9328,dummy09328@jnu.ac.kr,5,1
109329,더미학생09329,2,010-9093-9329,dummy09329@jnu.ac.kr,6,2
109330,더미학생09330,3,010-9093-9330,dummy09330@jnu.ac.kr,1,3
109331,더미학생09331,4,010-9093-9331,dummy09331@jnu.ac.kr,2,4
109332,더미학생09332,1,010-9093-9332,dummy09332@jnu.ac.kr,3,5
109333,더미학생09333,2,010-9093-9333,dummy09333@jnu.ac.kr,4,6
109334,더미학생09334,3,010-9093-9334,dummy09334@jnu.ac.kr,5,7
109335,더미학생09335,4,010-9093-9335,dummy09335@jnu.ac.kr,6,8
109336,더미학생09336,1,010-9093-9336,dummy09336@jnu.ac.kr,1,1
109337,더미학생09337,2,010-9093-9337,dummy09337@jnu.ac.kr,2,2
109338,더미학생09338,3,010-9093-9338,dummy09338@jnu.ac.kr,3,3
109339,더미학생09339,4,010-9093-9339,dummy09339@jnu.ac.kr,4,4
109340,더미학생09340,1,010-9093-9340,dummy09340@jnu.ac.kr,5,5
109341,더미학생09341,2,010-9093-9341,dummy09341@jnu.ac.kr,6,6
109342,더미학생09342,3,010-9093-9342,dummy09342@jnu.ac.kr,1,7
109343,더미학생09343,4,010-9093-9343,dummy09343@jnu.ac.kr,2,8
109344,더미학생09344,1,010-9093-9344,dummy09344@jnu.ac.kr,3,1
109345,더미학생09345,2,010-9093-9345,dummy09345@jnu.ac.kr,4,2
109346,더미학생09346,3,010-9093-9346,dummy09346@jnu.ac.kr,5,3
109347,더미학생09347,4,010-9093-9347,dummy09347@jnu.ac.kr,6,4
109348,더미학생09348,1,010-9093-9348,dummy09348@jnu.ac.kr,1,5
109349,더미학생09349,2,010-9093-9349,dummy09349@jnu.ac.kr,2,6
109350,더미학생09350,3,010-9093-9350,dummy09350@jnu.ac.kr,3,7
109351,더미학생09351,4,010-9093-9351,dummy09351@jnu.ac.kr,4,8
109352,더미학생09352,1,010-9093-9352,dummy09352@jnu.ac.kr,5,1
109353,더미학생09353,2,010-9093-9353,dummy09353@jnu.ac.kr,6,2
109354,더미학생09354,3,010-9093-9354,dummy09354@jnu.ac.kr,1,3
109355,더미학생09355,4,010-9093-9355,dummy09355@jnu.ac.kr,2,4
109356,더미학생09356,1,010-9093-9356,dummy09356@jnu.ac.kr,3,5
109357,더미학생09357,2,010-9093-9357,dummy09357@jnu.ac.kr,4,6
109358,더미학생09358,3,010-9093-9358,dummy09358@jnu.ac.kr,5,7
109359,더미학생09359,4,010-9093-9359,dummy09359@jnu.ac.kr,6,8
109360,더미학생09360,1,010-9093-9360,dummy09360@jnu.ac.kr,1,1
109361,더미학생09361,2,010-9093-9361,dummy09361@jnu.ac.kr,2,2
109362,더미학생09362,3,010-9093-9362,dummy09362@jnu.ac.kr,3,3
109363,더미학생09363,4,010-9093-9363,dummy09363@jnu.ac.kr,4,4
109364,더미학생09364,1,010-9093-9364,dummy09364@jnu.ac.kr,5,5
109365,더미학생09365,2,010-9093-9365,dummy09365@jnu.ac.kr,6,6
109366,더미학생09366,3,010-9093-9366,dummy09366@jnu.ac.kr,1,7
109367,더미학생09367,4,010-9093-9367,dummy09367@jnu.ac.kr,2,8
109368,더미학생09368,1,010-9093-9368,dummy09368@jnu.ac.kr,3,1
109369,더미학생09369,2,010-9093-9369,dummy09369@jnu.ac.kr,4,2
109370,더미학생09370,3,010-9093-9370,dummy09370@jnu.ac.kr,5,3
109371,더미학생09371,4,010-9093-9371,dummy09371@jnu.ac.kr,6,4
109372,더미학생09372,1,010-9093-9372,dummy09372@jnu.ac.kr,1,5
109373,더미학생09373,2,010-9093-9373,dummy09373@jnu.ac.kr,2,6
109374,더미학생09374,3,010-9093-9374,dummy09374@jnu.ac.kr,3,7
109375,더미학생09375,4,010-9093-9375,dummy09375@jnu.ac.kr,4,8
109376,더미학생09376,1,010-9093-9376,dummy09376@jnu.ac.kr,5,1
109377,더미학생09377,2,010-9093-9377,dummy09377@jnu.ac.kr,6,2
109378,더미학생09378,3,010-9093-9378,dummy09378@jnu.ac.kr,1,3
109379,더미학생09379,4,010-9093-9379,dummy09379@jnu.ac.kr,2,4
109380,더미학생09380,1,010-9093-9380,dummy09380@jnu.ac.kr,3,5
109381,더미학생09381,2,010-9093-9381,dummy09381@jnu.ac.kr,4,6
109382,더미학생09382,3,010-9093-9382,dummy09382@jnu.ac.kr,5,7
109383,더미학생09383,4,010-9093-9383,dummy09383@jnu.ac.kr,6,8
109384,더미학생09384,1,010-9093-9384,dummy09384@jnu.ac.kr,1,1
109385,더미학생09385,2,010-9093-9385,dummy09385@jnu.ac.kr,2,2
109386,더미학생09386,3,010-9093-9386,dummy09386@jnu.ac.kr,3,3
109387,더미학생09387,4,010-9093-9387,dummy09387@jnu.ac.kr,4,4
109388,더미학생09388,1,010-9093-9388,dummy09388@jnu.ac.kr,5,5
109389,더미학생09389,2,010-9093-9389,dummy09389@jnu.ac.kr,6,6
109390,더미학생09390,3,010-9093-9390,dummy09390@jnu.ac.kr,1,7
109391,더미학생09391,4,010-9093-9391,dummy09391@jnu.ac.kr,2,8
109392,더미학생09392,1,010-9093-9392,dummy09392@jnu.ac.kr,3,1
109393,더미학생09393,2,010-9093-9393,dummy09393@jnu.ac.kr,4,2
109394,더미학생09394,3,010-9093-9394,dummy09394@jnu.ac.kr,5,3
109395,더미학생09395,4,010-9093-9395,dummy09395@jnu.ac.kr,6,4
109396,더미학생09396,1,010-9093-9396,dummy09396@jnu.ac.kr,1,5
109397,더미학생09397,2,010-9093-9397,dummy09397@jnu.ac.kr,2,6
109398,더미학생09398,3,010-9093-9398,dummy09398@jnu.ac.kr,3,7
109399,더미학생09399,4,010-9093-9399,dummy09399@jnu.ac.kr,4,8
109400,더미학생09400,1,010-9094-9400,dummy09400@jnu.ac.kr,5,1
109401,더미학생09401,2,010-9094-9401,dummy09401@jnu.ac.kr,6,2
109402,더미학생09402,3,010-9094-9402,dummy09402@jnu.ac.kr,1,3
109403,더미학생09403,4,010-9094-9403,dummy09403@jnu.ac.kr,2,4
109404,더미학생09404,1,010-9094-9404,dummy09404@jnu.ac.kr,3,5
109405,더미학생09405,2,010-9094-9405,dummy09405@jnu.ac.kr,4,6
109406,더미학생09406,3,010-9094-9406,dummy09406@jnu.ac.kr,5,7
109407,더미학생09407,4,010-9094-9407,dummy09407@jnu.ac.kr,6,8
109408,더미학생09408,1,010-9094-9408,dummy09408@jnu.ac.kr,1,1
109409,더미학생09409,2,010-9094-9409,dummy09409@jnu.ac.kr,2,2
109410,더미학생09410,3,010-9094-9410,dummy09410@jnu.ac.kr,3,3
109411,더미학생09411,4,010-9094-9411,dummy09411@jnu.ac.kr,4,4
109412,더미학생09412,1,010-9094-9412,dummy09412@jnu.ac.kr,5,5
109413,더미학생09413,2,010-9094-9413,dummy09413@jnu.ac.kr,6,6
109414,더미학생09414,3,010-9094-9414,dummy09414@jnu.ac.kr,1,7
109415,더미학생09415,4,010-9094-9415,dummy09415@jnu.ac.kr,2,8
109416,더미학생09416,1,010-9094-9416,dummy09416@jnu.ac.kr,3,1
109417,더미학생09417,2,010-9094-9417,dummy09417@jnu.ac.kr,4,2
109418,더미학생09418,3,010-9094-9418,dummy09418@jnu.ac.kr,5,3
109419,더미학생09419,4,010-9094-9419,dummy09419@jnu.ac.kr,6,4
109420,더미학생09420,1,010-9094-9420,dummy09420@jnu.ac.kr,1,5
109421,더미학생09421,2,010-9094-9421,dummy09421@jnu.ac.kr,2,6
109422,더미학생09422,3,010-9094-9422,dummy09422@jnu.ac.kr,3,7
109423,더미학생09423,4,010-9094-9423,dummy09423@jnu.ac.kr,4,8
109424,더미학생09424,1,010-9094-9424,dummy09424@jnu.ac.kr,5,1
109425,더미학생09425,2,010-9094-9425,dummy09425@jnu.ac.kr,6,2
109426,더미학생09426,3,010-9094-9426,dummy09426@jnu.ac.kr,1,3
109427,더미학생09427,4,010-9094-9427,dummy09427@jnu.ac.kr,2,4
109428,더미학생09428,1,010-9094-9428,dummy09428@jnu.ac.kr,3,5
109429,더미학생09429,2,010-9094-9429,dummy09429@jnu.ac.kr,4,6
109430,더미학생09430,3,010-9094-9430,dummy09430@jnu.ac.kr,5,7
109431,더미학생09431,4,010-9094-9431,dummy09431@jnu.ac.kr,6,8
109432,더미학생09432,1,010-9094-9432,dummy09432@jnu.ac.kr,1,1
109433,더미학생09433,2,010-9094-9433,dummy09433@jnu.ac.kr,2,2
109434,더미학생09434,3,010-9094-9434,dummy09434@jnu.ac.kr,3,3
109435,더미학생09435,4,010-9094-9435,dummy09435@jnu.ac.kr,4,4
109436,더미학생09436,1,010-9094-9436,dummy09436@jnu.ac.kr,5,5
109437,더미학생09437,2,010-9094-9437,dummy09437@jnu.ac.kr,6,6
109438,더미학생09438,3,010-9094-9438,dummy09438@jnu.ac.kr,1,7
109439,더미학생09439,4,010-9094-9439,dummy09439@jnu.ac.kr,2,8
109440,더미학생09440,1,010-9094-9440,dummy09440@jnu.ac.kr,3,1
109441,더미학생09441,2,010-9094-9441,dummy09441@jnu.ac.kr,4,2
109442,더미학생09442,3,010-9094-9442,dummy09442@jnu.ac.kr,5,3
109443,더미학생09443,4,010-9094-9443,dummy09443@jnu.ac.kr,6,4
109444,더미학생09444,1,010-9094-9444,dummy09444@jnu.ac.kr,1,5
109445,더미학생09445,2,010-9094-9445,dummy09445@jnu.ac.kr,2,6
109446,더미학생09446,3,010-9094-9446,dummy09446@jnu.ac.kr,3,7
109447,더미학생09447,4,010-9094-9447,dummy09447@jnu.ac.kr,4,8
109448,더미학생09448,1,010-9094-9448,dummy09448@jnu.ac.kr,5,1
109449,더미학생09449,2,010-9094-9449,dummy09449@jnu.ac.kr,6,2
109450,더미학생09450,3,010-9094-9450,dummy09450@jnu.ac.kr,1,3
109451,더미학생09451,4,010-9094-9451,dummy09451@jnu.ac.kr,2,4
109452,더미학생09452,1,010-9094-9452,dummy09452@jnu.ac.kr,3,5
109453,더미학생09453,2,010-9094-9453,dummy09453@jnu.ac.kr,4,6
109454,더미학생09454,3,010-9094-9454,dummy09454@jnu.ac.kr,5,7
109455,더미학생09455,4,010-9094-9455,dummy09455@jnu.ac.kr,6,8
109456,더미학생09456,1,010-9094-9456,dummy09456@jnu.ac.kr,1,1
109457,더미학생09457,2,010-9094-9457,dummy09457@jnu.ac.kr,2,2
109458,더미학생09458,3,010-9094-9458,dummy09458@jnu.ac.kr,3,3
109459,더미학생09459,4,010-9094-9459,dummy09459@jnu.ac.kr,4,4
109460,더미학생09460,1,010-9094-9460,dummy09460@jnu.ac.kr,5,5
109461,더미학생09461,2,010-9094-9461,dummy09461@jnu.ac.kr,6,6
109462,더미학생09462,3,010-9094-9462,dummy09462@jnu.ac.kr,1,7
109463,더미학생09463,4,010-9094-9463,dummy09463@jnu.ac.kr,2,8
109464,더미학생09464,1,010-9094-9464,dummy09464@jnu.ac.kr,3,1
109465,더미학생09465,2,010-9094-9465,dummy09465@jnu.ac.kr,4,2
109466,더미학생09466,3,010-9094-9466,dummy09466@jnu.ac.kr,5,3
109467,더미학생09467,4,010-9094-9467,dummy09467@jnu.ac.kr,6,4
109468,더미학생09468,1,010-9094-9468,dummy09468@jnu.ac.kr,1,5
109469,더미학생09469,2,010-9094-9469,dummy09469@jnu.ac.kr,2,6
109470,더미학생09470,3,010-9094-9470,dummy09470@jnu.ac.kr,3,7
109471,더미학생09471,4,010-9094-9471,dummy09471@jnu.ac.kr,4,8
109472,더미학생09472,1,010-9094-9472,dummy09472@jnu.ac.kr,5,1
109473,더미학생09473,2,010-9094-9473,dummy09473@jnu.ac.kr,6,2
109474,더미학생09474,3,010-9094-9474,dummy09474@jnu.ac.kr,1,3
109475,더미학생09475,4,010-9094-9475,dummy09475@jnu.ac.kr,2,4
109476,더미학생09476,1,010-9094-9476,dummy09476@jnu.ac.kr,3,5
109477,더미학생09477,2,010-9094-9477,dummy09477@jnu.ac.kr,4,6
109478,더미학생09478,3,010-9094-9478,dummy09478@jnu.ac.kr,5,7
109479,더미학생09479,4,010-9094-9479,dummy09479@jnu.ac.kr,6,8
109480,더미학생09480,1,010-9094-9480,dummy09480@jnu.ac.kr,1,1
109481,더미학생09481,2,010-9094-9481,dummy09481@jnu.ac.kr,2,2
109482,더미학생09482,3,010-9094-9482,dummy09482@jnu.ac.kr,3,3
109483,더미학생09483,4,010-9094-9483,dummy09483@jnu.ac.kr,4,4
109484,더미학생09484,1,010-9094-9484,dummy09484@jnu.ac.kr,5,5
109485,더미학생09485,2,010-9094-9485,dummy09485@jnu.ac.kr,6,6
109486,더미학생09486,3,010-9094-9486,dummy09486@jnu.ac.kr,1,7
109487,더미학생09487,4,010-9094-9487,dummy09487@jnu.ac.kr,2,8
109488,더미학생09488,1,010-9094-9488,dummy09488@jnu.ac.kr,3,1
109489,더미학생09489,2,010-9094-9489,dummy09489@jnu.ac.kr,4,2
109490,더미학생09490,3,010-9094-9490,dummy09490@jnu.ac.kr,5,3
109491,더미학생09491,4,010-9094-9491,dummy09491@jnu.ac.kr,6,4
109492,더미학생09492,1,010-9094-9492,dummy09492@jnu.ac.kr,1,5
109493,더미학생09493,2,010-9094-9493,dummy09493@jnu.ac.kr,2,6
109494,더미학생09494,3,010-9094-9494,dummy09494@jnu.ac.kr,3,7
109495,더미학생09495,4,010-9094-9495,dummy09495@jnu.ac.kr,4,8
109496,더미학생09496,1,010-9094-9496,dummy09496@jnu.ac.kr,5,1
109497,더미학생09497,2,010-9094-9497,dummy09497@jnu.ac.kr,6,2
109498,더미학생09498,3,010-9094-9498,dummy09498@jnu.ac.kr,1,3
109499,더미학생09499,4,010-9094-9499,dummy09499@jnu.ac.kr,2,4
109500,더미학생09500,1,010-9095-9500,dummy09500@jnu.ac.kr,3,5
109501,더미학생09501,2,010-9095-9501,dummy09501@jnu.ac.kr,4,6
109502,더미학생09502,3,010-9095-9502,dummy09502@jnu.ac.kr,5,7
109503,더미학생09503,4,010-9095-9503,dummy09503@jnu.ac.kr,6,8
109504,더미학생09504,1,010-9095-9504,dummy09504@jnu.ac.kr,1,1
109505,더미학생09505,2,010-9095-9505,dummy09505@jnu.ac.kr,2,2
109506,더미학생09506,3,010-9095-9506,dummy09506@jnu.ac.kr,3,3
109507,더미학생09507,4,010-9095-9507,dummy09507@jnu.ac.kr,4,4
109508,더미학생09508,1,010-9095-9508,dummy09508@jnu.ac.kr,5,5
109509,더미학생09509,2,010-9095-9509,dummy09509@jnu.ac.kr,6,6
109510,더미학생09510,3,010-9095-9510,dummy09510@jnu.ac.kr,1,7
109511,더미학생09511,4,010-9095-9511,dummy09511@jnu.ac.kr,2,8
109512,더미학생09512,1,010-9095-9512,dummy09512@jnu.ac.kr,3,1
109513,더미학생09513,2,010-9095-9513,dummy09513@jnu.ac.kr,4,2
109514,더미학생09514,3,010-9095-9514,dummy09514@jnu.ac.kr,5,3
109515,더미학생09515,4,010-9095-9515,dummy09515@jnu.ac.kr,6,4
109516,더미학생09516,1,010-9095-9516,dummy09516@jnu.ac.kr,1,5
109517,더미학생09517,2,010-9095-9517,dummy09517@jnu.ac.kr,2,6
109518,더미학생09518,3,010-9095-9518,dummy09518@jnu.ac.kr,3,7
109519,더미학생09519,4,010-9095-9519,dummy09519@jnu.ac.kr,4,8
109520,더미학생09520,1,010-9095-9520,dummy09520@jnu.ac.kr,5,1
109521,더미학생09521,2,010-9095-9521,dummy09521@jnu.ac.kr,6,2
109522,더미학생09522,3,010-9095-9522,dummy09522@jnu.ac.kr,1,3
109523,더미학생09523,4,010-9095-9523,dummy09523@jnu.ac.kr,2,4
109524,더미학생09524,1,010-9095-9524,dummy09524@jnu.ac.kr,3,5
109525,더미학생09525,2,010-9095-9525,dummy09525@jnu.ac.kr,4,6
109526,더미학생09526,3,010-9095-9526,dummy09526@jnu.ac.kr,5,7
109527,더미학생09527,4,010-9095-9527,dummy09527@jnu.ac.kr,6,8
109528,더미학생09528,1,010-9095-9528,dummy09528@jnu.ac.kr,1,1
109529,더미학생09529,2,010-9095-9529,dummy09529@jnu.ac.kr,2,2
109530,더미학생09530,3,010-9095-9530,dummy09530@jnu.ac.kr,3,3
109531,더미학생09531,4,010-9095-9531,dummy09531@jnu.ac.kr,4,4
109532,더미학생09532,1,010-9095-9532,dummy09532@jnu.ac.kr,5,5
109533,더미학생09533,2,010-9095-9533,dummy09533@jnu.ac.kr,6,6
109534,더미학생09534,3,010-9095-9534,dummy09534@jnu.ac.kr,1,7
109535,더미학생09535,4,010-9095-9535,dummy09535@jnu.ac.kr,2,8
109536,더미학생09536,1,010-9095-9536,dummy09536@jnu.ac.kr,3,1
109537,더미학생09537,2,010-9095-9537,dummy09537@jnu.ac.kr,4,2
109538,더미학생09538,3,010-9095-9538,dummy09538@jnu.ac.kr,5,3
109539,더미학생09539,4,010-9095-9539,dummy09539@jnu.ac.kr,6,4
109540,더미학생09540,1,010-9095-9540,dummy09540@jnu.ac.kr,1,5
109541,더미학생09541,2,010-9095-9541,dummy09541@jnu.ac.kr,2,6
109542,더미학생09542,3,010-9095-9542,dummy09542@jnu.ac.kr,3,7
109543,더미학생09543,4,010-9095-9543,dummy09543@jnu.ac.kr,4,8
109544,더미학생09544,1,010-9095-9544,dummy09544@jnu.ac.kr,5,1
109545,더미학생09545,2,010-9095-9545,dummy09545@jnu.ac.kr,6,2
109546,더미학생09546,3,010-9095-9546,dummy09546@jnu.ac.kr,1,3
109547,더미학생09547,4,010-9095-9547,dummy09547@jnu.ac.kr,2,4
109548,더미학생09548,1,010-9095-9548,dummy09548@jnu.ac.kr,3,5
109549,더미학생09549,2,010-9095-9549,dummy09549@jnu.ac.kr,4,6
109550,더미학생09550,3,010-9095-9550,dummy09550@jnu.ac.kr,5,7
109551,더미학생09551,4,010-9095-9551,dummy09551@jnu.ac.kr,6,8
109552,더미학생09552,1,010-9095-9552,dummy09552@jnu.ac.kr,1,1
109553,더미학생09553,2,010-9095-9553,dummy09553@jnu.ac.kr,2,2
109554,더미학생09554,3,010-9095-9554,dummy09554@jnu.ac.kr,3,3
109555,더미학생09555,4,010-9095-9555,dummy09555@jnu.ac.kr,4,4
109556,더미학생09556,1,010-9095-9556,dummy09556@jnu.ac.kr,5,5
109557,더미학생09557,2,010-9095-9557,dummy09557@jnu.ac.kr,6,6
109558,더미학생09558,3,010-9095-9558,dummy09558@jnu.ac.kr,1,7
109559,더미학생09559,4,010-9095-9559,dummy09559@jnu.ac.kr,2,8
109560,더미학생09560,1,010-9095-9560,dummy09560@jnu.ac.kr,3,1
109561,더미학생09561,2,010-9095-9561,dummy09561@jnu.ac.kr,4,2
109562,더미학생09562,3,010-9095-9562,dummy09562@jnu.ac.kr,5,3
109563,더미학생09563,4,010-9095-9563,dummy09563@jnu.ac.kr,6,4
109564,더미학생09564,1,010-9095-9564,dummy09564@jnu.ac.kr,1,5
109565,더미학생09565,2,010-9095-9565,dummy09565@jnu.ac.kr,2,6
109566,더미학생09566,3,010-9095-9566,dummy09566@jnu.ac.kr,3,7
109567,더미학생09567,4,010-9095-9567,dummy09567@jnu.ac.kr,4,8
109568,더미학생09568,1,010-9095-9568,dummy09568@jnu.ac.kr,5,1
109569,더미학생09569,2,010-9095-9569,dummy09569@jnu.ac.kr,6,2
109570,더미학생09570,3,010-9095-9570,dummy09570@jnu.ac.kr,1,3
109571,더미학생09571,4,010-9095-9571,dummy09571@jnu.ac.kr,2,4
109572,더미학생09572,1,010-9095-9572,dummy09572@jnu.ac.kr,3,5
109573,더미학생09573,2,010-9095-9573,dummy09573@jnu.ac.kr,4,6
109574,더미학생09574,3,010-9095-9574,dummy09574@jnu.ac.kr,5,7
109575,더미학생09575,4,010-9095-9575,dummy09575@jnu.ac.kr,6,8
109576,더미학생09576,1,010-9095-9576,dummy09576@jnu.ac.kr,1,1
109577,더미학생09577,2,010-9095-9577,dummy09577@jnu.ac.kr,2,2
109578,더미학생09578,3,010-9095-9578,dummy09578@jnu.ac.kr,3,3
109579,더미학생09579,4,010-9095-9579,dummy09579@jnu.ac.kr,4,4
109580,더미학생09580,1,010-9095-9580,dummy09580@jnu.ac.kr,5,5
109581,더미학생09581,2,010-9095-9581,dummy09581@jnu.ac.kr,6,6
109582,더미학생09582,3,010-9095-9582,dummy09582@jnu.ac.kr,1,7
109583,더미학생09583,4,010-9095-9583,dummy09583@jnu.ac.kr,2,8
109584,더미학생09584,1,010-9095-9584,dummy09584@jnu.ac.kr,3,1
109585,더미학생09585,2,010-9095-9585,dummy09585@jnu.ac.kr,4,2
109586,더미학생09586,3,010-9095-9586,dummy09586@jnu.ac.kr,5,3
109587,더미학생09587,4,010-9095-9587,dummy09587@jnu.ac.kr,6,4
109588,더미학생09588,1,010-9095-9588,dummy09588@jnu.ac.kr,1,5
109589,더미학생09589,2,010-9095-9589,dummy09589@jnu.ac.kr,2,6
109590,더미학생09590,3,010-9095-9590,dummy09590@jnu.ac.kr,3,7
109591,더미학생09591,4,010-9095-9591,dummy09591@jnu.ac.kr,4,8
109592,더미학생09592,1,010-9095-9592,dummy09592@jnu.ac.kr,5,1
109593,더미학생09593,2,010-9095-9593,dummy09593@jnu.ac.kr,6,2
109594,더미학생09594,3,010-9095-9594,dummy09594@jnu.ac.kr,1,3
109595,더미학생09595,4,010-9095-9595,dummy09595@jnu.ac.kr,2,4
109596,더미학생09596,1,010-9095-9596,dummy09596@jnu.ac.kr,3,5
109597,더미학생09597,2,010-9095-9597,dummy09597@jnu.ac.kr,4,6
109598,더미학생09598,3,010-9095-9598,dummy09598@jnu.ac.kr,5,7
109599,더미학생09599,4,010-9095-9599,dummy09599@jnu.ac.kr,6,8
109600,더미학생09600,1,010-9096-9600,dummy09600@jnu.ac.kr,1,1
109601,더미학생09601,2,010-9096-9601,dummy09601@jnu.ac.kr,2,2
109602,더미학생09602,3,010-9096-9602,dummy09602@jnu.ac.kr,3,3
109603,더미학생09603,4,010-9096-9603,dummy09603@jnu.ac.kr,4,4
109604,더미학생09604,1,010-9096-9604,dummy09604@jnu.ac.kr,5,5
109605,더미학생09605,2,010-9096-9605,dummy09605@jnu.ac.kr,6,6
109606,더미학생09606,3,010-9096-9606,dummy09606@jnu.ac.kr,1,7
109607,더미학생09607,4,010-9096-9607,dummy09607@jnu.ac.kr,2,8
109608,더미학생09608,1,010-9096-9608,dummy09608@jnu.ac.kr,3,1
109609,더미학생09609,2,010-9096-9609,dummy09609@jnu.ac.kr,4,2
109610,더미학생09610,3,010-9096-9610,dummy09610@jnu.ac.kr,5,3
109611,더미학생09611,4,010-9096-9611,dummy09611@jnu.ac.kr,6,4
109612,더미학생09612,1,010-9096-9612,dummy09612@jnu.ac.kr,1,5
109613,더미학생09613,2,010-9096-9613,dummy09613@jnu.ac.kr,2,6
109614,더미학생09614,3,010-9096-9614,dummy09614@jnu.ac.kr,3,7
109615,더미학생09615,4,010-9096-9615,dummy09615@jnu.ac.kr,4,8
109616,더미학생09616,1,010-9096-9616,dummy09616@jnu.ac.kr,5,1
109617,더미학생09617,2,010-9096-9617,dummy09617@jnu.ac.kr,6,2
109618,더미학생09618,3,010-9096-9618,dummy09618@jnu.ac.kr,1,3
109619,더미학생09619,4,010-9096-9619,dummy09619@jnu.ac.kr,2,4
109620,더미학생09620,1,010-9096-9620,dummy09620@jnu.ac.kr,3,5
109621,더미학생09621,2,010-9096-9621,dummy09621@jnu.ac.kr,4,6
109622,더미학생09622,3,010-9096-9622,dummy09622@jnu.ac.kr,5,7
109623,더미학생09623,4,010-9096-9623,dummy09623@jnu.ac.kr,6,8
109624,더미학생09624,1,010-9096-9624,dummy09624@jnu.ac.kr,1,1
109625,더미학생09625,2,010-9096-9625,dummy09625@jnu.ac.kr,2,2
109626,더미학생09626,3,010-9096-9626,dummy09626@jnu.ac.kr,3,3
109627,더미학생09627,4,010-9096-9627,dummy09627@jnu.ac.kr,4,4
109628,더미학생09628,1,010-9096-9628,dummy09628@jnu.ac.kr,5,5
109629,더미학생09629,2,010-9096-9629,dummy09629@jnu.ac.kr,6,6
109630,더미학생09630,3,010-9096-9630,dummy09630@jnu.ac.kr,1,7
109631,더미학생09631,4,010-9096-9631,dummy09631@jnu.ac.kr,2,8
109632,더미학생09632,1,010-9096-9632,dummy09632@jnu.ac.kr,3,1
109633,더미학생09633,2,010-9096-9633,dummy09633@jnu.ac.kr,4,2
109634,더미학생09634,3,010-9096-9634,dummy09634@jnu.ac.kr,5,3
109635,더미학생09635,4,010-9096-9635,dummy09635@jnu.ac.kr,6,4
109636,더미학생09636,1,010-9096-9636,dummy09636@jnu.ac.kr,1,5
109637,더미학생09637,2,010-9096-9637,dummy09637@jnu.ac.kr,2,6
109638,더미학생09638,3,010-9096-9638,dummy09638@jnu.ac.kr,3,7
109639,더미학생09639,4,010-9096-9639,dummy09639@jnu.ac.kr,4,8
109640,더미학생09640,1,010-9096-9640,dummy09640@jnu.ac.kr,5,1
109641,더미학생09641,2,010-9096-9641,dummy09641@jnu.ac.kr,6,2
109642,더미학생09642,3,010-9096-9642,dummy09642@jnu.ac.kr,1,3
109643,더미학생09643,4,010-9096-9643,dummy09643@jnu.ac.kr,2,4
109644,더미학생09644,1,010-9096-9644,dummy09644@jnu.ac.kr,3,5
109645,더미학생09645,2,010-9096-9645,dummy09645@jnu.ac.kr,4,6
109646,더미학생09646,3,010-9096-9646,dummy09646@jnu.ac.kr,5,7
109647,더미학생09647,4,010-9096-9647,dummy09647@jnu.ac.kr,6,8
109648,더미학생09648,1,010-9096-9648,dummy09648@jnu.ac.kr,1,1
109649,더미학생09649,2,010-9096-9649,dummy09649@jnu.ac.kr,2,2
109650,더미학생09650,3,010-9096-9650,dummy09650@jnu.ac.kr,3,3
109651,더미학생09651,4,010-9096-9651,dummy09651@jnu.ac.kr,4,4
109652,더미학생09652,1,010-9096-9652,dummy09652@jnu.ac.kr,5,5
109653,더미학생09653,2,010-9096-9653,dummy09653@jnu.ac.kr,6,6
109654,더미학생09654,3,010-9096-9654,dummy09654@jnu.ac.kr,1,7
109655,더미학생09655,4,010-9096-9655,dummy09655@jnu.ac.kr,2,8
109656,더미학생09656,1,010-9096-9656,dummy09656@jnu.ac.kr,3,1
109657,더미학생09657,2,010-9096-9657,dummy09657@jnu.ac.kr,4,2
109658,더미학생09658,3,010-9096-9658,dummy09658@jnu.ac.kr,5,3
109659,더미학생09659,4,010-9096-9659,dummy09659@jnu.ac.kr,6,4
109660,더미학생09660,1,010-9096-9660,dummy09660@jnu.ac.kr,1,5
109661,더미학생09661,2,010-9096-9661,dummy09661@jnu.ac.kr,2,6
109662,더미학생09662,3,010-9096-9662,dummy09662@jnu.ac.kr,3,7
109663,더미학생09663,4,010-9096-9663,dummy09663@jnu.ac.kr,4,8
109664,더미학생09664,1,010-9096-9664,dummy09664@jnu.ac.kr,5,1
109665,더미학생09665,2,010-9096-9665,dummy09665@jnu.ac.kr,6,2
109666,더미학생09666,3,010-9096-9666,dummy09666@jnu.ac.kr,1,3
109667,더미학생09667,4,010-9096-9667,dummy09667@jnu.ac.kr,2,4
109668,더미학생09668,1,010-9096-9668,dummy09668@jnu.ac.kr,3,5
109669,더미학생09669,2,010-9096-9669,dummy09669@jnu.ac.kr,4,6
109670,더미학생09670,3,010-9096-9670,dummy09670@jnu.ac.kr,5,7
109671,더미학생09671,4,010-9096-9671,dummy09671@jnu.ac.kr,6,8
109672,더미학생09672,1,010-9096-9672,dummy09672@jnu.ac.kr,1,1
109673,더미학생09673,2,010-9096-9673,dummy09673@jnu.ac.kr,2,2
109674,더미학생09674,3,010-9096-9674,dummy09674@jnu.ac.kr,3,3
109675,더미학생09675,4,010-9096-9675,dummy09675@jnu.ac.kr,4,4
109676,더미학생09676,1,010-9096-9676,dummy09676@jnu.ac.kr,5,5
109677,더미학생09677,2,010-9096-9677,dummy09677@jnu.ac.kr,6,6
109678,더미학생09678,3,010-9096-9678,dummy09678@jnu.ac.kr,1,7
109679,더미학생09679,4,010-9096-9679,dummy09679@jnu.ac.kr,2,8
109680,더미학생09680,1,010-9096-9680,dummy09680@jnu.ac.kr,3,1
109681,더미학생09681,2,010-9096-9681,dummy09681@jnu.ac.kr,4,2
109682,더미학생09682,3,010-9096-9682,dummy09682@jnu.ac.kr,5,3
109683,더미학생09683,4,010-9096-9683,dummy09683@jnu.ac.kr,6,4
109684,더미학생09684,1,010-9096-9684,dummy09684@jnu.ac.kr,1,5
109685,더미학생09685,2,010-9096-9685,dummy09685@jnu.ac.kr,2,6
109686,더미학생09686,3,010-9096-9686,dummy09686@jnu.ac.kr,3,7
109687,더미학생09687,4,010-9096-9687,dummy09687@jnu.ac.kr,4,8
109688,더미학생09688,1,010-9096-9688,dummy09688@jnu.ac.kr,5,1
109689,더미학생09689,2,010-9096-9689,dummy09689@jnu.ac.kr,6,2
109690,더미학생09690,3,010-9096-9690,dummy09690@jnu.ac.kr,1,3
109691,더미학생09691,4,010-9096-9691,dummy09691@jnu.ac.kr,2,4
109692,더미학생09692,1,010-9096-9692,dummy09692@jnu.ac.kr,3,5
109693,더미학생09693,2,010-9096-9693,dummy09693@jnu.ac.kr,4,6
109694,더미학생09694,3,010-9096-9694,dummy09694@jnu.ac.kr,5,7
109695,더미학생09695,4,010-9096-9695,dummy09695@jnu.ac.kr,6,8
109696,더미학생09696,1,010-9096-9696,dummy09696@jnu.ac.kr,1,1
109697,더미학생09697,2,010-9096-9697,dummy09697@jnu.ac.kr,2,2
109698,더미학생09698,3,010-9096-9698,dummy09698@jnu.ac.kr,3,3
109699,더미학생09699,4,010-9096-9699,dummy09699@jnu.ac.kr,4,4
109700,더미학생09700,1,010-9097-9700,dummy09700@jnu.ac.kr,5,5
109701,더미학생09701,2,010-9097-9701,dummy09701@jnu.ac.kr,6,6
109702,더미학생09702,3,010-9097-9702,dummy09702@jnu.ac.kr,1,7
109703,더미학생09703,4,010-9097-9703,dummy09703@jnu.ac.kr,2,8
109704,더미학생09704,1,010-9097-9704,dummy09704@jnu.ac.kr,3,1
109705,더미학생09705,2,010-9097-9705,dummy09705@jnu.ac.kr,4,2
109706,더미학생09706,3,010-9097-9706,dummy09706@jnu.ac.kr,5,3
109707,더미학생09707,4,010-9097-9707,dummy09707@jnu.ac.kr,6,4
109708,더미학생09708,1,010-9097-9708,dummy09708@jnu.ac.kr,1,5
109709,더미학생09709,2,010-9097-9709,dummy09709@jnu.ac.kr,2,6
109710,더미학생09710,3,010-9097-9710,dummy09710@jnu.ac.kr,3,7
109711,더미학생09711,4,010-9097-9711,dummy09711@jnu.ac.kr,4,8
109712,더미학생09712,1,010-9097-9712,dummy09712@jnu.ac.kr,5,1
109713,더미학생09713,2,010-9097-9713,dummy09713@jnu.ac.kr,6,2
109714,더미학생09714,3,010-9097-9714,dummy09714@jnu.ac.kr,1,3
109715,더미학생09715,4,010-9097-9715,dummy09715@jnu.ac.kr,2,4
109716,더미학생09716,1,010-9097-9716,dummy09716@jnu.ac.kr,3,5
109717,더미학생09717,2,010-9097-9717,dummy09717@jnu.ac.kr,4,6
109718,더미학생09718,3,010-9097-9718,dummy09718@jnu.ac.kr,5,7
109719,더미학생09719,4,010-9097-9719,dummy09719@jnu.ac.kr,6,8
109720,더미학생09720,1,010-9097-9720,dummy09720@jnu.ac.kr,1,1
109721,더미학생09721,2,010-9097-9721,dummy09721@jnu.ac.kr,2,2
109722,더미학생09722,3,010-9097-9722,dummy09722@jnu.ac.kr,3,3
109723,더미학생09723,4,010-9097-9723,dummy09723@jnu.ac.kr,4,4
109724,더미학생09724,1,010-9097-9724,dummy09724@jnu.ac.kr,5,5
109725,더미학생09725,2,010-9097-9725,dummy09725@jnu.ac.kr,6,6
109726,더미학생09726,3,010-9097-9726,dummy09726@jnu.ac.kr,1,7
109727,더미학생09727,4,010-9097-9727,dummy09727@jnu.ac.kr,2,8
109728,더미학생09728,1,010-9097-9728,dummy09728@jnu.ac.kr,3,1
109729,더미학생09729,2,010-9097-9729,dummy09729@jnu.ac.kr,4,2
109730,더미학생09730,3,010-9097-9730,dummy09730@jnu.ac.kr,5,3
109731,더미학생09731,4,010-9097-9731,dummy09731@jnu.ac.kr,6,4
109732,더미학생09732,1,010-9097-9732,dummy09732@jnu.ac.kr,1,5
109733,더미학생09733,2,010-9097-9733,dummy09733@jnu.ac.kr,2,6
109734,더미학생09734,3,010-9097-9734,dummy09734@jnu.ac.kr,3,7
109735,더미학생09735,4,010-9097-9735,dummy09735@jnu.ac.kr,4,8
109736,더미학생09736,1,010-9097-9736,dummy09736@jnu.ac.kr,5,1
109737,더미학생09737,2,010-9097-9737,dummy09737@jnu.ac.kr,6,2
109738,더미학생09738,3,010-9097-9738,dummy09738@jnu.ac.kr,1,3
109739,더미학생09739,4,010-9097-9739,dummy09739@jnu.ac.kr,2,4
109740,더미학생09740,1,010-9097-9740,dummy09740@jnu.ac.kr,3,5
109741,더미학생09741,2,010-9097-9741,dummy09741@jnu.ac.kr,4,6
109742,더미학생09742,3,010-9097-9742,dummy09742@jnu.ac.kr,5,7
109743,더미학생09743,4,010-9097-9743,dummy09743@jnu.ac.kr,6,8
109744,더미학생09744,1,010-9097-9744,dummy09744@jnu.ac.kr,1,1
109745,더미학생09745,2,010-9097-9745,dummy09745@jnu.ac.kr,2,2
109746,더미학생09746,3,010-9097-9746,dummy09746@jnu.ac.kr,3,3
109747,더미학생09747,4,010-9097-9747,dummy09747@jnu.ac.kr,4,4
109748,더미학생09748,1,010-9097-9748,dummy09748@jnu.ac.kr,5,5
109749,더미학생09749,2,010-9097-9749,dummy09749@jnu.ac.kr,6,6
109750,더미학생09750,3,010-9097-9750,dummy09750@jnu.ac.kr,1,7
109751,더미학생09751,4,010-9097-9751,dummy09751@jnu.ac.kr,2,8
109752,더미학생09752,1,010-9097-9752,dummy09752@jnu.ac.kr,3,1
109753,더미학생09753,2,010-9097-9753,dummy09753@jnu.ac.kr,4,2
109754,더미학생09754,3,010-9097-9754,dummy09754@jnu.ac.kr,5,3
109755,더미학생09755,4,010-9097-9755,dummy09755@jnu.ac.kr,6,4
109756,더미학생09756,1,010-9097-9756,dummy09756@jnu.ac.kr,1,5
109757,더미학생09757,2,010-9097-9757,dummy09757@jnu.ac.kr,2,6
109758,더미학생09758,3,010-9097-9758,dummy09758@jnu.ac.kr,3,7
109759,더미학생09759,4,010-9097-9759,dummy09759@jnu.ac.kr,4,8
109760,더미학생09760,1,010-9097-9760,dummy09760@jnu.ac.kr,5,1
109761,더미학생09761,2,010-9097-9761,dummy09761@jnu.ac.kr,6,2
109762,더미학생09762,3,010-9097-9762,dummy09762@jnu.ac.kr,1,3
109763,더미학생09763,4,010-9097-9763,dummy09763@jnu.ac.kr,2,4
109764,더미학생09764,1,010-9097-9764,dummy09764@jnu.ac.kr,3,5
109765,더미학생09765,2,010-9097-9765,dummy09765@jnu.ac.kr,4,6
109766,더미학생09766,3,010-9097-9766,dummy09766@jnu.ac.kr,5,7
109767,더미학생09767,4,010-9097-9767,dummy09767@jnu.ac.kr,6,8
109768,더미학생09768,1,010-9097-9768,dummy09768@jnu.ac.kr,1,1
109769,더미학생09769,2,010-9097-9769,dummy09769@jnu.ac.kr,2,2
109770,더미학생09770,3,010-9097-9770,dummy09770@jnu.ac.kr,3,3
109771,더미학생09771,4,010-9097-9771,dummy09771@jnu.ac.kr,4,4
109772,더미학생09772,1,010-9097-9772,dummy09772@jnu.ac.kr,5,5
109773,더미학생09773,2,010-9097-9773,dummy09773@jnu.ac.kr,6,6
109774,더미학생09774,3,010-9097-9774,dummy09774@jnu.ac.kr,1,7
109775,더미학생09775,4,010-9097-9775,dummy09775@jnu.ac.kr,2,8
109776,더미학생09776,1,010-9097-9776,dummy09776@jnu.ac.kr,3,1
109777,더미학생09777,2,010-9097-9777,dummy09777@jnu.ac.kr,4,2
109778,더미학생09778,3,010-9097-9778,dummy09778@jnu.ac.kr,5,3
109779,더미학생09779,4,010-9097-9779,dummy09779@jnu.ac.kr,6,4
109780,더미학생09780,1,010-9097-9780,dummy09780@jnu.ac.kr,1,5
109781,더미학생09781,2,010-9097-9781,dummy09781@jnu.ac.kr,2,6
109782,더미학생09782,3,010-9097-9782,dummy09782@jnu.ac.kr,3,7
109783,더미학생09783,4,010-9097-9783,dummy09783@jnu.ac.kr,4,8
109784,더미학생09784,1,010-9097-9784,dummy09784@jnu.ac.kr,5,1
109785,더미학생09785,2,010-9097-9785,dummy09785@jnu.ac.kr,6,2
109786,더미학생09786,3,010-9097-9786,dummy09786@jnu.ac.kr,1,3
109787,더미학생09787,4,010-9097-9787,dummy09787@jnu.ac.kr,2,4
109788,더미학생09788,1,010-9097-9788,dummy09788@jnu.ac.kr,3,5
109789,더미학생09789,2,010-9097-9789,dummy09789@jnu.ac.kr,4,6
109790,더미학생09790,3,010-9097-9790,dummy09790@jnu.ac.kr,5,7
109791,더미학생09791,4,010-9097-9791,dummy09791@jnu.ac.kr,6,8
109792,더미학생09792,1,010-9097-9792,dummy09792@jnu.ac.kr,1,1
109793,더미학생09793,2,010-9097-9793,dummy09793@jnu.ac.kr,2,2
109794,더미학생09794,3,010-9097-9794,dummy09794@jnu.ac.kr,3,3
109795,더미학생09795,4,010-9097-9795,dummy09795@jnu.ac.kr,4,4
109796,더미학생09796,1,010-9097-9796,dummy09796@jnu.ac.kr,5,5
109797,더미학생09797,2,010-9097-9797,dummy09797@jnu.ac.kr,6,6
109798,더미학생09798,3,010-9097-9798,dummy09798@jnu.ac.kr,1,7
109799,더미학생09799,4,010-9097-9799,dummy09799@jnu.ac.kr,2,8
109800,더미학생09800,1,010-9098-9800,dummy09800@jnu.ac.kr,3,1
109801,더미학생09801,2,010-9098-9801,dummy09801@jnu.ac.kr,4,2
109802,더미학생09802,3,010-9098-9802,dummy09802@jnu.ac.kr,5,3
109803,더미학생09803,4,010-9098-9803,dummy09803@jnu.ac.kr,6,4
109804,더미학생09804,1,010-9098-9804,dummy09804@jnu.ac.kr,1,5
109805,더미학생09805,2,010-9098-9805,dummy09805@jnu.ac.kr,2,6
109806,더미학생09806,3,010-9098-9806,dummy09806@jnu.ac.kr,3,7
109807,더미학생09807,4,010-9098-9807,dummy09807@jnu.ac.kr,4,8
109808,더미학생09808,1,010-9098-9808,dummy09808@jnu.ac.kr,5,1
109809,더미학생09809,2,010-9098-9809,dummy09809@jnu.ac.kr,6,2
109810,더미학생09810,3,010-9098-9810,dummy09810@jnu.ac.kr,1,3
109811,더미학생09811,4,010-9098-9811,dummy09811@jnu.ac.kr,2,4
109812,더미학생09812,1,010-9098-9812,dummy09812@jnu.ac.kr,3,5
109813,더미학생09813,2,010-9098-9813,dummy09813@jnu.ac.kr,4,6
109814,더미학생09814,3,010-9098-9814,dummy09814@jnu.ac.kr,5,7
109815,더미학생09815,4,010-9098-9815,dummy09815@jnu.ac.kr,6,8
109816,더미학생09816,1,010-9098-9816,dummy09816@jnu.ac.kr,1,1
109817,더미학생09817,2,010-9098-9817,dummy09817@jnu.ac.kr,2,2
109818,더미학생09818,3,010-9098-9818,dummy09818@jnu.ac.kr,3,3
109819,더미학생09819,4,010-9098-9819,dummy09819@jnu.ac.kr,4,4
109820,더미학생09820,1,010-9098-9820,dummy09820@jnu.ac.kr,5,5
109821,더미학생09821,2,010-9098-9821,dummy09821@jnu.ac.kr,6,6
109822,더미학생09822,3,010-9098-9822,dummy09822@jnu.ac.kr,1,7
109823,더미학생09823,4,010-9098-9823,dummy09823@jnu.ac.kr,2,8
109824,더미학생09824,1,010-9098-9824,dummy09824@jnu.ac.kr,3,1
109825,더미학생09825,2,010-9098-9825,dummy09825@jnu.ac.kr,4,2
109826,더미학생09826,3,010-9098-9826,dummy09826@jnu.ac.kr,5,3
109827,더미학생09827,4,010-9098-9827,dummy09827@jnu.ac.kr,6,4
109828,더미학생09828,1,010-9098-9828,dummy09828@jnu.ac.kr,1,5
109829,더미학생09829,2,010-9098-9829,dummy09829@jnu.ac.kr,2,6
109830,더미학생09830,3,010-9098-9830,dummy09830@jnu.ac.kr,3,7
109831,더미학생09831,4,010-9098-9831,dummy09831@jnu.ac.kr,4,8
109832,더미학생09832,1,010-9098-9832,dummy09832@jnu.ac.kr,5,1
109833,더미학생09833,2,010-9098-9833,dummy09833@jnu.ac.kr,6,2
109834,더미학생09834,3,010-9098-9834,dummy09834@jnu.ac.kr,1,3
109835,더미학생09835,4,010-9098-9835,dummy09835@jnu.ac.kr,2,4
109836,더미학생09836,1,010-9098-9836,dummy09836@jnu.ac.kr,3,5
109837,더미학생09837,2,010-9098-9837,dummy09837@jnu.ac.kr,4,6
109838,더미학생09838,3,010-9098-9838,dummy09838@jnu.ac.kr,5,7
109839,더미학생09839,4,010-9098-9839,dummy09839@jnu.ac.kr,6,8
109840,더미학생09840,1,010-9098-9840,dummy09840@jnu.ac.kr,1,1
109841,더미학생09841,2,010-9098-9841,dummy09841@jnu.ac.kr,2,2
109842,더미학생09842,3,010-9098-9842,dummy09842@jnu.ac.kr,3,3
109843,더미학생09843,4,010-9098-9843,dummy09843@jnu.ac.kr,4,4
109844,더미학생09844,1,010-9098-9844,dummy09844@jnu.ac.kr,5,5
109845,더미학생09845,2,010-9098-9845,dummy09845@jnu.ac.kr,6,6
109846,더미학생09846,3,010-9098-9846,dummy09846@jnu.ac.kr,1,7
109847,더미학생09847,4,010-9098-9847,dummy09847@jnu.ac.kr,2,8
109848,더미학생09848,1,010-9098-9848,dummy09848@jnu.ac.kr,3,1
109849,더미학생09849,2,010-9098-9849,dummy09849@jnu.ac.kr,4,2
109850,더미학생09850,3,010-9098-9850,dummy09850@jnu.ac.kr,5,3
109851,더미학생09851,4,010-9098-9851,dummy09851@jnu.ac.kr,6,4
109852,더미학생09852,1,010-9098-9852,dummy09852@jnu.ac.kr,1,5
109853,더미학생09853,2,010-9098-9853,dummy09853@jnu.ac.kr,2,6
109854,더미학생09854,3,010-9098-9854,dummy09854@jnu.ac.kr,3,7
109855,더미학생09855,4,010-9098-9855,dummy09855@jnu.ac.kr,4,8
109856,더미학생09856,1,010-9098-9856,dummy09856@jnu.ac.kr,5,1
109857,더미학생09857,2,010-9098-9857,dummy09857@jnu.ac.kr,6,2
109858,더미학생09858,3,010-9098-9858,dummy09858@jnu.ac.kr,1,3
109859,더미학생09859,4,010-9098-9859,dummy09859@jnu.ac.kr,2,4
109860,더미학생09860,1,010-9098-9860,dummy09860@jnu.ac.kr,3,5
109861,더미학생09861,2,010-9098-9861,dummy09861@jnu.ac.kr,4,6
109862,더미학생09862,3,010-9098-9862,dummy09862@jnu.ac.kr,5,7
109863,더미학생09863,4,010-9098-9863,dummy09863@jnu.ac.kr,6,8
109864,더미학생09864,1,010-9098-9864,dummy09864@jnu.ac.kr,1,1
109865,더미학생09865,2,010-9098-9865,dummy09865@jnu.ac.kr,2,2
109866,더미학생09866,3,010-9098-9866,dummy09866@jnu.ac.kr,3,3
109867,더미학생09867,4,010-9098-9867,dummy09867@jnu.ac.kr,4,4
109868,더미학생09868,1,010-9098-9868,dummy09868@jnu.ac.kr,5,5
109869,더미학생09869,2,010-9098-9869,dummy09869@jnu.ac.kr,6,6
109870,더미학생09870,3,010-9098-9870,dummy09870@jnu.ac.kr,1,7
109871,더미학생09871,4,010-9098-9871,dummy09871@jnu.ac.kr,2,8
109872,더미학생09872,1,010-9098-9872,dummy09872@jnu.ac.kr,3,1
109873,더미학생09873,2,010-9098-9873,dummy09873@jnu.ac.kr,4,2
109874,더미학생09874,3,010-9098-9874,dummy09874@jnu.ac.kr,5,3
109875,더미학생09875,4,010-9098-9875,dummy09875@jnu.ac.kr,6,4
109876,더미학생09876,1,010-9098-9876,dummy09876@jnu.ac.kr,1,5
109877,더미학생09877,2,010-9098-9877,dummy09877@jnu.ac.kr,2,6
109878,더미학생09878,3,010-9098-9878,dummy09878@jnu.ac.kr,3,7
109879,더미학생09879,4,010-9098-9879,dummy09879@jnu.ac.kr,4,8
109880,더미학생09880,1,010-9098-9880,dummy09880@jnu.ac.kr,5,1
109881,더미학생09881,2,010-9098-9881,dummy09881@jnu.ac.kr,6,2
109882,더미학생09882,3,010-9098-9882,dummy09882@jnu.ac.kr,1,3
109883,더미학생09883,4,010-9098-9883,dummy09883@jnu.ac.kr,2,4
109884,더미학생09884,1,010-9098-9884,dummy09884@jnu.ac.kr,3,5
109885,더미학생09885,2,010-9098-9885,dummy09885@jnu.ac.kr,4,6
109886,더미학생09886,3,010-9098-9886,dummy09886@jnu.ac.kr,5,7
109887,더미학생09887,4,010-9098-9887,dummy09887@jnu.ac.kr,6,8
109888,더미학생09888,1,010-9098-9888,dummy09888@jnu.ac.kr,1,1
109889,더미학생09889,2,010-9098-9889,dummy09889@jnu.ac.kr,2,2
109890,더미학생09890,3,010-9098-9890,dummy09890@jnu.ac.kr,3,3
109891,더미학생09891,4,010-9098-9891,dummy09891@jnu.ac.kr,4,4
109892,더미학생09892,1,010-9098-9892,dummy09892@jnu.ac.kr,5,5
109893,더미학생09893,2,010-9098-9893,dummy09893@jnu.ac.kr,6,6
109894,더미학생09894,3,010-9098-9894,dummy09894@jnu.ac.kr,1,7
109895,더미학생09895,4,010-9098-9895,dummy09895@jnu.ac.kr,2,8
109896,더미학생09896,1,010-9098-9896,dummy09896@jnu.ac.kr,3,1
109897,더미학생09897,2,010-9098-9897,dummy09897@jnu.ac.kr,4,2
109898,더미학생09898,3,010-9098-9898,dummy09898@jnu.ac.kr,5,3
109899,더미학생09899,4,010-9098-9899,dummy09899@jnu.ac.kr,6,4
109900,더미학생09900,1,010-9099-9900,dummy09900@jnu.ac.kr,1,5
109901,더미학생09901,2,010-9099-9901,dummy09901@jnu.ac.kr,2,6
109902,더미학생09902,3,010-9099-9902,dummy09902@jnu.ac.kr,3,7
109903,더미학생09903,4,010-9099-9903,dummy09903@jnu.ac.kr,4,8
109904,더미학생09904,1,010-9099-9904,dummy09904@jnu.ac.kr,5,1
109905,더미학생09905,2,010-9099-9905,dummy09905@jnu.ac.kr,6,2
109906,더미학생09906,3,010-9099-9906,dummy09906@jnu.ac.kr,1,3
109907,더미학생09907,4,010-9099-9907,dummy09907@jnu.ac.kr,2,4
109908,더미학생09908,1,010-9099-9908,dummy09908@jnu.ac.kr,3,5
109909,더미학생09909,2,010-9099-9909,dummy09909@jnu.ac.kr,4,6
109910,더미학생09910,3,010-9099-9910,dummy09910@jnu.ac.kr,5,7
109911,더미학생09911,4,010-9099-9911,dummy09911@jnu.ac.kr,6,8
109912,더미학생09912,1,010-9099-9912,dummy09912@jnu.ac.kr,1,1
109913,더미학생09913,2,010-9099-9913,dummy09913@jnu.ac.kr,2,2
109914,더미학생09914,3,010-9099-9914,dummy09914@jnu.ac.kr,3,3
109915,더미학생09915,4,010-9099-9915,dummy09915@jnu.ac.kr,4,4
109916,더미학생09916,1,010-9099-9916,dummy09916@jnu.ac.kr,5,5
109917,더미학생09917,2,010-9099-9917,dummy09917@jnu.ac.kr,6,6
109918,더미학생09918,3,010-9099-9918,dummy09918@jnu.ac.kr,1,7
109919,더미학생09919,4,010-9099-9919,dummy09919@jnu.ac.kr,2,8
109920,더미학생09920,1,010-9099-9920,dummy09920@jnu.ac.kr,3,1
109921,더미학생09921,2,010-9099-9921,dummy09921@jnu.ac.kr,4,2
109922,더미학생09922,3,010-9099-9922,dummy09922@jnu.ac.kr,5,3
109923,더미학생09923,4,010-9099-9923,dummy09923@jnu.ac.kr,6,4
109924,더미학생09924,1,010-9099-9924,dummy09924@jnu.ac.kr,1,5
109925,더미학생09925,2,010-9099-9925,dummy09925@jnu.ac.kr,2,6
109926,더미학생09926,3,010-9099-9926,dummy09926@jnu.ac.kr,3,7
109927,더미학생09927,4,010-9099-9927,dummy09927@jnu.ac.kr,4,8
109928,더미학생09928,1,010-9099-9928,dummy09928@jnu.ac.kr,5,1
109929,더미학생09929,2,010-9099-9929,dummy09929@jnu.ac.kr,6,2
109930,더미학생09930,3,010-9099-9930,dummy09930@jnu.ac.kr,1,3
109931,더미학생09931,4,010-9099-9931,dummy09931@jnu.ac.kr,2,4
109932,더미학생09932,1,010-9099-9932,dummy09932@jnu.ac.kr,3,5
109933,더미학생09933,2,010-9099-9933,dummy09933@jnu.ac.kr,4,6
109934,더미학생09934,3,010-9099-9934,dummy09934@jnu.ac.kr,5,7
109935,더미학생09935,4,010-9099-9935,dummy09935@jnu.ac.kr,6,8
109936,더미학생09936,1,010-9099-9936,dummy09936@jnu.ac.kr,1,1
109937,더미학생09937,2,010-9099-9937,dummy09937@jnu.ac.kr,2,2
109938,더미학생09938,3,010-9099-9938,dummy09938@jnu.ac.kr,3,3
109939,더미학생09939,4,010-9099-9939,dummy09939@jnu.ac.kr,4,4
109940,더미학생09940,1,010-9099-9940,dummy09940@jnu.ac.kr,5,5
109941,더미학생09941,2,010-9099-9941,dummy09941@jnu.ac.kr,6,6
109942,더미학생09942,3,010-9099-9942,dummy09942@jnu.ac.kr,1,7
109943,더미학생09943,4,010-9099-9943,dummy09943@jnu.ac.kr,2,8
109944,더미학생09944,1,010-9099-9944,dummy09944@jnu.ac.kr,3,1
109945,더미학생09945,2,010-9099-9945,dummy09945@jnu.ac.kr,4,2
109946,더미학생09946,3,010-9099-9946,dummy09946@jnu.ac.kr,5,3
109947,더미학생09947,4,010-9099-9947,dummy09947@jnu.ac.kr,6,4
109948,더미학생09948,1,010-9099-9948,dummy09948@jnu.ac.kr,1,5
109949,더미학생09949,2,010-9099-9949,dummy09949@jnu.ac.kr,2,6
109950,더미학생09950,3,010-9099-9950,dummy09950@jnu.ac.kr,3,7
109951,더미학생09951,4,010-9099-9951,dummy09951@jnu.ac.kr,4,8
109952,더미학생09952,1,010-9099-9952,dummy09952@jnu.ac.kr,5,1
109953,더미학생09953,2,010-9099-9953,dummy09953@jnu.ac.kr,6,2
109954,더미학생09954,3,010-9099-9954,dummy09954@jnu.ac.kr,1,3
109955,더미학생09955,4,010-9099-9955,dummy09955@jnu.ac.kr,2,4
109956,더미학생09956,1,010-9099-9956,dummy09956@jnu.ac.kr,3,5
109957,더미학생09957,2,010-9099-9957,dummy09957@jnu.ac.kr,4,6
109958,더미학생09958,3,010-9099-9958,dummy09958@jnu.ac.kr,5,7
109959,더미학생09959,4,010-9099-9959,dummy09959@jnu.ac.kr,6,8
109960,더미학생09960,1,010-9099-9960,dummy09960@jnu.ac.kr,1,1
109961,더미학생09961,2,010-9099-9961,dummy09961@jnu.ac.kr,2,2
109962,더미학생09962,3,010-9099-9962,dummy09962@jnu.ac.kr,3,3
109963,더미학생09963,4,010-9099-9963,dummy09963@jnu.ac.kr,4,4
109964,더미학생09964,1,010-9099-9964,dummy09964@jnu.ac.kr,5,5
109965,더미학생09965,2,010-9099-9965,dummy09965@jnu.ac.kr,6,6
109966,더미학생09966,3,010-9099-9966,dummy09966@jnu.ac.kr,1,7
109967,더미학생09967,4,010-9099-9967,dummy09967@jnu.ac.kr,2,8
109968,더미학생09968,1,010-9099-9968,dummy09968@jnu.ac.kr,3,1
109969,더미학생09969,2,010-9099-9969,dummy09969@jnu.ac.kr,4,2
109970,더미학생09970,3,010-9099-9970,dummy09970@jnu.ac.kr,5,3
109971,더미학생09971,4,010-9099-9971,dummy09971@jnu.ac.kr,6,4
109972,더미학생09972,1,010-9099-9972,dummy09972@jnu.ac.kr,1,5
109973,더미학생09973,2,010-9099-9973,dummy09973@jnu.ac.kr,2,6
109974,더미학생09974,3,010-9099-9974,dummy09974@jnu.ac.kr,3,7
109975,더미학생09975,4,010-9099-9975,dummy09975@jnu.ac.kr,4,8
109976,더미학생09976,1,010-9099-9976,dummy09976@jnu.ac.kr,5,1
109977,더미학생09977,2,010-9099-9977,dummy09977@jnu.ac.kr,6,2
109978,더미학생09978,3,010-9099-9978,dummy09978@jnu.ac.kr,1,3
109979,더미학생09979,4,010-9099-9979,dummy09979@jnu.ac.kr,2,4
109980,더미학생09980,1,010-9099-9980,dummy09980@jnu.ac.kr,3,5
109981,더미학생09981,2,010-9099-9981,dummy09981@jnu.ac.kr,4,6
109982,더미학생09982,3,010-9099-9982,dummy09982@jnu.ac.kr,5,7
109983,더미학생09983,4,010-9099-9983,dummy09983@jnu.ac.kr,6,8
109984,더미학생09984,1,010-9099-9984,dummy09984@jnu.ac.kr,1,1
109985,더미학생09985,2,010-9099-9985,dummy09985@jnu.ac.kr,2,2
109986,더미학생09986,3,010-9099-9986,dummy09986@jnu.ac.kr,3,3
109987,더미학생09987,4,010-9099-9987,dummy09987@jnu.ac.kr,4,4
109988,더미학생09988,1,010-9099-9988,dummy09988@jnu.ac.kr,5,5
109989,더미학생09989,2,010-9099-9989,dummy09989@jnu.ac.kr,6,6
109990,더미학생09990,3,010-9099-9990,dummy09990@jnu.ac.kr,1,7
109991,더미학생09991,4,010-9099-9991,dummy09991@jnu.ac.kr,2,8
109992,더미학생09992,1,010-9099-9992,dummy09992@jnu.ac.kr,3,1
109993,더미학생09993,2,010-9099-9993,dummy09993@jnu.ac.kr,4,2
109994,더미학생09994,3,010-9099-9994,dummy09994@jnu.ac.kr,5,3
109995,더미학생09995,4,010-9099-9995,dummy09995@jnu.ac.kr,6,4
109996,더미학생09996,1,010-9099-9996,dummy09996@jnu.ac.kr,1,5
109997,더미학생09997,2,010-9099-9997,dummy09997@jnu.ac.kr,2,6
109998,더미학생09998,3,010-9099-9998,dummy09998@jnu.ac.kr,3,7
109999,더미학생09999,4,010-9099-9999,dummy09999@jnu.ac.kr,4,8
110000,더미학생10000,1,010-9100-0000,dummy10000@jnu.ac.kr,5,1
